odds_game_id,scraped_at,commence_time,home_team,away_team,home_team_id,away_team_id,bookmaker,market,outcome_name,price,point
3313dcc5e91f9a2dda995a5e36e55f52,2026-08-29T20:03:14Z,2026-08-29T19:00:00Z,USC Trojans,San Jose State Spartans,30.0,23.0,draftkings,spreads,San Jose State Spartans,-105.0,36.5
3313dcc5e91f9a2dda995a5e36e55f52,2026-08-29T20:03:14Z,2026-08-29T19:00:00Z,USC Trojans,San Jose State Spartans,30.0,23.0,draftkings,spreads,USC Trojans,-125.0,-36.5
3313dcc5e91f9a2dda995a5e36e55f52,2026-08-29T20:03:14Z,2026-08-29T19:00:00Z,USC Trojans,San Jose State Spartans,30.0,23.0,draftkings,totals,Over,-115.0,51.5
3313dcc5e91f9a2dda995a5e36e55f52,2026-08-29T20:03:14Z,2026-08-29T19:00:00Z,USC Trojans,San Jose State Spartans,30.0,23.0,draftkings,totals,Under,-115.0,51.5
3313dcc5e91f9a2dda995a5e36e55f52,2026-08-29T20:03:14Z,2026-08-29T19:00:00Z,USC Trojans,San Jose State Spartans,30.0,23.0,bovada,spreads,San Jose State Spartans,-110.0,35.5
3313dcc5e91f9a2dda995a5e36e55f52,2026-08-29T20:03:14Z,2026-08-29T19:00:00Z,USC Trojans,San Jose State Spartans,30.0,23.0,bovada,spreads,USC Trojans,-120.0,-35.5
3313dcc5e91f9a2dda995a5e36e55f52,2026-08-29T20:03:14Z,2026-08-29T19:00:00Z,USC Trojans,San Jose State Spartans,30.0,23.0,bovada,totals,Over,-110.0,50.5
3313dcc5e91f9a2dda995a5e36e55f52,2026-08-29T20:03:14Z,2026-08-29T19:00:00Z,USC Trojans,San Jose State Spartans,30.0,23.0,bovada,totals,Under,-120.0,50.5
3313dcc5e91f9a2dda995a5e36e55f52,2026-08-29T20:03:14Z,2026-08-29T19:00:00Z,USC Trojans,San Jose State Spartans,30.0,23.0,fanduel,spreads,San Jose State Spartans,-106.0,35.5
3313dcc5e91f9a2dda995a5e36e55f52,2026-08-29T20:03:14Z,2026-08-29T19:00:00Z,USC Trojans,San Jose State Spartans,30.0,23.0,fanduel,spreads,USC Trojans,-125.0,-35.5
3313dcc5e91f9a2dda995a5e36e55f52,2026-08-29T20:03:14Z,2026-08-29T19:00:00Z,USC Trojans,San Jose State Spartans,30.0,23.0,fanduel,totals,Over,-112.0,51.5
3313dcc5e91f9a2dda995a5e36e55f52,2026-08-29T20:03:14Z,2026-08-29T19:00:00Z,USC Trojans,San Jose State Spartans,30.0,23.0,fanduel,totals,Under,-118.0,51.5
3313dcc5e91f9a2dda995a5e36e55f52,2026-08-29T20:03:14Z,2026-08-29T19:00:00Z,USC Trojans,San Jose State Spartans,30.0,23.0,betmgm,spreads,San Jose State Spartans,-135.0,35.5
3313dcc5e91f9a2dda995a5e36e55f52,2026-08-29T20:03:14Z,2026-08-29T19:00:00Z,USC Trojans,San Jose State Spartans,30.0,23.0,betmgm,spreads,USC Trojans,100.0,-35.5
3313dcc5e91f9a2dda995a5e36e55f52,2026-08-29T20:03:14Z,2026-08-29T19:00:00Z,USC Trojans,San Jose State Spartans,30.0,23.0,betmgm,totals,Over,-115.0,49.5
3313dcc5e91f9a2dda995a5e36e55f52,2026-08-29T20:03:14Z,2026-08-29T19:00:00Z,USC Trojans,San Jose State Spartans,30.0,23.0,betmgm,totals,Under,-115.0,49.5
123a238486098cc9e8f71fea0cf4e7b0,2026-08-29T20:03:14Z,2026-08-29T19:45:00Z,Virginia Cavaliers,NC State Wolfpack,258.0,152.0,fanduel,h2h,NC State Wolfpack,196.0,
123a238486098cc9e8f71fea0cf4e7b0,2026-08-29T20:03:14Z,2026-08-29T19:45:00Z,Virginia Cavaliers,NC State Wolfpack,258.0,152.0,fanduel,h2h,Virginia Cavaliers,-260.0,
123a238486098cc9e8f71fea0cf4e7b0,2026-08-29T20:03:14Z,2026-08-29T19:45:00Z,Virginia Cavaliers,NC State Wolfpack,258.0,152.0,fanduel,spreads,NC State Wolfpack,-120.0,6.5
123a238486098cc9e8f71fea0cf4e7b0,2026-08-29T20:03:14Z,2026-08-29T19:45:00Z,Virginia Cavaliers,NC State Wolfpack,258.0,152.0,fanduel,spreads,Virginia Cavaliers,-110.0,-6.5
123a238486098cc9e8f71fea0cf4e7b0,2026-08-29T20:03:14Z,2026-08-29T19:45:00Z,Virginia Cavaliers,NC State Wolfpack,258.0,152.0,fanduel,totals,Over,-136.0,43.5
123a238486098cc9e8f71fea0cf4e7b0,2026-08-29T20:03:14Z,2026-08-29T19:45:00Z,Virginia Cavaliers,NC State Wolfpack,258.0,152.0,fanduel,totals,Under,102.0,43.5
123a238486098cc9e8f71fea0cf4e7b0,2026-08-29T20:03:14Z,2026-08-29T19:45:00Z,Virginia Cavaliers,NC State Wolfpack,258.0,152.0,bovada,h2h,NC State Wolfpack,230.0,
123a238486098cc9e8f71fea0cf4e7b0,2026-08-29T20:03:14Z,2026-08-29T19:45:00Z,Virginia Cavaliers,NC State Wolfpack,258.0,152.0,bovada,h2h,Virginia Cavaliers,-325.0,
123a238486098cc9e8f71fea0cf4e7b0,2026-08-29T20:03:14Z,2026-08-29T19:45:00Z,Virginia Cavaliers,NC State Wolfpack,258.0,152.0,bovada,spreads,NC State Wolfpack,-110.0,6.5
123a238486098cc9e8f71fea0cf4e7b0,2026-08-29T20:03:14Z,2026-08-29T19:45:00Z,Virginia Cavaliers,NC State Wolfpack,258.0,152.0,bovada,spreads,Virginia Cavaliers,-120.0,-6.5
123a238486098cc9e8f71fea0cf4e7b0,2026-08-29T20:03:14Z,2026-08-29T19:45:00Z,Virginia Cavaliers,NC State Wolfpack,258.0,152.0,bovada,totals,Over,-115.0,44.5
123a238486098cc9e8f71fea0cf4e7b0,2026-08-29T20:03:14Z,2026-08-29T19:45:00Z,Virginia Cavaliers,NC State Wolfpack,258.0,152.0,bovada,totals,Under,-115.0,44.5
123a238486098cc9e8f71fea0cf4e7b0,2026-08-29T20:03:14Z,2026-08-29T19:45:00Z,Virginia Cavaliers,NC State Wolfpack,258.0,152.0,draftkings,h2h,NC State Wolfpack,230.0,
123a238486098cc9e8f71fea0cf4e7b0,2026-08-29T20:03:14Z,2026-08-29T19:45:00Z,Virginia Cavaliers,NC State Wolfpack,258.0,152.0,draftkings,h2h,Virginia Cavaliers,-315.0,
123a238486098cc9e8f71fea0cf4e7b0,2026-08-29T20:03:14Z,2026-08-29T19:45:00Z,Virginia Cavaliers,NC State Wolfpack,258.0,152.0,draftkings,spreads,NC State Wolfpack,-110.0,6.5
123a238486098cc9e8f71fea0cf4e7b0,2026-08-29T20:03:14Z,2026-08-29T19:45:00Z,Virginia Cavaliers,NC State Wolfpack,258.0,152.0,draftkings,spreads,Virginia Cavaliers,-120.0,-6.5
123a238486098cc9e8f71fea0cf4e7b0,2026-08-29T20:03:14Z,2026-08-29T19:45:00Z,Virginia Cavaliers,NC State Wolfpack,258.0,152.0,draftkings,totals,Over,-105.0,44.5
123a238486098cc9e8f71fea0cf4e7b0,2026-08-29T20:03:14Z,2026-08-29T19:45:00Z,Virginia Cavaliers,NC State Wolfpack,258.0,152.0,draftkings,totals,Under,-125.0,44.5
123a238486098cc9e8f71fea0cf4e7b0,2026-08-29T20:03:14Z,2026-08-29T19:45:00Z,Virginia Cavaliers,NC State Wolfpack,258.0,152.0,betmgm,h2h,NC State Wolfpack,210.0,
123a238486098cc9e8f71fea0cf4e7b0,2026-08-29T20:03:14Z,2026-08-29T19:45:00Z,Virginia Cavaliers,NC State Wolfpack,258.0,152.0,betmgm,h2h,Virginia Cavaliers,-275.0,
123a238486098cc9e8f71fea0cf4e7b0,2026-08-29T20:03:14Z,2026-08-29T19:45:00Z,Virginia Cavaliers,NC State Wolfpack,258.0,152.0,betmgm,spreads,NC State Wolfpack,-105.0,6.5
123a238486098cc9e8f71fea0cf4e7b0,2026-08-29T20:03:14Z,2026-08-29T19:45:00Z,Virginia Cavaliers,NC State Wolfpack,258.0,152.0,betmgm,spreads,Virginia Cavaliers,-115.0,-6.5
123a238486098cc9e8f71fea0cf4e7b0,2026-08-29T20:03:14Z,2026-08-29T19:45:00Z,Virginia Cavaliers,NC State Wolfpack,258.0,152.0,betmgm,totals,Over,-108.0,44.5
123a238486098cc9e8f71fea0cf4e7b0,2026-08-29T20:03:14Z,2026-08-29T19:45:00Z,Virginia Cavaliers,NC State Wolfpack,258.0,152.0,betmgm,totals,Under,-125.0,44.5
123a238486098cc9e8f71fea0cf4e7b0,2026-08-29T20:03:14Z,2026-08-29T19:45:00Z,Virginia Cavaliers,NC State Wolfpack,258.0,152.0,mybookieag,h2h,NC State Wolfpack,190.0,
123a238486098cc9e8f71fea0cf4e7b0,2026-08-29T20:03:14Z,2026-08-29T19:45:00Z,Virginia Cavaliers,NC State Wolfpack,258.0,152.0,mybookieag,h2h,Virginia Cavaliers,-250.0,
123a238486098cc9e8f71fea0cf4e7b0,2026-08-29T20:03:14Z,2026-08-29T19:45:00Z,Virginia Cavaliers,NC State Wolfpack,258.0,152.0,mybookieag,spreads,NC State Wolfpack,-111.0,6.5
123a238486098cc9e8f71fea0cf4e7b0,2026-08-29T20:03:14Z,2026-08-29T19:45:00Z,Virginia Cavaliers,NC State Wolfpack,258.0,152.0,mybookieag,spreads,Virginia Cavaliers,-111.0,-6.5
123a238486098cc9e8f71fea0cf4e7b0,2026-08-29T20:03:14Z,2026-08-29T19:45:00Z,Virginia Cavaliers,NC State Wolfpack,258.0,152.0,mybookieag,totals,Over,-111.0,44.5
123a238486098cc9e8f71fea0cf4e7b0,2026-08-29T20:03:14Z,2026-08-29T19:45:00Z,Virginia Cavaliers,NC State Wolfpack,258.0,152.0,mybookieag,totals,Under,-118.0,44.5
b9d8d9eeb4afdebe9f91de7f8253eb07,2026-08-29T20:03:14Z,2026-08-29T21:30:00Z,North Dakota State Bison,Jacksonville State Gamecocks,,55.0,draftkings,h2h,Jacksonville State Gamecocks,215.0,
b9d8d9eeb4afdebe9f91de7f8253eb07,2026-08-29T20:03:14Z,2026-08-29T21:30:00Z,North Dakota State Bison,Jacksonville State Gamecocks,,55.0,draftkings,h2h,North Dakota State Bison,-265.0,
b9d8d9eeb4afdebe9f91de7f8253eb07,2026-08-29T20:03:14Z,2026-08-29T21:30:00Z,North Dakota State Bison,Jacksonville State Gamecocks,,55.0,draftkings,spreads,Jacksonville State Gamecocks,100.0,6.5
b9d8d9eeb4afdebe9f91de7f8253eb07,2026-08-29T20:03:14Z,2026-08-29T21:30:00Z,North Dakota State Bison,Jacksonville State Gamecocks,,55.0,draftkings,spreads,North Dakota State Bison,-120.0,-6.5
b9d8d9eeb4afdebe9f91de7f8253eb07,2026-08-29T20:03:14Z,2026-08-29T21:30:00Z,North Dakota State Bison,Jacksonville State Gamecocks,,55.0,draftkings,totals,Over,-112.0,46.5
b9d8d9eeb4afdebe9f91de7f8253eb07,2026-08-29T20:03:14Z,2026-08-29T21:30:00Z,North Dakota State Bison,Jacksonville State Gamecocks,,55.0,draftkings,totals,Under,-108.0,46.5
b9d8d9eeb4afdebe9f91de7f8253eb07,2026-08-29T20:03:14Z,2026-08-29T21:30:00Z,North Dakota State Bison,Jacksonville State Gamecocks,,55.0,betonlineag,h2h,Jacksonville State Gamecocks,215.0,
b9d8d9eeb4afdebe9f91de7f8253eb07,2026-08-29T20:03:14Z,2026-08-29T21:30:00Z,North Dakota State Bison,Jacksonville State Gamecocks,,55.0,betonlineag,h2h,North Dakota State Bison,-260.0,
b9d8d9eeb4afdebe9f91de7f8253eb07,2026-08-29T20:03:14Z,2026-08-29T21:30:00Z,North Dakota State Bison,Jacksonville State Gamecocks,,55.0,betonlineag,spreads,Jacksonville State Gamecocks,-105.0,6.5
b9d8d9eeb4afdebe9f91de7f8253eb07,2026-08-29T20:03:14Z,2026-08-29T21:30:00Z,North Dakota State Bison,Jacksonville State Gamecocks,,55.0,betonlineag,spreads,North Dakota State Bison,-115.0,-6.5
b9d8d9eeb4afdebe9f91de7f8253eb07,2026-08-29T20:03:14Z,2026-08-29T21:30:00Z,North Dakota State Bison,Jacksonville State Gamecocks,,55.0,betonlineag,totals,Over,-110.0,46.5
b9d8d9eeb4afdebe9f91de7f8253eb07,2026-08-29T20:03:14Z,2026-08-29T21:30:00Z,North Dakota State Bison,Jacksonville State Gamecocks,,55.0,betonlineag,totals,Under,-110.0,46.5
b9d8d9eeb4afdebe9f91de7f8253eb07,2026-08-29T20:03:14Z,2026-08-29T21:30:00Z,North Dakota State Bison,Jacksonville State Gamecocks,,55.0,lowvig,h2h,Jacksonville State Gamecocks,215.0,
b9d8d9eeb4afdebe9f91de7f8253eb07,2026-08-29T20:03:14Z,2026-08-29T21:30:00Z,North Dakota State Bison,Jacksonville State Gamecocks,,55.0,lowvig,h2h,North Dakota State Bison,-260.0,
b9d8d9eeb4afdebe9f91de7f8253eb07,2026-08-29T20:03:14Z,2026-08-29T21:30:00Z,North Dakota State Bison,Jacksonville State Gamecocks,,55.0,lowvig,spreads,Jacksonville State Gamecocks,-101.0,6.5
b9d8d9eeb4afdebe9f91de7f8253eb07,2026-08-29T20:03:14Z,2026-08-29T21:30:00Z,North Dakota State Bison,Jacksonville State Gamecocks,,55.0,lowvig,spreads,North Dakota State Bison,-111.0,-6.5
b9d8d9eeb4afdebe9f91de7f8253eb07,2026-08-29T20:03:14Z,2026-08-29T21:30:00Z,North Dakota State Bison,Jacksonville State Gamecocks,,55.0,lowvig,totals,Over,-108.0,46.5
b9d8d9eeb4afdebe9f91de7f8253eb07,2026-08-29T20:03:14Z,2026-08-29T21:30:00Z,North Dakota State Bison,Jacksonville State Gamecocks,,55.0,lowvig,totals,Under,-108.0,46.5
b9d8d9eeb4afdebe9f91de7f8253eb07,2026-08-29T20:03:14Z,2026-08-29T21:30:00Z,North Dakota State Bison,Jacksonville State Gamecocks,,55.0,betus,h2h,Jacksonville State Gamecocks,218.0,
b9d8d9eeb4afdebe9f91de7f8253eb07,2026-08-29T20:03:14Z,2026-08-29T21:30:00Z,North Dakota State Bison,Jacksonville State Gamecocks,,55.0,betus,h2h,North Dakota State Bison,-260.0,
b9d8d9eeb4afdebe9f91de7f8253eb07,2026-08-29T20:03:14Z,2026-08-29T21:30:00Z,North Dakota State Bison,Jacksonville State Gamecocks,,55.0,betus,spreads,Jacksonville State Gamecocks,-105.0,6.5
b9d8d9eeb4afdebe9f91de7f8253eb07,2026-08-29T20:03:14Z,2026-08-29T21:30:00Z,North Dakota State Bison,Jacksonville State Gamecocks,,55.0,betus,spreads,North Dakota State Bison,-115.0,-6.5
b9d8d9eeb4afdebe9f91de7f8253eb07,2026-08-29T20:03:14Z,2026-08-29T21:30:00Z,North Dakota State Bison,Jacksonville State Gamecocks,,55.0,betus,totals,Over,-110.0,46.5
b9d8d9eeb4afdebe9f91de7f8253eb07,2026-08-29T20:03:14Z,2026-08-29T21:30:00Z,North Dakota State Bison,Jacksonville State Gamecocks,,55.0,betus,totals,Under,-110.0,46.5
b9d8d9eeb4afdebe9f91de7f8253eb07,2026-08-29T20:03:14Z,2026-08-29T21:30:00Z,North Dakota State Bison,Jacksonville State Gamecocks,,55.0,bovada,h2h,Jacksonville State Gamecocks,225.0,
b9d8d9eeb4afdebe9f91de7f8253eb07,2026-08-29T20:03:14Z,2026-08-29T21:30:00Z,North Dakota State Bison,Jacksonville State Gamecocks,,55.0,bovada,h2h,North Dakota State Bison,-275.0,
b9d8d9eeb4afdebe9f91de7f8253eb07,2026-08-29T20:03:14Z,2026-08-29T21:30:00Z,North Dakota State Bison,Jacksonville State Gamecocks,,55.0,bovada,spreads,Jacksonville State Gamecocks,-115.0,7.0
b9d8d9eeb4afdebe9f91de7f8253eb07,2026-08-29T20:03:14Z,2026-08-29T21:30:00Z,North Dakota State Bison,Jacksonville State Gamecocks,,55.0,bovada,spreads,North Dakota State Bison,-105.0,-7.0
b9d8d9eeb4afdebe9f91de7f8253eb07,2026-08-29T20:03:14Z,2026-08-29T21:30:00Z,North Dakota State Bison,Jacksonville State Gamecocks,,55.0,bovada,totals,Over,-110.0,46.5
b9d8d9eeb4afdebe9f91de7f8253eb07,2026-08-29T20:03:14Z,2026-08-29T21:30:00Z,North Dakota State Bison,Jacksonville State Gamecocks,,55.0,bovada,totals,Under,-110.0,46.5
b9d8d9eeb4afdebe9f91de7f8253eb07,2026-08-29T20:03:14Z,2026-08-29T21:30:00Z,North Dakota State Bison,Jacksonville State Gamecocks,,55.0,fanduel,h2h,Jacksonville State Gamecocks,220.0,
b9d8d9eeb4afdebe9f91de7f8253eb07,2026-08-29T20:03:14Z,2026-08-29T21:30:00Z,North Dakota State Bison,Jacksonville State Gamecocks,,55.0,fanduel,h2h,North Dakota State Bison,-275.0,
b9d8d9eeb4afdebe9f91de7f8253eb07,2026-08-29T20:03:14Z,2026-08-29T21:30:00Z,North Dakota State Bison,Jacksonville State Gamecocks,,55.0,fanduel,spreads,Jacksonville State Gamecocks,-102.0,6.5
b9d8d9eeb4afdebe9f91de7f8253eb07,2026-08-29T20:03:14Z,2026-08-29T21:30:00Z,North Dakota State Bison,Jacksonville State Gamecocks,,55.0,fanduel,spreads,North Dakota State Bison,-120.0,-6.5
b9d8d9eeb4afdebe9f91de7f8253eb07,2026-08-29T20:03:14Z,2026-08-29T21:30:00Z,North Dakota State Bison,Jacksonville State Gamecocks,,55.0,fanduel,totals,Over,-110.0,46.5
b9d8d9eeb4afdebe9f91de7f8253eb07,2026-08-29T20:03:14Z,2026-08-29T21:30:00Z,North Dakota State Bison,Jacksonville State Gamecocks,,55.0,fanduel,totals,Under,-110.0,46.5
b9d8d9eeb4afdebe9f91de7f8253eb07,2026-08-29T20:03:14Z,2026-08-29T21:30:00Z,North Dakota State Bison,Jacksonville State Gamecocks,,55.0,betmgm,h2h,Jacksonville State Gamecocks,220.0,
b9d8d9eeb4afdebe9f91de7f8253eb07,2026-08-29T20:03:14Z,2026-08-29T21:30:00Z,North Dakota State Bison,Jacksonville State Gamecocks,,55.0,betmgm,h2h,North Dakota State Bison,-275.0,
b9d8d9eeb4afdebe9f91de7f8253eb07,2026-08-29T20:03:14Z,2026-08-29T21:30:00Z,North Dakota State Bison,Jacksonville State Gamecocks,,55.0,betmgm,spreads,Jacksonville State Gamecocks,-112.0,7.0
b9d8d9eeb4afdebe9f91de7f8253eb07,2026-08-29T20:03:14Z,2026-08-29T21:30:00Z,North Dakota State Bison,Jacksonville State Gamecocks,,55.0,betmgm,spreads,North Dakota State Bison,-105.0,-7.0
b9d8d9eeb4afdebe9f91de7f8253eb07,2026-08-29T20:03:14Z,2026-08-29T21:30:00Z,North Dakota State Bison,Jacksonville State Gamecocks,,55.0,betmgm,totals,Over,-110.0,46.5
b9d8d9eeb4afdebe9f91de7f8253eb07,2026-08-29T20:03:14Z,2026-08-29T21:30:00Z,North Dakota State Bison,Jacksonville State Gamecocks,,55.0,betmgm,totals,Under,-108.0,46.5
b9d8d9eeb4afdebe9f91de7f8253eb07,2026-08-29T20:03:14Z,2026-08-29T21:30:00Z,North Dakota State Bison,Jacksonville State Gamecocks,,55.0,betrivers,h2h,Jacksonville State Gamecocks,215.0,
b9d8d9eeb4afdebe9f91de7f8253eb07,2026-08-29T20:03:14Z,2026-08-29T21:30:00Z,North Dakota State Bison,Jacksonville State Gamecocks,,55.0,betrivers,h2h,North Dakota State Bison,-278.0,
b9d8d9eeb4afdebe9f91de7f8253eb07,2026-08-29T20:03:14Z,2026-08-29T21:30:00Z,North Dakota State Bison,Jacksonville State Gamecocks,,55.0,betrivers,spreads,Jacksonville State Gamecocks,-114.0,7.0
b9d8d9eeb4afdebe9f91de7f8253eb07,2026-08-29T20:03:14Z,2026-08-29T21:30:00Z,North Dakota State Bison,Jacksonville State Gamecocks,,55.0,betrivers,spreads,North Dakota State Bison,-109.0,-7.0
b9d8d9eeb4afdebe9f91de7f8253eb07,2026-08-29T20:03:14Z,2026-08-29T21:30:00Z,North Dakota State Bison,Jacksonville State Gamecocks,,55.0,betrivers,totals,Over,-109.0,47.5
b9d8d9eeb4afdebe9f91de7f8253eb07,2026-08-29T20:03:14Z,2026-08-29T21:30:00Z,North Dakota State Bison,Jacksonville State Gamecocks,,55.0,betrivers,totals,Under,-114.0,47.5
b9d8d9eeb4afdebe9f91de7f8253eb07,2026-08-29T20:03:14Z,2026-08-29T21:30:00Z,North Dakota State Bison,Jacksonville State Gamecocks,,55.0,mybookieag,h2h,Jacksonville State Gamecocks,213.0,
b9d8d9eeb4afdebe9f91de7f8253eb07,2026-08-29T20:03:14Z,2026-08-29T21:30:00Z,North Dakota State Bison,Jacksonville State Gamecocks,,55.0,mybookieag,h2h,North Dakota State Bison,-269.0,
b9d8d9eeb4afdebe9f91de7f8253eb07,2026-08-29T20:03:14Z,2026-08-29T21:30:00Z,North Dakota State Bison,Jacksonville State Gamecocks,,55.0,mybookieag,spreads,Jacksonville State Gamecocks,-110.0,7.0
b9d8d9eeb4afdebe9f91de7f8253eb07,2026-08-29T20:03:14Z,2026-08-29T21:30:00Z,North Dakota State Bison,Jacksonville State Gamecocks,,55.0,mybookieag,spreads,North Dakota State Bison,-110.0,-7.0
b9d8d9eeb4afdebe9f91de7f8253eb07,2026-08-29T20:03:14Z,2026-08-29T21:30:00Z,North Dakota State Bison,Jacksonville State Gamecocks,,55.0,mybookieag,totals,Over,-110.0,46.5
b9d8d9eeb4afdebe9f91de7f8253eb07,2026-08-29T20:03:14Z,2026-08-29T21:30:00Z,North Dakota State Bison,Jacksonville State Gamecocks,,55.0,mybookieag,totals,Under,-110.0,46.5
7fd4a16a262295143f08276821b259a4,2026-08-29T20:03:14Z,2026-08-29T22:30:00Z,Eastern Michigan Eagles,Sacramento State Hornets,2199.0,,draftkings,h2h,Eastern Michigan Eagles,-355.0,
7fd4a16a262295143f08276821b259a4,2026-08-29T20:03:14Z,2026-08-29T22:30:00Z,Eastern Michigan Eagles,Sacramento State Hornets,2199.0,,draftkings,h2h,Sacramento State Hornets,280.0,
7fd4a16a262295143f08276821b259a4,2026-08-29T20:03:14Z,2026-08-29T22:30:00Z,Eastern Michigan Eagles,Sacramento State Hornets,2199.0,,draftkings,spreads,Eastern Michigan Eagles,-110.0,-8.5
7fd4a16a262295143f08276821b259a4,2026-08-29T20:03:14Z,2026-08-29T22:30:00Z,Eastern Michigan Eagles,Sacramento State Hornets,2199.0,,draftkings,spreads,Sacramento State Hornets,-110.0,8.5
7fd4a16a262295143f08276821b259a4,2026-08-29T20:03:14Z,2026-08-29T22:30:00Z,Eastern Michigan Eagles,Sacramento State Hornets,2199.0,,draftkings,totals,Over,-112.0,52.5
7fd4a16a262295143f08276821b259a4,2026-08-29T20:03:14Z,2026-08-29T22:30:00Z,Eastern Michigan Eagles,Sacramento State Hornets,2199.0,,draftkings,totals,Under,-108.0,52.5
7fd4a16a262295143f08276821b259a4,2026-08-29T20:03:14Z,2026-08-29T22:30:00Z,Eastern Michigan Eagles,Sacramento State Hornets,2199.0,,betonlineag,h2h,Eastern Michigan Eagles,-350.0,
7fd4a16a262295143f08276821b259a4,2026-08-29T20:03:14Z,2026-08-29T22:30:00Z,Eastern Michigan Eagles,Sacramento State Hornets,2199.0,,betonlineag,h2h,Sacramento State Hornets,280.0,
7fd4a16a262295143f08276821b259a4,2026-08-29T20:03:14Z,2026-08-29T22:30:00Z,Eastern Michigan Eagles,Sacramento State Hornets,2199.0,,betonlineag,spreads,Eastern Michigan Eagles,-110.0,-9.0
7fd4a16a262295143f08276821b259a4,2026-08-29T20:03:14Z,2026-08-29T22:30:00Z,Eastern Michigan Eagles,Sacramento State Hornets,2199.0,,betonlineag,spreads,Sacramento State Hornets,-110.0,9.0
7fd4a16a262295143f08276821b259a4,2026-08-29T20:03:14Z,2026-08-29T22:30:00Z,Eastern Michigan Eagles,Sacramento State Hornets,2199.0,,betonlineag,totals,Over,-110.0,53.0
7fd4a16a262295143f08276821b259a4,2026-08-29T20:03:14Z,2026-08-29T22:30:00Z,Eastern Michigan Eagles,Sacramento State Hornets,2199.0,,betonlineag,totals,Under,-110.0,53.0
7fd4a16a262295143f08276821b259a4,2026-08-29T20:03:14Z,2026-08-29T22:30:00Z,Eastern Michigan Eagles,Sacramento State Hornets,2199.0,,lowvig,h2h,Eastern Michigan Eagles,-350.0,
7fd4a16a262295143f08276821b259a4,2026-08-29T20:03:14Z,2026-08-29T22:30:00Z,Eastern Michigan Eagles,Sacramento State Hornets,2199.0,,lowvig,h2h,Sacramento State Hornets,280.0,
7fd4a16a262295143f08276821b259a4,2026-08-29T20:03:14Z,2026-08-29T22:30:00Z,Eastern Michigan Eagles,Sacramento State Hornets,2199.0,,lowvig,spreads,Eastern Michigan Eagles,-106.0,-9.0
7fd4a16a262295143f08276821b259a4,2026-08-29T20:03:14Z,2026-08-29T22:30:00Z,Eastern Michigan Eagles,Sacramento State Hornets,2199.0,,lowvig,spreads,Sacramento State Hornets,-106.0,9.0
7fd4a16a262295143f08276821b259a4,2026-08-29T20:03:14Z,2026-08-29T22:30:00Z,Eastern Michigan Eagles,Sacramento State Hornets,2199.0,,lowvig,totals,Over,-108.0,53.0
7fd4a16a262295143f08276821b259a4,2026-08-29T20:03:14Z,2026-08-29T22:30:00Z,Eastern Michigan Eagles,Sacramento State Hornets,2199.0,,lowvig,totals,Under,-108.0,53.0
7fd4a16a262295143f08276821b259a4,2026-08-29T20:03:14Z,2026-08-29T22:30:00Z,Eastern Michigan Eagles,Sacramento State Hornets,2199.0,,betus,h2h,Eastern Michigan Eagles,-330.0,
7fd4a16a262295143f08276821b259a4,2026-08-29T20:03:14Z,2026-08-29T22:30:00Z,Eastern Michigan Eagles,Sacramento State Hornets,2199.0,,betus,h2h,Sacramento State Hornets,270.0,
7fd4a16a262295143f08276821b259a4,2026-08-29T20:03:14Z,2026-08-29T22:30:00Z,Eastern Michigan Eagles,Sacramento State Hornets,2199.0,,betus,spreads,Eastern Michigan Eagles,-110.0,-9.0
7fd4a16a262295143f08276821b259a4,2026-08-29T20:03:14Z,2026-08-29T22:30:00Z,Eastern Michigan Eagles,Sacramento State Hornets,2199.0,,betus,spreads,Sacramento State Hornets,-110.0,9.0
7fd4a16a262295143f08276821b259a4,2026-08-29T20:03:14Z,2026-08-29T22:30:00Z,Eastern Michigan Eagles,Sacramento State Hornets,2199.0,,betus,totals,Over,-110.0,52.5
7fd4a16a262295143f08276821b259a4,2026-08-29T20:03:14Z,2026-08-29T22:30:00Z,Eastern Michigan Eagles,Sacramento State Hornets,2199.0,,betus,totals,Under,-110.0,52.5
7fd4a16a262295143f08276821b259a4,2026-08-29T20:03:14Z,2026-08-29T22:30:00Z,Eastern Michigan Eagles,Sacramento State Hornets,2199.0,,bovada,h2h,Eastern Michigan Eagles,-350.0,
7fd4a16a262295143f08276821b259a4,2026-08-29T20:03:14Z,2026-08-29T22:30:00Z,Eastern Michigan Eagles,Sacramento State Hornets,2199.0,,bovada,h2h,Sacramento State Hornets,275.0,
7fd4a16a262295143f08276821b259a4,2026-08-29T20:03:14Z,2026-08-29T22:30:00Z,Eastern Michigan Eagles,Sacramento State Hornets,2199.0,,bovada,spreads,Eastern Michigan Eagles,-110.0,-8.5
7fd4a16a262295143f08276821b259a4,2026-08-29T20:03:14Z,2026-08-29T22:30:00Z,Eastern Michigan Eagles,Sacramento State Hornets,2199.0,,bovada,spreads,Sacramento State Hornets,-110.0,8.5
7fd4a16a262295143f08276821b259a4,2026-08-29T20:03:14Z,2026-08-29T22:30:00Z,Eastern Michigan Eagles,Sacramento State Hornets,2199.0,,bovada,totals,Over,-105.0,53.0
7fd4a16a262295143f08276821b259a4,2026-08-29T20:03:14Z,2026-08-29T22:30:00Z,Eastern Michigan Eagles,Sacramento State Hornets,2199.0,,bovada,totals,Under,-115.0,53.0
7fd4a16a262295143f08276821b259a4,2026-08-29T20:03:14Z,2026-08-29T22:30:00Z,Eastern Michigan Eagles,Sacramento State Hornets,2199.0,,fanduel,h2h,Eastern Michigan Eagles,-360.0,
7fd4a16a262295143f08276821b259a4,2026-08-29T20:03:14Z,2026-08-29T22:30:00Z,Eastern Michigan Eagles,Sacramento State Hornets,2199.0,,fanduel,h2h,Sacramento State Hornets,280.0,
7fd4a16a262295143f08276821b259a4,2026-08-29T20:03:14Z,2026-08-29T22:30:00Z,Eastern Michigan Eagles,Sacramento State Hornets,2199.0,,fanduel,spreads,Eastern Michigan Eagles,-110.0,-9.5
7fd4a16a262295143f08276821b259a4,2026-08-29T20:03:14Z,2026-08-29T22:30:00Z,Eastern Michigan Eagles,Sacramento State Hornets,2199.0,,fanduel,spreads,Sacramento State Hornets,-110.0,9.5
7fd4a16a262295143f08276821b259a4,2026-08-29T20:03:14Z,2026-08-29T22:30:00Z,Eastern Michigan Eagles,Sacramento State Hornets,2199.0,,fanduel,totals,Over,-105.0,53.5
7fd4a16a262295143f08276821b259a4,2026-08-29T20:03:14Z,2026-08-29T22:30:00Z,Eastern Michigan Eagles,Sacramento State Hornets,2199.0,,fanduel,totals,Under,-115.0,53.5
7fd4a16a262295143f08276821b259a4,2026-08-29T20:03:14Z,2026-08-29T22:30:00Z,Eastern Michigan Eagles,Sacramento State Hornets,2199.0,,betmgm,h2h,Eastern Michigan Eagles,-350.0,
7fd4a16a262295143f08276821b259a4,2026-08-29T20:03:14Z,2026-08-29T22:30:00Z,Eastern Michigan Eagles,Sacramento State Hornets,2199.0,,betmgm,h2h,Sacramento State Hornets,280.0,
7fd4a16a262295143f08276821b259a4,2026-08-29T20:03:14Z,2026-08-29T22:30:00Z,Eastern Michigan Eagles,Sacramento State Hornets,2199.0,,betmgm,spreads,Eastern Michigan Eagles,-108.0,-9.5
7fd4a16a262295143f08276821b259a4,2026-08-29T20:03:14Z,2026-08-29T22:30:00Z,Eastern Michigan Eagles,Sacramento State Hornets,2199.0,,betmgm,spreads,Sacramento State Hornets,-110.0,9.5
7fd4a16a262295143f08276821b259a4,2026-08-29T20:03:14Z,2026-08-29T22:30:00Z,Eastern Michigan Eagles,Sacramento State Hornets,2199.0,,betmgm,totals,Over,-110.0,52.5
7fd4a16a262295143f08276821b259a4,2026-08-29T20:03:14Z,2026-08-29T22:30:00Z,Eastern Michigan Eagles,Sacramento State Hornets,2199.0,,betmgm,totals,Under,-108.0,52.5
7fd4a16a262295143f08276821b259a4,2026-08-29T20:03:14Z,2026-08-29T22:30:00Z,Eastern Michigan Eagles,Sacramento State Hornets,2199.0,,betrivers,h2h,Eastern Michigan Eagles,-375.0,
7fd4a16a262295143f08276821b259a4,2026-08-29T20:03:14Z,2026-08-29T22:30:00Z,Eastern Michigan Eagles,Sacramento State Hornets,2199.0,,betrivers,h2h,Sacramento State Hornets,275.0,
7fd4a16a262295143f08276821b259a4,2026-08-29T20:03:14Z,2026-08-29T22:30:00Z,Eastern Michigan Eagles,Sacramento State Hornets,2199.0,,betrivers,spreads,Eastern Michigan Eagles,-112.0,-9.0
7fd4a16a262295143f08276821b259a4,2026-08-29T20:03:14Z,2026-08-29T22:30:00Z,Eastern Michigan Eagles,Sacramento State Hornets,2199.0,,betrivers,spreads,Sacramento State Hornets,-112.0,9.0
7fd4a16a262295143f08276821b259a4,2026-08-29T20:03:14Z,2026-08-29T22:30:00Z,Eastern Michigan Eagles,Sacramento State Hornets,2199.0,,betrivers,totals,Over,-109.0,53.5
7fd4a16a262295143f08276821b259a4,2026-08-29T20:03:14Z,2026-08-29T22:30:00Z,Eastern Michigan Eagles,Sacramento State Hornets,2199.0,,betrivers,totals,Under,-114.0,53.5
7fd4a16a262295143f08276821b259a4,2026-08-29T20:03:14Z,2026-08-29T22:30:00Z,Eastern Michigan Eagles,Sacramento State Hornets,2199.0,,mybookieag,h2h,Eastern Michigan Eagles,-360.0,
7fd4a16a262295143f08276821b259a4,2026-08-29T20:03:14Z,2026-08-29T22:30:00Z,Eastern Michigan Eagles,Sacramento State Hornets,2199.0,,mybookieag,h2h,Sacramento State Hornets,270.0,
7fd4a16a262295143f08276821b259a4,2026-08-29T20:03:14Z,2026-08-29T22:30:00Z,Eastern Michigan Eagles,Sacramento State Hornets,2199.0,,mybookieag,spreads,Eastern Michigan Eagles,-110.0,-9.0
7fd4a16a262295143f08276821b259a4,2026-08-29T20:03:14Z,2026-08-29T22:30:00Z,Eastern Michigan Eagles,Sacramento State Hornets,2199.0,,mybookieag,spreads,Sacramento State Hornets,-110.0,9.0
7fd4a16a262295143f08276821b259a4,2026-08-29T20:03:14Z,2026-08-29T22:30:00Z,Eastern Michigan Eagles,Sacramento State Hornets,2199.0,,mybookieag,totals,Over,-110.0,52.5
7fd4a16a262295143f08276821b259a4,2026-08-29T20:03:14Z,2026-08-29T22:30:00Z,Eastern Michigan Eagles,Sacramento State Hornets,2199.0,,mybookieag,totals,Under,-110.0,52.5
9bbc04340f2b3f77756a22bc44e1a4a4,2026-08-29T20:03:14Z,2026-08-29T23:00:00Z,Florida State Seminoles,New Mexico State Aggies,52.0,166.0,draftkings,h2h,Florida State Seminoles,-3200.0,
9bbc04340f2b3f77756a22bc44e1a4a4,2026-08-29T20:03:14Z,2026-08-29T23:00:00Z,Florida State Seminoles,New Mexico State Aggies,52.0,166.0,draftkings,h2h,New Mexico State Aggies,1400.0,
9bbc04340f2b3f77756a22bc44e1a4a4,2026-08-29T20:03:14Z,2026-08-29T23:00:00Z,Florida State Seminoles,New Mexico State Aggies,52.0,166.0,draftkings,spreads,Florida State Seminoles,-115.0,-30.5
9bbc04340f2b3f77756a22bc44e1a4a4,2026-08-29T20:03:14Z,2026-08-29T23:00:00Z,Florida State Seminoles,New Mexico State Aggies,52.0,166.0,draftkings,spreads,New Mexico State Aggies,-105.0,30.5
9bbc04340f2b3f77756a22bc44e1a4a4,2026-08-29T20:03:14Z,2026-08-29T23:00:00Z,Florida State Seminoles,New Mexico State Aggies,52.0,166.0,draftkings,totals,Over,-112.0,53.5
9bbc04340f2b3f77756a22bc44e1a4a4,2026-08-29T20:03:14Z,2026-08-29T23:00:00Z,Florida State Seminoles,New Mexico State Aggies,52.0,166.0,draftkings,totals,Under,-108.0,53.5
9bbc04340f2b3f77756a22bc44e1a4a4,2026-08-29T20:03:14Z,2026-08-29T23:00:00Z,Florida State Seminoles,New Mexico State Aggies,52.0,166.0,betonlineag,spreads,Florida State Seminoles,-115.0,-30.5
9bbc04340f2b3f77756a22bc44e1a4a4,2026-08-29T20:03:14Z,2026-08-29T23:00:00Z,Florida State Seminoles,New Mexico State Aggies,52.0,166.0,betonlineag,spreads,New Mexico State Aggies,-105.0,30.5
9bbc04340f2b3f77756a22bc44e1a4a4,2026-08-29T20:03:14Z,2026-08-29T23:00:00Z,Florida State Seminoles,New Mexico State Aggies,52.0,166.0,betonlineag,totals,Over,-110.0,53.5
9bbc04340f2b3f77756a22bc44e1a4a4,2026-08-29T20:03:14Z,2026-08-29T23:00:00Z,Florida State Seminoles,New Mexico State Aggies,52.0,166.0,betonlineag,totals,Under,-110.0,53.5
9bbc04340f2b3f77756a22bc44e1a4a4,2026-08-29T20:03:14Z,2026-08-29T23:00:00Z,Florida State Seminoles,New Mexico State Aggies,52.0,166.0,lowvig,spreads,Florida State Seminoles,-111.0,-30.5
9bbc04340f2b3f77756a22bc44e1a4a4,2026-08-29T20:03:14Z,2026-08-29T23:00:00Z,Florida State Seminoles,New Mexico State Aggies,52.0,166.0,lowvig,spreads,New Mexico State Aggies,-101.0,30.5
9bbc04340f2b3f77756a22bc44e1a4a4,2026-08-29T20:03:14Z,2026-08-29T23:00:00Z,Florida State Seminoles,New Mexico State Aggies,52.0,166.0,lowvig,totals,Over,-108.0,53.5
9bbc04340f2b3f77756a22bc44e1a4a4,2026-08-29T20:03:14Z,2026-08-29T23:00:00Z,Florida State Seminoles,New Mexico State Aggies,52.0,166.0,lowvig,totals,Under,-108.0,53.5
9bbc04340f2b3f77756a22bc44e1a4a4,2026-08-29T20:03:14Z,2026-08-29T23:00:00Z,Florida State Seminoles,New Mexico State Aggies,52.0,166.0,betus,spreads,Florida State Seminoles,-110.0,-31.0
9bbc04340f2b3f77756a22bc44e1a4a4,2026-08-29T20:03:14Z,2026-08-29T23:00:00Z,Florida State Seminoles,New Mexico State Aggies,52.0,166.0,betus,spreads,New Mexico State Aggies,-110.0,31.0
9bbc04340f2b3f77756a22bc44e1a4a4,2026-08-29T20:03:14Z,2026-08-29T23:00:00Z,Florida State Seminoles,New Mexico State Aggies,52.0,166.0,betus,totals,Over,-110.0,53.5
9bbc04340f2b3f77756a22bc44e1a4a4,2026-08-29T20:03:14Z,2026-08-29T23:00:00Z,Florida State Seminoles,New Mexico State Aggies,52.0,166.0,betus,totals,Under,-110.0,53.5
9bbc04340f2b3f77756a22bc44e1a4a4,2026-08-29T20:03:14Z,2026-08-29T23:00:00Z,Florida State Seminoles,New Mexico State Aggies,52.0,166.0,bovada,spreads,Florida State Seminoles,-110.0,-31.0
9bbc04340f2b3f77756a22bc44e1a4a4,2026-08-29T20:03:14Z,2026-08-29T23:00:00Z,Florida State Seminoles,New Mexico State Aggies,52.0,166.0,bovada,spreads,New Mexico State Aggies,-110.0,31.0
9bbc04340f2b3f77756a22bc44e1a4a4,2026-08-29T20:03:14Z,2026-08-29T23:00:00Z,Florida State Seminoles,New Mexico State Aggies,52.0,166.0,bovada,totals,Over,-110.0,53.5
9bbc04340f2b3f77756a22bc44e1a4a4,2026-08-29T20:03:14Z,2026-08-29T23:00:00Z,Florida State Seminoles,New Mexico State Aggies,52.0,166.0,bovada,totals,Under,-110.0,53.5
9bbc04340f2b3f77756a22bc44e1a4a4,2026-08-29T20:03:14Z,2026-08-29T23:00:00Z,Florida State Seminoles,New Mexico State Aggies,52.0,166.0,fanduel,h2h,Florida State Seminoles,-10000.0,
9bbc04340f2b3f77756a22bc44e1a4a4,2026-08-29T20:03:14Z,2026-08-29T23:00:00Z,Florida State Seminoles,New Mexico State Aggies,52.0,166.0,fanduel,h2h,New Mexico State Aggies,2500.0,
9bbc04340f2b3f77756a22bc44e1a4a4,2026-08-29T20:03:14Z,2026-08-29T23:00:00Z,Florida State Seminoles,New Mexico State Aggies,52.0,166.0,fanduel,spreads,Florida State Seminoles,-105.0,-31.5
9bbc04340f2b3f77756a22bc44e1a4a4,2026-08-29T20:03:14Z,2026-08-29T23:00:00Z,Florida State Seminoles,New Mexico State Aggies,52.0,166.0,fanduel,spreads,New Mexico State Aggies,-115.0,31.5
9bbc04340f2b3f77756a22bc44e1a4a4,2026-08-29T20:03:14Z,2026-08-29T23:00:00Z,Florida State Seminoles,New Mexico State Aggies,52.0,166.0,fanduel,totals,Over,-106.0,54.5
9bbc04340f2b3f77756a22bc44e1a4a4,2026-08-29T20:03:14Z,2026-08-29T23:00:00Z,Florida State Seminoles,New Mexico State Aggies,52.0,166.0,fanduel,totals,Under,-114.0,54.5
9bbc04340f2b3f77756a22bc44e1a4a4,2026-08-29T20:03:14Z,2026-08-29T23:00:00Z,Florida State Seminoles,New Mexico State Aggies,52.0,166.0,betmgm,h2h,Florida State Seminoles,-10000.0,
9bbc04340f2b3f77756a22bc44e1a4a4,2026-08-29T20:03:14Z,2026-08-29T23:00:00Z,Florida State Seminoles,New Mexico State Aggies,52.0,166.0,betmgm,h2h,New Mexico State Aggies,3000.0,
9bbc04340f2b3f77756a22bc44e1a4a4,2026-08-29T20:03:14Z,2026-08-29T23:00:00Z,Florida State Seminoles,New Mexico State Aggies,52.0,166.0,betmgm,spreads,Florida State Seminoles,-108.0,-31.0
9bbc04340f2b3f77756a22bc44e1a4a4,2026-08-29T20:03:14Z,2026-08-29T23:00:00Z,Florida State Seminoles,New Mexico State Aggies,52.0,166.0,betmgm,spreads,New Mexico State Aggies,-110.0,31.0
9bbc04340f2b3f77756a22bc44e1a4a4,2026-08-29T20:03:14Z,2026-08-29T23:00:00Z,Florida State Seminoles,New Mexico State Aggies,52.0,166.0,betmgm,totals,Over,-110.0,53.5
9bbc04340f2b3f77756a22bc44e1a4a4,2026-08-29T20:03:14Z,2026-08-29T23:00:00Z,Florida State Seminoles,New Mexico State Aggies,52.0,166.0,betmgm,totals,Under,-108.0,53.5
9bbc04340f2b3f77756a22bc44e1a4a4,2026-08-29T20:03:14Z,2026-08-29T23:00:00Z,Florida State Seminoles,New Mexico State Aggies,52.0,166.0,betrivers,spreads,Florida State Seminoles,-109.0,-32.0
9bbc04340f2b3f77756a22bc44e1a4a4,2026-08-29T20:03:14Z,2026-08-29T23:00:00Z,Florida State Seminoles,New Mexico State Aggies,52.0,166.0,betrivers,spreads,New Mexico State Aggies,-114.0,32.0
9bbc04340f2b3f77756a22bc44e1a4a4,2026-08-29T20:03:14Z,2026-08-29T23:00:00Z,Florida State Seminoles,New Mexico State Aggies,52.0,166.0,betrivers,totals,Over,-109.0,54.0
9bbc04340f2b3f77756a22bc44e1a4a4,2026-08-29T20:03:14Z,2026-08-29T23:00:00Z,Florida State Seminoles,New Mexico State Aggies,52.0,166.0,betrivers,totals,Under,-114.0,54.0
9bbc04340f2b3f77756a22bc44e1a4a4,2026-08-29T20:03:14Z,2026-08-29T23:00:00Z,Florida State Seminoles,New Mexico State Aggies,52.0,166.0,mybookieag,h2h,Florida State Seminoles,-12500.0,
9bbc04340f2b3f77756a22bc44e1a4a4,2026-08-29T20:03:14Z,2026-08-29T23:00:00Z,Florida State Seminoles,New Mexico State Aggies,52.0,166.0,mybookieag,h2h,New Mexico State Aggies,1625.0,
9bbc04340f2b3f77756a22bc44e1a4a4,2026-08-29T20:03:14Z,2026-08-29T23:00:00Z,Florida State Seminoles,New Mexico State Aggies,52.0,166.0,mybookieag,spreads,Florida State Seminoles,-110.0,-31.5
9bbc04340f2b3f77756a22bc44e1a4a4,2026-08-29T20:03:14Z,2026-08-29T23:00:00Z,Florida State Seminoles,New Mexico State Aggies,52.0,166.0,mybookieag,spreads,New Mexico State Aggies,-110.0,31.5
9bbc04340f2b3f77756a22bc44e1a4a4,2026-08-29T20:03:14Z,2026-08-29T23:00:00Z,Florida State Seminoles,New Mexico State Aggies,52.0,166.0,mybookieag,totals,Over,-110.0,54.0
9bbc04340f2b3f77756a22bc44e1a4a4,2026-08-29T20:03:14Z,2026-08-29T23:00:00Z,Florida State Seminoles,New Mexico State Aggies,52.0,166.0,mybookieag,totals,Under,-110.0,54.0
24941bb5e2e6f79d944530b0b8ea4be5,2026-08-29T20:03:14Z,2026-08-29T23:00:00Z,Stanford Cardinal,Hawaii Rainbow Warriors,24.0,62.0,draftkings,h2h,Hawaii Rainbow Warriors,164.0,
24941bb5e2e6f79d944530b0b8ea4be5,2026-08-29T20:03:14Z,2026-08-29T23:00:00Z,Stanford Cardinal,Hawaii Rainbow Warriors,24.0,62.0,draftkings,h2h,Stanford Cardinal,-198.0,
24941bb5e2e6f79d944530b0b8ea4be5,2026-08-29T20:03:14Z,2026-08-29T23:00:00Z,Stanford Cardinal,Hawaii Rainbow Warriors,24.0,62.0,draftkings,spreads,Hawaii Rainbow Warriors,-115.0,4.5
24941bb5e2e6f79d944530b0b8ea4be5,2026-08-29T20:03:14Z,2026-08-29T23:00:00Z,Stanford Cardinal,Hawaii Rainbow Warriors,24.0,62.0,draftkings,spreads,Stanford Cardinal,-105.0,-4.5
24941bb5e2e6f79d944530b0b8ea4be5,2026-08-29T20:03:14Z,2026-08-29T23:00:00Z,Stanford Cardinal,Hawaii Rainbow Warriors,24.0,62.0,draftkings,totals,Over,-112.0,48.5
24941bb5e2e6f79d944530b0b8ea4be5,2026-08-29T20:03:14Z,2026-08-29T23:00:00Z,Stanford Cardinal,Hawaii Rainbow Warriors,24.0,62.0,draftkings,totals,Under,-108.0,48.5
24941bb5e2e6f79d944530b0b8ea4be5,2026-08-29T20:03:14Z,2026-08-29T23:00:00Z,Stanford Cardinal,Hawaii Rainbow Warriors,24.0,62.0,betonlineag,h2h,Hawaii Rainbow Warriors,170.0,
24941bb5e2e6f79d944530b0b8ea4be5,2026-08-29T20:03:14Z,2026-08-29T23:00:00Z,Stanford Cardinal,Hawaii Rainbow Warriors,24.0,62.0,betonlineag,h2h,Stanford Cardinal,-195.0,
24941bb5e2e6f79d944530b0b8ea4be5,2026-08-29T20:03:14Z,2026-08-29T23:00:00Z,Stanford Cardinal,Hawaii Rainbow Warriors,24.0,62.0,betonlineag,spreads,Hawaii Rainbow Warriors,-108.0,4.5
24941bb5e2e6f79d944530b0b8ea4be5,2026-08-29T20:03:14Z,2026-08-29T23:00:00Z,Stanford Cardinal,Hawaii Rainbow Warriors,24.0,62.0,betonlineag,spreads,Stanford Cardinal,-112.0,-4.5
24941bb5e2e6f79d944530b0b8ea4be5,2026-08-29T20:03:14Z,2026-08-29T23:00:00Z,Stanford Cardinal,Hawaii Rainbow Warriors,24.0,62.0,betonlineag,totals,Over,-110.0,48.5
24941bb5e2e6f79d944530b0b8ea4be5,2026-08-29T20:03:14Z,2026-08-29T23:00:00Z,Stanford Cardinal,Hawaii Rainbow Warriors,24.0,62.0,betonlineag,totals,Under,-110.0,48.5
24941bb5e2e6f79d944530b0b8ea4be5,2026-08-29T20:03:14Z,2026-08-29T23:00:00Z,Stanford Cardinal,Hawaii Rainbow Warriors,24.0,62.0,lowvig,h2h,Hawaii Rainbow Warriors,170.0,
24941bb5e2e6f79d944530b0b8ea4be5,2026-08-29T20:03:14Z,2026-08-29T23:00:00Z,Stanford Cardinal,Hawaii Rainbow Warriors,24.0,62.0,lowvig,h2h,Stanford Cardinal,-195.0,
24941bb5e2e6f79d944530b0b8ea4be5,2026-08-29T20:03:14Z,2026-08-29T23:00:00Z,Stanford Cardinal,Hawaii Rainbow Warriors,24.0,62.0,lowvig,spreads,Hawaii Rainbow Warriors,-104.0,4.5
24941bb5e2e6f79d944530b0b8ea4be5,2026-08-29T20:03:14Z,2026-08-29T23:00:00Z,Stanford Cardinal,Hawaii Rainbow Warriors,24.0,62.0,lowvig,spreads,Stanford Cardinal,-108.0,-4.5
24941bb5e2e6f79d944530b0b8ea4be5,2026-08-29T20:03:14Z,2026-08-29T23:00:00Z,Stanford Cardinal,Hawaii Rainbow Warriors,24.0,62.0,lowvig,totals,Over,-108.0,48.5
24941bb5e2e6f79d944530b0b8ea4be5,2026-08-29T20:03:14Z,2026-08-29T23:00:00Z,Stanford Cardinal,Hawaii Rainbow Warriors,24.0,62.0,lowvig,totals,Under,-108.0,48.5
24941bb5e2e6f79d944530b0b8ea4be5,2026-08-29T20:03:14Z,2026-08-29T23:00:00Z,Stanford Cardinal,Hawaii Rainbow Warriors,24.0,62.0,betus,h2h,Hawaii Rainbow Warriors,163.0,
24941bb5e2e6f79d944530b0b8ea4be5,2026-08-29T20:03:14Z,2026-08-29T23:00:00Z,Stanford Cardinal,Hawaii Rainbow Warriors,24.0,62.0,betus,h2h,Stanford Cardinal,-190.0,
24941bb5e2e6f79d944530b0b8ea4be5,2026-08-29T20:03:14Z,2026-08-29T23:00:00Z,Stanford Cardinal,Hawaii Rainbow Warriors,24.0,62.0,betus,spreads,Hawaii Rainbow Warriors,-110.0,4.5
24941bb5e2e6f79d944530b0b8ea4be5,2026-08-29T20:03:14Z,2026-08-29T23:00:00Z,Stanford Cardinal,Hawaii Rainbow Warriors,24.0,62.0,betus,spreads,Stanford Cardinal,-110.0,-4.5
24941bb5e2e6f79d944530b0b8ea4be5,2026-08-29T20:03:14Z,2026-08-29T23:00:00Z,Stanford Cardinal,Hawaii Rainbow Warriors,24.0,62.0,betus,totals,Over,-110.0,48.5
24941bb5e2e6f79d944530b0b8ea4be5,2026-08-29T20:03:14Z,2026-08-29T23:00:00Z,Stanford Cardinal,Hawaii Rainbow Warriors,24.0,62.0,betus,totals,Under,-110.0,48.5
24941bb5e2e6f79d944530b0b8ea4be5,2026-08-29T20:03:14Z,2026-08-29T23:00:00Z,Stanford Cardinal,Hawaii Rainbow Warriors,24.0,62.0,bovada,h2h,Hawaii Rainbow Warriors,170.0,
24941bb5e2e6f79d944530b0b8ea4be5,2026-08-29T20:03:14Z,2026-08-29T23:00:00Z,Stanford Cardinal,Hawaii Rainbow Warriors,24.0,62.0,bovada,h2h,Stanford Cardinal,-200.0,
24941bb5e2e6f79d944530b0b8ea4be5,2026-08-29T20:03:14Z,2026-08-29T23:00:00Z,Stanford Cardinal,Hawaii Rainbow Warriors,24.0,62.0,bovada,spreads,Hawaii Rainbow Warriors,-110.0,5.0
24941bb5e2e6f79d944530b0b8ea4be5,2026-08-29T20:03:14Z,2026-08-29T23:00:00Z,Stanford Cardinal,Hawaii Rainbow Warriors,24.0,62.0,bovada,spreads,Stanford Cardinal,-110.0,-5.0
24941bb5e2e6f79d944530b0b8ea4be5,2026-08-29T20:03:14Z,2026-08-29T23:00:00Z,Stanford Cardinal,Hawaii Rainbow Warriors,24.0,62.0,bovada,totals,Over,-110.0,48.5
24941bb5e2e6f79d944530b0b8ea4be5,2026-08-29T20:03:14Z,2026-08-29T23:00:00Z,Stanford Cardinal,Hawaii Rainbow Warriors,24.0,62.0,bovada,totals,Under,-110.0,48.5
24941bb5e2e6f79d944530b0b8ea4be5,2026-08-29T20:03:14Z,2026-08-29T23:00:00Z,Stanford Cardinal,Hawaii Rainbow Warriors,24.0,62.0,fanduel,h2h,Hawaii Rainbow Warriors,158.0,
24941bb5e2e6f79d944530b0b8ea4be5,2026-08-29T20:03:14Z,2026-08-29T23:00:00Z,Stanford Cardinal,Hawaii Rainbow Warriors,24.0,62.0,fanduel,h2h,Stanford Cardinal,-192.0,
24941bb5e2e6f79d944530b0b8ea4be5,2026-08-29T20:03:14Z,2026-08-29T23:00:00Z,Stanford Cardinal,Hawaii Rainbow Warriors,24.0,62.0,fanduel,spreads,Hawaii Rainbow Warriors,-115.0,4.5
24941bb5e2e6f79d944530b0b8ea4be5,2026-08-29T20:03:14Z,2026-08-29T23:00:00Z,Stanford Cardinal,Hawaii Rainbow Warriors,24.0,62.0,fanduel,spreads,Stanford Cardinal,-105.0,-4.5
24941bb5e2e6f79d944530b0b8ea4be5,2026-08-29T20:03:14Z,2026-08-29T23:00:00Z,Stanford Cardinal,Hawaii Rainbow Warriors,24.0,62.0,fanduel,totals,Over,-112.0,48.5
24941bb5e2e6f79d944530b0b8ea4be5,2026-08-29T20:03:14Z,2026-08-29T23:00:00Z,Stanford Cardinal,Hawaii Rainbow Warriors,24.0,62.0,fanduel,totals,Under,-108.0,48.5
24941bb5e2e6f79d944530b0b8ea4be5,2026-08-29T20:03:14Z,2026-08-29T23:00:00Z,Stanford Cardinal,Hawaii Rainbow Warriors,24.0,62.0,betmgm,h2h,Hawaii Rainbow Warriors,160.0,
24941bb5e2e6f79d944530b0b8ea4be5,2026-08-29T20:03:14Z,2026-08-29T23:00:00Z,Stanford Cardinal,Hawaii Rainbow Warriors,24.0,62.0,betmgm,h2h,Stanford Cardinal,-200.0,
24941bb5e2e6f79d944530b0b8ea4be5,2026-08-29T20:03:14Z,2026-08-29T23:00:00Z,Stanford Cardinal,Hawaii Rainbow Warriors,24.0,62.0,betmgm,spreads,Hawaii Rainbow Warriors,-105.0,4.0
24941bb5e2e6f79d944530b0b8ea4be5,2026-08-29T20:03:14Z,2026-08-29T23:00:00Z,Stanford Cardinal,Hawaii Rainbow Warriors,24.0,62.0,betmgm,spreads,Stanford Cardinal,-112.0,-4.0
24941bb5e2e6f79d944530b0b8ea4be5,2026-08-29T20:03:14Z,2026-08-29T23:00:00Z,Stanford Cardinal,Hawaii Rainbow Warriors,24.0,62.0,betmgm,totals,Over,-110.0,48.5
24941bb5e2e6f79d944530b0b8ea4be5,2026-08-29T20:03:14Z,2026-08-29T23:00:00Z,Stanford Cardinal,Hawaii Rainbow Warriors,24.0,62.0,betmgm,totals,Under,-108.0,48.5
24941bb5e2e6f79d944530b0b8ea4be5,2026-08-29T20:03:14Z,2026-08-29T23:00:00Z,Stanford Cardinal,Hawaii Rainbow Warriors,24.0,62.0,betrivers,h2h,Hawaii Rainbow Warriors,165.0,
24941bb5e2e6f79d944530b0b8ea4be5,2026-08-29T20:03:14Z,2026-08-29T23:00:00Z,Stanford Cardinal,Hawaii Rainbow Warriors,24.0,62.0,betrivers,h2h,Stanford Cardinal,-210.0,
24941bb5e2e6f79d944530b0b8ea4be5,2026-08-29T20:03:14Z,2026-08-29T23:00:00Z,Stanford Cardinal,Hawaii Rainbow Warriors,24.0,62.0,betrivers,spreads,Hawaii Rainbow Warriors,-110.0,4.5
24941bb5e2e6f79d944530b0b8ea4be5,2026-08-29T20:03:14Z,2026-08-29T23:00:00Z,Stanford Cardinal,Hawaii Rainbow Warriors,24.0,62.0,betrivers,spreads,Stanford Cardinal,-112.0,-4.5
24941bb5e2e6f79d944530b0b8ea4be5,2026-08-29T20:03:14Z,2026-08-29T23:00:00Z,Stanford Cardinal,Hawaii Rainbow Warriors,24.0,62.0,betrivers,totals,Over,-114.0,48.5
24941bb5e2e6f79d944530b0b8ea4be5,2026-08-29T20:03:14Z,2026-08-29T23:00:00Z,Stanford Cardinal,Hawaii Rainbow Warriors,24.0,62.0,betrivers,totals,Under,-109.0,48.5
24941bb5e2e6f79d944530b0b8ea4be5,2026-08-29T20:03:14Z,2026-08-29T23:00:00Z,Stanford Cardinal,Hawaii Rainbow Warriors,24.0,62.0,mybookieag,h2h,Hawaii Rainbow Warriors,173.0,
24941bb5e2e6f79d944530b0b8ea4be5,2026-08-29T20:03:14Z,2026-08-29T23:00:00Z,Stanford Cardinal,Hawaii Rainbow Warriors,24.0,62.0,mybookieag,h2h,Stanford Cardinal,-216.0,
24941bb5e2e6f79d944530b0b8ea4be5,2026-08-29T20:03:14Z,2026-08-29T23:00:00Z,Stanford Cardinal,Hawaii Rainbow Warriors,24.0,62.0,mybookieag,spreads,Hawaii Rainbow Warriors,-110.0,4.5
24941bb5e2e6f79d944530b0b8ea4be5,2026-08-29T20:03:14Z,2026-08-29T23:00:00Z,Stanford Cardinal,Hawaii Rainbow Warriors,24.0,62.0,mybookieag,spreads,Stanford Cardinal,-110.0,-4.5
24941bb5e2e6f79d944530b0b8ea4be5,2026-08-29T20:03:14Z,2026-08-29T23:00:00Z,Stanford Cardinal,Hawaii Rainbow Warriors,24.0,62.0,mybookieag,totals,Over,-110.0,48.5
24941bb5e2e6f79d944530b0b8ea4be5,2026-08-29T20:03:14Z,2026-08-29T23:00:00Z,Stanford Cardinal,Hawaii Rainbow Warriors,24.0,62.0,mybookieag,totals,Under,-110.0,48.5
90d9b4e9c9485143021eb1535e792164,2026-08-29T20:03:14Z,2026-08-30T02:00:00Z,UNLV Rebels,Memphis Tigers,2439,235,draftkings,h2h,Memphis Tigers,154.0,
90d9b4e9c9485143021eb1535e792164,2026-08-29T20:03:14Z,2026-08-30T02:00:00Z,UNLV Rebels,Memphis Tigers,2439,235,draftkings,h2h,UNLV Rebels,-185.0,
90d9b4e9c9485143021eb1535e792164,2026-08-29T20:03:14Z,2026-08-30T02:00:00Z,UNLV Rebels,Memphis Tigers,2439,235,draftkings,spreads,Memphis Tigers,-108.0,4.0
90d9b4e9c9485143021eb1535e792164,2026-08-29T20:03:14Z,2026-08-30T02:00:00Z,UNLV Rebels,Memphis Tigers,2439,235,draftkings,spreads,UNLV Rebels,-112.0,-4.0
90d9b4e9c9485143021eb1535e792164,2026-08-29T20:03:14Z,2026-08-30T02:00:00Z,UNLV Rebels,Memphis Tigers,2439,235,draftkings,totals,Over,-108.0,55.5
90d9b4e9c9485143021eb1535e792164,2026-08-29T20:03:14Z,2026-08-30T02:00:00Z,UNLV Rebels,Memphis Tigers,2439,235,draftkings,totals,Under,-112.0,55.5
90d9b4e9c9485143021eb1535e792164,2026-08-29T20:03:14Z,2026-08-30T02:00:00Z,UNLV Rebels,Memphis Tigers,2439,235,lowvig,h2h,Memphis Tigers,157.0,
90d9b4e9c9485143021eb1535e792164,2026-08-29T20:03:14Z,2026-08-30T02:00:00Z,UNLV Rebels,Memphis Tigers,2439,235,lowvig,h2h,UNLV Rebels,-180.0,
90d9b4e9c9485143021eb1535e792164,2026-08-29T20:03:14Z,2026-08-30T02:00:00Z,UNLV Rebels,Memphis Tigers,2439,235,lowvig,spreads,Memphis Tigers,-106.0,4.0
90d9b4e9c9485143021eb1535e792164,2026-08-29T20:03:14Z,2026-08-30T02:00:00Z,UNLV Rebels,Memphis Tigers,2439,235,lowvig,spreads,UNLV Rebels,-106.0,-4.0
90d9b4e9c9485143021eb1535e792164,2026-08-29T20:03:14Z,2026-08-30T02:00:00Z,UNLV Rebels,Memphis Tigers,2439,235,lowvig,totals,Over,-108.0,55.5
90d9b4e9c9485143021eb1535e792164,2026-08-29T20:03:14Z,2026-08-30T02:00:00Z,UNLV Rebels,Memphis Tigers,2439,235,lowvig,totals,Under,-108.0,55.5
90d9b4e9c9485143021eb1535e792164,2026-08-29T20:03:14Z,2026-08-30T02:00:00Z,UNLV Rebels,Memphis Tigers,2439,235,betonlineag,h2h,Memphis Tigers,157.0,
90d9b4e9c9485143021eb1535e792164,2026-08-29T20:03:14Z,2026-08-30T02:00:00Z,UNLV Rebels,Memphis Tigers,2439,235,betonlineag,h2h,UNLV Rebels,-180.0,
90d9b4e9c9485143021eb1535e792164,2026-08-29T20:03:14Z,2026-08-30T02:00:00Z,UNLV Rebels,Memphis Tigers,2439,235,betonlineag,spreads,Memphis Tigers,-110.0,4.0
90d9b4e9c9485143021eb1535e792164,2026-08-29T20:03:14Z,2026-08-30T02:00:00Z,UNLV Rebels,Memphis Tigers,2439,235,betonlineag,spreads,UNLV Rebels,-110.0,-4.0
90d9b4e9c9485143021eb1535e792164,2026-08-29T20:03:14Z,2026-08-30T02:00:00Z,UNLV Rebels,Memphis Tigers,2439,235,betonlineag,totals,Over,-110.0,55.5
90d9b4e9c9485143021eb1535e792164,2026-08-29T20:03:14Z,2026-08-30T02:00:00Z,UNLV Rebels,Memphis Tigers,2439,235,betonlineag,totals,Under,-110.0,55.5
90d9b4e9c9485143021eb1535e792164,2026-08-29T20:03:14Z,2026-08-30T02:00:00Z,UNLV Rebels,Memphis Tigers,2439,235,betus,h2h,Memphis Tigers,150.0,
90d9b4e9c9485143021eb1535e792164,2026-08-29T20:03:14Z,2026-08-30T02:00:00Z,UNLV Rebels,Memphis Tigers,2439,235,betus,h2h,UNLV Rebels,-175.0,
90d9b4e9c9485143021eb1535e792164,2026-08-29T20:03:14Z,2026-08-30T02:00:00Z,UNLV Rebels,Memphis Tigers,2439,235,betus,spreads,Memphis Tigers,-110.0,4.0
90d9b4e9c9485143021eb1535e792164,2026-08-29T20:03:14Z,2026-08-30T02:00:00Z,UNLV Rebels,Memphis Tigers,2439,235,betus,spreads,UNLV Rebels,-110.0,-4.0
90d9b4e9c9485143021eb1535e792164,2026-08-29T20:03:14Z,2026-08-30T02:00:00Z,UNLV Rebels,Memphis Tigers,2439,235,betus,totals,Over,-110.0,55.5
90d9b4e9c9485143021eb1535e792164,2026-08-29T20:03:14Z,2026-08-30T02:00:00Z,UNLV Rebels,Memphis Tigers,2439,235,betus,totals,Under,-110.0,55.5
90d9b4e9c9485143021eb1535e792164,2026-08-29T20:03:14Z,2026-08-30T02:00:00Z,UNLV Rebels,Memphis Tigers,2439,235,bovada,h2h,Memphis Tigers,155.0,
90d9b4e9c9485143021eb1535e792164,2026-08-29T20:03:14Z,2026-08-30T02:00:00Z,UNLV Rebels,Memphis Tigers,2439,235,bovada,h2h,UNLV Rebels,-180.0,
90d9b4e9c9485143021eb1535e792164,2026-08-29T20:03:14Z,2026-08-30T02:00:00Z,UNLV Rebels,Memphis Tigers,2439,235,bovada,spreads,Memphis Tigers,-110.0,4.0
90d9b4e9c9485143021eb1535e792164,2026-08-29T20:03:14Z,2026-08-30T02:00:00Z,UNLV Rebels,Memphis Tigers,2439,235,bovada,spreads,UNLV Rebels,-110.0,-4.0
90d9b4e9c9485143021eb1535e792164,2026-08-29T20:03:14Z,2026-08-30T02:00:00Z,UNLV Rebels,Memphis Tigers,2439,235,bovada,totals,Over,-110.0,56.0
90d9b4e9c9485143021eb1535e792164,2026-08-29T20:03:14Z,2026-08-30T02:00:00Z,UNLV Rebels,Memphis Tigers,2439,235,bovada,totals,Under,-110.0,56.0
90d9b4e9c9485143021eb1535e792164,2026-08-29T20:03:14Z,2026-08-30T02:00:00Z,UNLV Rebels,Memphis Tigers,2439,235,fanduel,h2h,Memphis Tigers,155.0,
90d9b4e9c9485143021eb1535e792164,2026-08-29T20:03:14Z,2026-08-30T02:00:00Z,UNLV Rebels,Memphis Tigers,2439,235,fanduel,h2h,UNLV Rebels,-188.0,
90d9b4e9c9485143021eb1535e792164,2026-08-29T20:03:14Z,2026-08-30T02:00:00Z,UNLV Rebels,Memphis Tigers,2439,235,fanduel,spreads,Memphis Tigers,-115.0,4.5
90d9b4e9c9485143021eb1535e792164,2026-08-29T20:03:14Z,2026-08-30T02:00:00Z,UNLV Rebels,Memphis Tigers,2439,235,fanduel,spreads,UNLV Rebels,-105.0,-4.5
90d9b4e9c9485143021eb1535e792164,2026-08-29T20:03:14Z,2026-08-30T02:00:00Z,UNLV Rebels,Memphis Tigers,2439,235,fanduel,totals,Over,-110.0,55.5
90d9b4e9c9485143021eb1535e792164,2026-08-29T20:03:14Z,2026-08-30T02:00:00Z,UNLV Rebels,Memphis Tigers,2439,235,fanduel,totals,Under,-110.0,55.5
90d9b4e9c9485143021eb1535e792164,2026-08-29T20:03:14Z,2026-08-30T02:00:00Z,UNLV Rebels,Memphis Tigers,2439,235,betmgm,h2h,Memphis Tigers,155.0,
90d9b4e9c9485143021eb1535e792164,2026-08-29T20:03:14Z,2026-08-30T02:00:00Z,UNLV Rebels,Memphis Tigers,2439,235,betmgm,h2h,UNLV Rebels,-190.0,
90d9b4e9c9485143021eb1535e792164,2026-08-29T20:03:14Z,2026-08-30T02:00:00Z,UNLV Rebels,Memphis Tigers,2439,235,betmgm,spreads,Memphis Tigers,-110.0,4.0
90d9b4e9c9485143021eb1535e792164,2026-08-29T20:03:14Z,2026-08-30T02:00:00Z,UNLV Rebels,Memphis Tigers,2439,235,betmgm,spreads,UNLV Rebels,-108.0,-4.0
90d9b4e9c9485143021eb1535e792164,2026-08-29T20:03:14Z,2026-08-30T02:00:00Z,UNLV Rebels,Memphis Tigers,2439,235,betmgm,totals,Over,-110.0,55.5
90d9b4e9c9485143021eb1535e792164,2026-08-29T20:03:14Z,2026-08-30T02:00:00Z,UNLV Rebels,Memphis Tigers,2439,235,betmgm,totals,Under,-108.0,55.5
90d9b4e9c9485143021eb1535e792164,2026-08-29T20:03:14Z,2026-08-30T02:00:00Z,UNLV Rebels,Memphis Tigers,2439,235,betrivers,h2h,Memphis Tigers,148.0,
90d9b4e9c9485143021eb1535e792164,2026-08-29T20:03:14Z,2026-08-30T02:00:00Z,UNLV Rebels,Memphis Tigers,2439,235,betrivers,h2h,UNLV Rebels,-186.0,
90d9b4e9c9485143021eb1535e792164,2026-08-29T20:03:14Z,2026-08-30T02:00:00Z,UNLV Rebels,Memphis Tigers,2439,235,betrivers,spreads,Memphis Tigers,-108.0,4.0
90d9b4e9c9485143021eb1535e792164,2026-08-29T20:03:14Z,2026-08-30T02:00:00Z,UNLV Rebels,Memphis Tigers,2439,235,betrivers,spreads,UNLV Rebels,-114.0,-4.0
90d9b4e9c9485143021eb1535e792164,2026-08-29T20:03:14Z,2026-08-30T02:00:00Z,UNLV Rebels,Memphis Tigers,2439,235,betrivers,totals,Over,-113.0,55.5
90d9b4e9c9485143021eb1535e792164,2026-08-29T20:03:14Z,2026-08-30T02:00:00Z,UNLV Rebels,Memphis Tigers,2439,235,betrivers,totals,Under,-110.0,55.5
90d9b4e9c9485143021eb1535e792164,2026-08-29T20:03:14Z,2026-08-30T02:00:00Z,UNLV Rebels,Memphis Tigers,2439,235,mybookieag,h2h,Memphis Tigers,152.0,
90d9b4e9c9485143021eb1535e792164,2026-08-29T20:03:14Z,2026-08-30T02:00:00Z,UNLV Rebels,Memphis Tigers,2439,235,mybookieag,h2h,UNLV Rebels,-189.0,
90d9b4e9c9485143021eb1535e792164,2026-08-29T20:03:14Z,2026-08-30T02:00:00Z,UNLV Rebels,Memphis Tigers,2439,235,mybookieag,spreads,Memphis Tigers,-110.0,4.0
90d9b4e9c9485143021eb1535e792164,2026-08-29T20:03:14Z,2026-08-30T02:00:00Z,UNLV Rebels,Memphis Tigers,2439,235,mybookieag,spreads,UNLV Rebels,-110.0,-4.0
90d9b4e9c9485143021eb1535e792164,2026-08-29T20:03:14Z,2026-08-30T02:00:00Z,UNLV Rebels,Memphis Tigers,2439,235,mybookieag,totals,Over,-110.0,56.5
90d9b4e9c9485143021eb1535e792164,2026-08-29T20:03:14Z,2026-08-30T02:00:00Z,UNLV Rebels,Memphis Tigers,2439,235,mybookieag,totals,Under,-110.0,56.5
e564afb0a5ab84ab43befa56bdb90522,2026-08-29T20:03:14Z,2026-09-03T22:00:00Z,Rutgers Scarlet Knights,UMass Minutemen,164,113.0,draftkings,h2h,Rutgers Scarlet Knights,-9000.0,
e564afb0a5ab84ab43befa56bdb90522,2026-08-29T20:03:14Z,2026-09-03T22:00:00Z,Rutgers Scarlet Knights,UMass Minutemen,164,113.0,draftkings,h2h,UMass Minutemen,2500.0,
e564afb0a5ab84ab43befa56bdb90522,2026-08-29T20:03:14Z,2026-09-03T22:00:00Z,Rutgers Scarlet Knights,UMass Minutemen,164,113.0,draftkings,spreads,Rutgers Scarlet Knights,-110.0,-29.5
e564afb0a5ab84ab43befa56bdb90522,2026-08-29T20:03:14Z,2026-09-03T22:00:00Z,Rutgers Scarlet Knights,UMass Minutemen,164,113.0,draftkings,spreads,UMass Minutemen,-110.0,29.5
e564afb0a5ab84ab43befa56bdb90522,2026-08-29T20:03:14Z,2026-09-03T22:00:00Z,Rutgers Scarlet Knights,UMass Minutemen,164,113.0,draftkings,totals,Over,-112.0,52.5
e564afb0a5ab84ab43befa56bdb90522,2026-08-29T20:03:14Z,2026-09-03T22:00:00Z,Rutgers Scarlet Knights,UMass Minutemen,164,113.0,draftkings,totals,Under,-108.0,52.5
e564afb0a5ab84ab43befa56bdb90522,2026-08-29T20:03:14Z,2026-09-03T22:00:00Z,Rutgers Scarlet Knights,UMass Minutemen,164,113.0,betonlineag,spreads,Rutgers Scarlet Knights,-105.0,-29.5
e564afb0a5ab84ab43befa56bdb90522,2026-08-29T20:03:14Z,2026-09-03T22:00:00Z,Rutgers Scarlet Knights,UMass Minutemen,164,113.0,betonlineag,spreads,UMass Minutemen,-115.0,29.5
e564afb0a5ab84ab43befa56bdb90522,2026-08-29T20:03:14Z,2026-09-03T22:00:00Z,Rutgers Scarlet Knights,UMass Minutemen,164,113.0,betonlineag,totals,Over,-110.0,53.0
e564afb0a5ab84ab43befa56bdb90522,2026-08-29T20:03:14Z,2026-09-03T22:00:00Z,Rutgers Scarlet Knights,UMass Minutemen,164,113.0,betonlineag,totals,Under,-110.0,53.0
e564afb0a5ab84ab43befa56bdb90522,2026-08-29T20:03:14Z,2026-09-03T22:00:00Z,Rutgers Scarlet Knights,UMass Minutemen,164,113.0,lowvig,spreads,Rutgers Scarlet Knights,-101.0,-29.5
e564afb0a5ab84ab43befa56bdb90522,2026-08-29T20:03:14Z,2026-09-03T22:00:00Z,Rutgers Scarlet Knights,UMass Minutemen,164,113.0,lowvig,spreads,UMass Minutemen,-111.0,29.5
e564afb0a5ab84ab43befa56bdb90522,2026-08-29T20:03:14Z,2026-09-03T22:00:00Z,Rutgers Scarlet Knights,UMass Minutemen,164,113.0,lowvig,totals,Over,-108.0,53.0
e564afb0a5ab84ab43befa56bdb90522,2026-08-29T20:03:14Z,2026-09-03T22:00:00Z,Rutgers Scarlet Knights,UMass Minutemen,164,113.0,lowvig,totals,Under,-108.0,53.0
e564afb0a5ab84ab43befa56bdb90522,2026-08-29T20:03:14Z,2026-09-03T22:00:00Z,Rutgers Scarlet Knights,UMass Minutemen,164,113.0,betus,spreads,Rutgers Scarlet Knights,-105.0,-29.5
e564afb0a5ab84ab43befa56bdb90522,2026-08-29T20:03:14Z,2026-09-03T22:00:00Z,Rutgers Scarlet Knights,UMass Minutemen,164,113.0,betus,spreads,UMass Minutemen,-115.0,29.5
e564afb0a5ab84ab43befa56bdb90522,2026-08-29T20:03:14Z,2026-09-03T22:00:00Z,Rutgers Scarlet Knights,UMass Minutemen,164,113.0,betus,totals,Over,-110.0,53.0
e564afb0a5ab84ab43befa56bdb90522,2026-08-29T20:03:14Z,2026-09-03T22:00:00Z,Rutgers Scarlet Knights,UMass Minutemen,164,113.0,betus,totals,Under,-110.0,53.0
e564afb0a5ab84ab43befa56bdb90522,2026-08-29T20:03:14Z,2026-09-03T22:00:00Z,Rutgers Scarlet Knights,UMass Minutemen,164,113.0,betmgm,h2h,Rutgers Scarlet Knights,-10000.0,
e564afb0a5ab84ab43befa56bdb90522,2026-08-29T20:03:14Z,2026-09-03T22:00:00Z,Rutgers Scarlet Knights,UMass Minutemen,164,113.0,betmgm,h2h,UMass Minutemen,3000.0,
e564afb0a5ab84ab43befa56bdb90522,2026-08-29T20:03:14Z,2026-09-03T22:00:00Z,Rutgers Scarlet Knights,UMass Minutemen,164,113.0,betmgm,spreads,Rutgers Scarlet Knights,-110.0,-29.5
e564afb0a5ab84ab43befa56bdb90522,2026-08-29T20:03:14Z,2026-09-03T22:00:00Z,Rutgers Scarlet Knights,UMass Minutemen,164,113.0,betmgm,spreads,UMass Minutemen,-108.0,29.5
e564afb0a5ab84ab43befa56bdb90522,2026-08-29T20:03:14Z,2026-09-03T22:00:00Z,Rutgers Scarlet Knights,UMass Minutemen,164,113.0,betmgm,totals,Over,-108.0,53.5
e564afb0a5ab84ab43befa56bdb90522,2026-08-29T20:03:14Z,2026-09-03T22:00:00Z,Rutgers Scarlet Knights,UMass Minutemen,164,113.0,betmgm,totals,Under,-110.0,53.5
e564afb0a5ab84ab43befa56bdb90522,2026-08-29T20:03:14Z,2026-09-03T22:00:00Z,Rutgers Scarlet Knights,UMass Minutemen,164,113.0,betrivers,spreads,Rutgers Scarlet Knights,-114.0,-30.5
e564afb0a5ab84ab43befa56bdb90522,2026-08-29T20:03:14Z,2026-09-03T22:00:00Z,Rutgers Scarlet Knights,UMass Minutemen,164,113.0,betrivers,spreads,UMass Minutemen,-109.0,30.5
e564afb0a5ab84ab43befa56bdb90522,2026-08-29T20:03:14Z,2026-09-03T22:00:00Z,Rutgers Scarlet Knights,UMass Minutemen,164,113.0,betrivers,totals,Over,-113.0,53.5
e564afb0a5ab84ab43befa56bdb90522,2026-08-29T20:03:14Z,2026-09-03T22:00:00Z,Rutgers Scarlet Knights,UMass Minutemen,164,113.0,betrivers,totals,Under,-110.0,53.5
e564afb0a5ab84ab43befa56bdb90522,2026-08-29T20:03:14Z,2026-09-03T22:00:00Z,Rutgers Scarlet Knights,UMass Minutemen,164,113.0,mybookieag,totals,Over,-110.0,53.5
e564afb0a5ab84ab43befa56bdb90522,2026-08-29T20:03:14Z,2026-09-03T22:00:00Z,Rutgers Scarlet Knights,UMass Minutemen,164,113.0,mybookieag,totals,Under,-110.0,53.5
e564afb0a5ab84ab43befa56bdb90522,2026-08-29T20:03:14Z,2026-09-03T22:00:00Z,Rutgers Scarlet Knights,UMass Minutemen,164,113.0,bovada,spreads,Rutgers Scarlet Knights,-110.0,-29.0
e564afb0a5ab84ab43befa56bdb90522,2026-08-29T20:03:14Z,2026-09-03T22:00:00Z,Rutgers Scarlet Knights,UMass Minutemen,164,113.0,bovada,spreads,UMass Minutemen,-110.0,29.0
e564afb0a5ab84ab43befa56bdb90522,2026-08-29T20:03:14Z,2026-09-03T22:00:00Z,Rutgers Scarlet Knights,UMass Minutemen,164,113.0,bovada,totals,Over,-110.0,53.0
e564afb0a5ab84ab43befa56bdb90522,2026-08-29T20:03:14Z,2026-09-03T22:00:00Z,Rutgers Scarlet Knights,UMass Minutemen,164,113.0,bovada,totals,Under,-110.0,53.0
f089e3d943a34a9c4fe1808568b96529,2026-08-29T20:03:14Z,2026-09-03T23:00:00Z,Wake Forest Demon Deacons,Akron Zips,154,2006.0,draftkings,h2h,Akron Zips,1500.0,
f089e3d943a34a9c4fe1808568b96529,2026-08-29T20:03:14Z,2026-09-03T23:00:00Z,Wake Forest Demon Deacons,Akron Zips,154,2006.0,draftkings,h2h,Wake Forest Demon Deacons,-3600.0,
f089e3d943a34a9c4fe1808568b96529,2026-08-29T20:03:14Z,2026-09-03T23:00:00Z,Wake Forest Demon Deacons,Akron Zips,154,2006.0,draftkings,spreads,Akron Zips,-115.0,24.5
f089e3d943a34a9c4fe1808568b96529,2026-08-29T20:03:14Z,2026-09-03T23:00:00Z,Wake Forest Demon Deacons,Akron Zips,154,2006.0,draftkings,spreads,Wake Forest Demon Deacons,-105.0,-24.5
f089e3d943a34a9c4fe1808568b96529,2026-08-29T20:03:14Z,2026-09-03T23:00:00Z,Wake Forest Demon Deacons,Akron Zips,154,2006.0,draftkings,totals,Over,-105.0,48.5
f089e3d943a34a9c4fe1808568b96529,2026-08-29T20:03:14Z,2026-09-03T23:00:00Z,Wake Forest Demon Deacons,Akron Zips,154,2006.0,draftkings,totals,Under,-115.0,48.5
f089e3d943a34a9c4fe1808568b96529,2026-08-29T20:03:14Z,2026-09-03T23:00:00Z,Wake Forest Demon Deacons,Akron Zips,154,2006.0,betonlineag,h2h,Akron Zips,1216.0,
f089e3d943a34a9c4fe1808568b96529,2026-08-29T20:03:14Z,2026-09-03T23:00:00Z,Wake Forest Demon Deacons,Akron Zips,154,2006.0,betonlineag,h2h,Wake Forest Demon Deacons,-2800.0,
f089e3d943a34a9c4fe1808568b96529,2026-08-29T20:03:14Z,2026-09-03T23:00:00Z,Wake Forest Demon Deacons,Akron Zips,154,2006.0,betonlineag,spreads,Akron Zips,-107.0,24.5
f089e3d943a34a9c4fe1808568b96529,2026-08-29T20:03:14Z,2026-09-03T23:00:00Z,Wake Forest Demon Deacons,Akron Zips,154,2006.0,betonlineag,spreads,Wake Forest Demon Deacons,-113.0,-24.5
f089e3d943a34a9c4fe1808568b96529,2026-08-29T20:03:14Z,2026-09-03T23:00:00Z,Wake Forest Demon Deacons,Akron Zips,154,2006.0,betonlineag,totals,Over,-115.0,48.0
f089e3d943a34a9c4fe1808568b96529,2026-08-29T20:03:14Z,2026-09-03T23:00:00Z,Wake Forest Demon Deacons,Akron Zips,154,2006.0,betonlineag,totals,Under,-105.0,48.0
f089e3d943a34a9c4fe1808568b96529,2026-08-29T20:03:14Z,2026-09-03T23:00:00Z,Wake Forest Demon Deacons,Akron Zips,154,2006.0,lowvig,h2h,Akron Zips,1216.0,
f089e3d943a34a9c4fe1808568b96529,2026-08-29T20:03:14Z,2026-09-03T23:00:00Z,Wake Forest Demon Deacons,Akron Zips,154,2006.0,lowvig,h2h,Wake Forest Demon Deacons,-2800.0,
f089e3d943a34a9c4fe1808568b96529,2026-08-29T20:03:14Z,2026-09-03T23:00:00Z,Wake Forest Demon Deacons,Akron Zips,154,2006.0,lowvig,spreads,Akron Zips,-103.0,24.5
f089e3d943a34a9c4fe1808568b96529,2026-08-29T20:03:14Z,2026-09-03T23:00:00Z,Wake Forest Demon Deacons,Akron Zips,154,2006.0,lowvig,spreads,Wake Forest Demon Deacons,-109.0,-24.5
f089e3d943a34a9c4fe1808568b96529,2026-08-29T20:03:14Z,2026-09-03T23:00:00Z,Wake Forest Demon Deacons,Akron Zips,154,2006.0,lowvig,totals,Over,-114.0,48.0
f089e3d943a34a9c4fe1808568b96529,2026-08-29T20:03:14Z,2026-09-03T23:00:00Z,Wake Forest Demon Deacons,Akron Zips,154,2006.0,lowvig,totals,Under,-103.0,48.0
f089e3d943a34a9c4fe1808568b96529,2026-08-29T20:03:14Z,2026-09-03T23:00:00Z,Wake Forest Demon Deacons,Akron Zips,154,2006.0,betus,h2h,Akron Zips,1250.0,
f089e3d943a34a9c4fe1808568b96529,2026-08-29T20:03:14Z,2026-09-03T23:00:00Z,Wake Forest Demon Deacons,Akron Zips,154,2006.0,betus,h2h,Wake Forest Demon Deacons,-2800.0,
f089e3d943a34a9c4fe1808568b96529,2026-08-29T20:03:14Z,2026-09-03T23:00:00Z,Wake Forest Demon Deacons,Akron Zips,154,2006.0,betus,spreads,Akron Zips,-110.0,24.5
f089e3d943a34a9c4fe1808568b96529,2026-08-29T20:03:14Z,2026-09-03T23:00:00Z,Wake Forest Demon Deacons,Akron Zips,154,2006.0,betus,spreads,Wake Forest Demon Deacons,-110.0,-24.5
f089e3d943a34a9c4fe1808568b96529,2026-08-29T20:03:14Z,2026-09-03T23:00:00Z,Wake Forest Demon Deacons,Akron Zips,154,2006.0,betus,totals,Over,-110.0,48.0
f089e3d943a34a9c4fe1808568b96529,2026-08-29T20:03:14Z,2026-09-03T23:00:00Z,Wake Forest Demon Deacons,Akron Zips,154,2006.0,betus,totals,Under,-110.0,48.0
f089e3d943a34a9c4fe1808568b96529,2026-08-29T20:03:14Z,2026-09-03T23:00:00Z,Wake Forest Demon Deacons,Akron Zips,154,2006.0,bovada,h2h,Akron Zips,1000.0,
f089e3d943a34a9c4fe1808568b96529,2026-08-29T20:03:14Z,2026-09-03T23:00:00Z,Wake Forest Demon Deacons,Akron Zips,154,2006.0,bovada,h2h,Wake Forest Demon Deacons,-2200.0,
f089e3d943a34a9c4fe1808568b96529,2026-08-29T20:03:14Z,2026-09-03T23:00:00Z,Wake Forest Demon Deacons,Akron Zips,154,2006.0,bovada,spreads,Akron Zips,-110.0,24.0
f089e3d943a34a9c4fe1808568b96529,2026-08-29T20:03:14Z,2026-09-03T23:00:00Z,Wake Forest Demon Deacons,Akron Zips,154,2006.0,bovada,spreads,Wake Forest Demon Deacons,-110.0,-24.0
f089e3d943a34a9c4fe1808568b96529,2026-08-29T20:03:14Z,2026-09-03T23:00:00Z,Wake Forest Demon Deacons,Akron Zips,154,2006.0,bovada,totals,Over,-105.0,48.5
f089e3d943a34a9c4fe1808568b96529,2026-08-29T20:03:14Z,2026-09-03T23:00:00Z,Wake Forest Demon Deacons,Akron Zips,154,2006.0,bovada,totals,Under,-115.0,48.5
f089e3d943a34a9c4fe1808568b96529,2026-08-29T20:03:14Z,2026-09-03T23:00:00Z,Wake Forest Demon Deacons,Akron Zips,154,2006.0,fanduel,h2h,Akron Zips,1400.0,
f089e3d943a34a9c4fe1808568b96529,2026-08-29T20:03:14Z,2026-09-03T23:00:00Z,Wake Forest Demon Deacons,Akron Zips,154,2006.0,fanduel,h2h,Wake Forest Demon Deacons,-4000.0,
f089e3d943a34a9c4fe1808568b96529,2026-08-29T20:03:14Z,2026-09-03T23:00:00Z,Wake Forest Demon Deacons,Akron Zips,154,2006.0,fanduel,spreads,Akron Zips,-115.0,24.5
f089e3d943a34a9c4fe1808568b96529,2026-08-29T20:03:14Z,2026-09-03T23:00:00Z,Wake Forest Demon Deacons,Akron Zips,154,2006.0,fanduel,spreads,Wake Forest Demon Deacons,-105.0,-24.5
f089e3d943a34a9c4fe1808568b96529,2026-08-29T20:03:14Z,2026-09-03T23:00:00Z,Wake Forest Demon Deacons,Akron Zips,154,2006.0,fanduel,totals,Over,-112.0,48.5
f089e3d943a34a9c4fe1808568b96529,2026-08-29T20:03:14Z,2026-09-03T23:00:00Z,Wake Forest Demon Deacons,Akron Zips,154,2006.0,fanduel,totals,Under,-108.0,48.5
f089e3d943a34a9c4fe1808568b96529,2026-08-29T20:03:14Z,2026-09-03T23:00:00Z,Wake Forest Demon Deacons,Akron Zips,154,2006.0,betmgm,h2h,Akron Zips,1300.0,
f089e3d943a34a9c4fe1808568b96529,2026-08-29T20:03:14Z,2026-09-03T23:00:00Z,Wake Forest Demon Deacons,Akron Zips,154,2006.0,betmgm,h2h,Wake Forest Demon Deacons,-3000.0,
f089e3d943a34a9c4fe1808568b96529,2026-08-29T20:03:14Z,2026-09-03T23:00:00Z,Wake Forest Demon Deacons,Akron Zips,154,2006.0,betmgm,spreads,Akron Zips,-110.0,24.0
f089e3d943a34a9c4fe1808568b96529,2026-08-29T20:03:14Z,2026-09-03T23:00:00Z,Wake Forest Demon Deacons,Akron Zips,154,2006.0,betmgm,spreads,Wake Forest Demon Deacons,-108.0,-24.0
f089e3d943a34a9c4fe1808568b96529,2026-08-29T20:03:14Z,2026-09-03T23:00:00Z,Wake Forest Demon Deacons,Akron Zips,154,2006.0,betmgm,totals,Over,-110.0,48.5
f089e3d943a34a9c4fe1808568b96529,2026-08-29T20:03:14Z,2026-09-03T23:00:00Z,Wake Forest Demon Deacons,Akron Zips,154,2006.0,betmgm,totals,Under,-108.0,48.5
f089e3d943a34a9c4fe1808568b96529,2026-08-29T20:03:14Z,2026-09-03T23:00:00Z,Wake Forest Demon Deacons,Akron Zips,154,2006.0,betrivers,h2h,Akron Zips,1300.0,
f089e3d943a34a9c4fe1808568b96529,2026-08-29T20:03:14Z,2026-09-03T23:00:00Z,Wake Forest Demon Deacons,Akron Zips,154,2006.0,betrivers,h2h,Wake Forest Demon Deacons,-5000.0,
f089e3d943a34a9c4fe1808568b96529,2026-08-29T20:03:14Z,2026-09-03T23:00:00Z,Wake Forest Demon Deacons,Akron Zips,154,2006.0,betrivers,spreads,Akron Zips,-112.0,24.0
f089e3d943a34a9c4fe1808568b96529,2026-08-29T20:03:14Z,2026-09-03T23:00:00Z,Wake Forest Demon Deacons,Akron Zips,154,2006.0,betrivers,spreads,Wake Forest Demon Deacons,-112.0,-24.0
f089e3d943a34a9c4fe1808568b96529,2026-08-29T20:03:14Z,2026-09-03T23:00:00Z,Wake Forest Demon Deacons,Akron Zips,154,2006.0,betrivers,totals,Over,-110.0,49.0
f089e3d943a34a9c4fe1808568b96529,2026-08-29T20:03:14Z,2026-09-03T23:00:00Z,Wake Forest Demon Deacons,Akron Zips,154,2006.0,betrivers,totals,Under,-113.0,49.0
f089e3d943a34a9c4fe1808568b96529,2026-08-29T20:03:14Z,2026-09-03T23:00:00Z,Wake Forest Demon Deacons,Akron Zips,154,2006.0,mybookieag,h2h,Akron Zips,1030.0,
f089e3d943a34a9c4fe1808568b96529,2026-08-29T20:03:14Z,2026-09-03T23:00:00Z,Wake Forest Demon Deacons,Akron Zips,154,2006.0,mybookieag,h2h,Wake Forest Demon Deacons,-3366.0,
f089e3d943a34a9c4fe1808568b96529,2026-08-29T20:03:14Z,2026-09-03T23:00:00Z,Wake Forest Demon Deacons,Akron Zips,154,2006.0,mybookieag,spreads,Akron Zips,-110.0,24.0
f089e3d943a34a9c4fe1808568b96529,2026-08-29T20:03:14Z,2026-09-03T23:00:00Z,Wake Forest Demon Deacons,Akron Zips,154,2006.0,mybookieag,spreads,Wake Forest Demon Deacons,-110.0,-24.0
f089e3d943a34a9c4fe1808568b96529,2026-08-29T20:03:14Z,2026-09-03T23:00:00Z,Wake Forest Demon Deacons,Akron Zips,154,2006.0,mybookieag,totals,Over,-110.0,49.0
f089e3d943a34a9c4fe1808568b96529,2026-08-29T20:03:14Z,2026-09-03T23:00:00Z,Wake Forest Demon Deacons,Akron Zips,154,2006.0,mybookieag,totals,Under,-110.0,49.0
2f02052c3228ed6d9dc2e8ff8cdf5cdd,2026-08-29T20:03:14Z,2026-09-03T23:00:00Z,Buffalo Bulls,Albany,2084,,fanduel,h2h,Albany,1400.0,
2f02052c3228ed6d9dc2e8ff8cdf5cdd,2026-08-29T20:03:14Z,2026-09-03T23:00:00Z,Buffalo Bulls,Albany,2084,,fanduel,h2h,Buffalo Bulls,-4000.0,
2f02052c3228ed6d9dc2e8ff8cdf5cdd,2026-08-29T20:03:14Z,2026-09-03T23:00:00Z,Buffalo Bulls,Albany,2084,,fanduel,spreads,Albany,-105.0,22.5
2f02052c3228ed6d9dc2e8ff8cdf5cdd,2026-08-29T20:03:14Z,2026-09-03T23:00:00Z,Buffalo Bulls,Albany,2084,,fanduel,spreads,Buffalo Bulls,-115.0,-22.5
2f02052c3228ed6d9dc2e8ff8cdf5cdd,2026-08-29T20:03:14Z,2026-09-03T23:00:00Z,Buffalo Bulls,Albany,2084,,fanduel,totals,Over,-110.0,48.5
2f02052c3228ed6d9dc2e8ff8cdf5cdd,2026-08-29T20:03:14Z,2026-09-03T23:00:00Z,Buffalo Bulls,Albany,2084,,fanduel,totals,Under,-110.0,48.5
2f02052c3228ed6d9dc2e8ff8cdf5cdd,2026-08-29T20:03:14Z,2026-09-03T23:00:00Z,Buffalo Bulls,Albany,2084,,draftkings,h2h,Albany,1800.0,
2f02052c3228ed6d9dc2e8ff8cdf5cdd,2026-08-29T20:03:14Z,2026-09-03T23:00:00Z,Buffalo Bulls,Albany,2084,,draftkings,h2h,Buffalo Bulls,-5000.0,
2f02052c3228ed6d9dc2e8ff8cdf5cdd,2026-08-29T20:03:14Z,2026-09-03T23:00:00Z,Buffalo Bulls,Albany,2084,,draftkings,spreads,Albany,-112.0,24.5
2f02052c3228ed6d9dc2e8ff8cdf5cdd,2026-08-29T20:03:14Z,2026-09-03T23:00:00Z,Buffalo Bulls,Albany,2084,,draftkings,spreads,Buffalo Bulls,-108.0,-24.5
2f02052c3228ed6d9dc2e8ff8cdf5cdd,2026-08-29T20:03:14Z,2026-09-03T23:00:00Z,Buffalo Bulls,Albany,2084,,draftkings,totals,Over,-108.0,48.5
2f02052c3228ed6d9dc2e8ff8cdf5cdd,2026-08-29T20:03:14Z,2026-09-03T23:00:00Z,Buffalo Bulls,Albany,2084,,draftkings,totals,Under,-112.0,48.5
2f02052c3228ed6d9dc2e8ff8cdf5cdd,2026-08-29T20:03:14Z,2026-09-03T23:00:00Z,Buffalo Bulls,Albany,2084,,betrivers,spreads,Albany,-107.0,24.0
2f02052c3228ed6d9dc2e8ff8cdf5cdd,2026-08-29T20:03:14Z,2026-09-03T23:00:00Z,Buffalo Bulls,Albany,2084,,betrivers,spreads,Buffalo Bulls,-117.0,-24.0
2f02052c3228ed6d9dc2e8ff8cdf5cdd,2026-08-29T20:03:14Z,2026-09-03T23:00:00Z,Buffalo Bulls,Albany,2084,,betrivers,totals,Over,-115.0,48.0
2f02052c3228ed6d9dc2e8ff8cdf5cdd,2026-08-29T20:03:14Z,2026-09-03T23:00:00Z,Buffalo Bulls,Albany,2084,,betrivers,totals,Under,-108.0,48.0
d9f49d1967af91e2aade42979e8c65c8,2026-08-29T20:03:14Z,2026-09-03T23:00:00Z,UCF Knights,Bethune-Cookman Wildcats,2116,,fanduel,spreads,Bethune-Cookman Wildcats,-110.0,41.5
d9f49d1967af91e2aade42979e8c65c8,2026-08-29T20:03:14Z,2026-09-03T23:00:00Z,UCF Knights,Bethune-Cookman Wildcats,2116,,fanduel,spreads,UCF Knights,-110.0,-41.5
d9f49d1967af91e2aade42979e8c65c8,2026-08-29T20:03:14Z,2026-09-03T23:00:00Z,UCF Knights,Bethune-Cookman Wildcats,2116,,fanduel,totals,Over,-108.0,57.5
d9f49d1967af91e2aade42979e8c65c8,2026-08-29T20:03:14Z,2026-09-03T23:00:00Z,UCF Knights,Bethune-Cookman Wildcats,2116,,fanduel,totals,Under,-112.0,57.5
d9f49d1967af91e2aade42979e8c65c8,2026-08-29T20:03:14Z,2026-09-03T23:00:00Z,UCF Knights,Bethune-Cookman Wildcats,2116,,draftkings,spreads,Bethune-Cookman Wildcats,-110.0,42.5
d9f49d1967af91e2aade42979e8c65c8,2026-08-29T20:03:14Z,2026-09-03T23:00:00Z,UCF Knights,Bethune-Cookman Wildcats,2116,,draftkings,spreads,UCF Knights,-110.0,-42.5
d9f49d1967af91e2aade42979e8c65c8,2026-08-29T20:03:14Z,2026-09-03T23:00:00Z,UCF Knights,Bethune-Cookman Wildcats,2116,,draftkings,totals,Over,-112.0,59.5
d9f49d1967af91e2aade42979e8c65c8,2026-08-29T20:03:14Z,2026-09-03T23:00:00Z,UCF Knights,Bethune-Cookman Wildcats,2116,,draftkings,totals,Under,-108.0,59.5
d9f49d1967af91e2aade42979e8c65c8,2026-08-29T20:03:14Z,2026-09-03T23:00:00Z,UCF Knights,Bethune-Cookman Wildcats,2116,,betrivers,spreads,Bethune-Cookman Wildcats,-110.0,42.5
d9f49d1967af91e2aade42979e8c65c8,2026-08-29T20:03:14Z,2026-09-03T23:00:00Z,UCF Knights,Bethune-Cookman Wildcats,2116,,betrivers,spreads,UCF Knights,-113.0,-42.5
d9f49d1967af91e2aade42979e8c65c8,2026-08-29T20:03:14Z,2026-09-03T23:00:00Z,UCF Knights,Bethune-Cookman Wildcats,2116,,betrivers,totals,Over,-110.0,59.5
d9f49d1967af91e2aade42979e8c65c8,2026-08-29T20:03:14Z,2026-09-03T23:00:00Z,UCF Knights,Bethune-Cookman Wildcats,2116,,betrivers,totals,Under,-113.0,59.5
99279326548a5f5399cc9a2efe27a057,2026-08-29T20:03:14Z,2026-09-03T23:00:00Z,Delaware Blue Hens,Merrimack Warriors,48,,fanduel,h2h,Delaware Blue Hens,-10000.0,
99279326548a5f5399cc9a2efe27a057,2026-08-29T20:03:14Z,2026-09-03T23:00:00Z,Delaware Blue Hens,Merrimack Warriors,48,,fanduel,h2h,Merrimack Warriors,2400.0,
99279326548a5f5399cc9a2efe27a057,2026-08-29T20:03:14Z,2026-09-03T23:00:00Z,Delaware Blue Hens,Merrimack Warriors,48,,fanduel,spreads,Delaware Blue Hens,-110.0,-29.5
99279326548a5f5399cc9a2efe27a057,2026-08-29T20:03:14Z,2026-09-03T23:00:00Z,Delaware Blue Hens,Merrimack Warriors,48,,fanduel,spreads,Merrimack Warriors,-110.0,29.5
99279326548a5f5399cc9a2efe27a057,2026-08-29T20:03:14Z,2026-09-03T23:00:00Z,Delaware Blue Hens,Merrimack Warriors,48,,fanduel,totals,Over,-108.0,56.5
99279326548a5f5399cc9a2efe27a057,2026-08-29T20:03:14Z,2026-09-03T23:00:00Z,Delaware Blue Hens,Merrimack Warriors,48,,fanduel,totals,Under,-112.0,56.5
99279326548a5f5399cc9a2efe27a057,2026-08-29T20:03:14Z,2026-09-03T23:00:00Z,Delaware Blue Hens,Merrimack Warriors,48,,draftkings,h2h,Delaware Blue Hens,-20000.0,
99279326548a5f5399cc9a2efe27a057,2026-08-29T20:03:14Z,2026-09-03T23:00:00Z,Delaware Blue Hens,Merrimack Warriors,48,,draftkings,h2h,Merrimack Warriors,3500.0,
99279326548a5f5399cc9a2efe27a057,2026-08-29T20:03:14Z,2026-09-03T23:00:00Z,Delaware Blue Hens,Merrimack Warriors,48,,draftkings,spreads,Delaware Blue Hens,-108.0,-28.5
99279326548a5f5399cc9a2efe27a057,2026-08-29T20:03:14Z,2026-09-03T23:00:00Z,Delaware Blue Hens,Merrimack Warriors,48,,draftkings,spreads,Merrimack Warriors,-112.0,28.5
99279326548a5f5399cc9a2efe27a057,2026-08-29T20:03:14Z,2026-09-03T23:00:00Z,Delaware Blue Hens,Merrimack Warriors,48,,draftkings,totals,Over,-108.0,55.5
99279326548a5f5399cc9a2efe27a057,2026-08-29T20:03:14Z,2026-09-03T23:00:00Z,Delaware Blue Hens,Merrimack Warriors,48,,draftkings,totals,Under,-112.0,55.5
99279326548a5f5399cc9a2efe27a057,2026-08-29T20:03:14Z,2026-09-03T23:00:00Z,Delaware Blue Hens,Merrimack Warriors,48,,betrivers,spreads,Delaware Blue Hens,-110.0,-28.0
99279326548a5f5399cc9a2efe27a057,2026-08-29T20:03:14Z,2026-09-03T23:00:00Z,Delaware Blue Hens,Merrimack Warriors,48,,betrivers,spreads,Merrimack Warriors,-113.0,28.0
99279326548a5f5399cc9a2efe27a057,2026-08-29T20:03:14Z,2026-09-03T23:00:00Z,Delaware Blue Hens,Merrimack Warriors,48,,betrivers,totals,Over,-114.0,56.5
99279326548a5f5399cc9a2efe27a057,2026-08-29T20:03:14Z,2026-09-03T23:00:00Z,Delaware Blue Hens,Merrimack Warriors,48,,betrivers,totals,Under,-109.0,56.5
018e668269a3b5dc4055758ca86b1062,2026-08-29T20:03:14Z,2026-09-03T23:00:00Z,Kennesaw State Owls,West Georgia Wolves,338,,fanduel,h2h,Kennesaw State Owls,-4000.0,
018e668269a3b5dc4055758ca86b1062,2026-08-29T20:03:14Z,2026-09-03T23:00:00Z,Kennesaw State Owls,West Georgia Wolves,338,,fanduel,h2h,West Georgia Wolves,1400.0,
018e668269a3b5dc4055758ca86b1062,2026-08-29T20:03:14Z,2026-09-03T23:00:00Z,Kennesaw State Owls,West Georgia Wolves,338,,fanduel,spreads,Kennesaw State Owls,-105.0,-24.5
018e668269a3b5dc4055758ca86b1062,2026-08-29T20:03:14Z,2026-09-03T23:00:00Z,Kennesaw State Owls,West Georgia Wolves,338,,fanduel,spreads,West Georgia Wolves,-115.0,24.5
018e668269a3b5dc4055758ca86b1062,2026-08-29T20:03:14Z,2026-09-03T23:00:00Z,Kennesaw State Owls,West Georgia Wolves,338,,fanduel,totals,Over,-115.0,51.5
018e668269a3b5dc4055758ca86b1062,2026-08-29T20:03:14Z,2026-09-03T23:00:00Z,Kennesaw State Owls,West Georgia Wolves,338,,fanduel,totals,Under,-105.0,51.5
018e668269a3b5dc4055758ca86b1062,2026-08-29T20:03:14Z,2026-09-03T23:00:00Z,Kennesaw State Owls,West Georgia Wolves,338,,draftkings,h2h,Kennesaw State Owls,-3600.0,
018e668269a3b5dc4055758ca86b1062,2026-08-29T20:03:14Z,2026-09-03T23:00:00Z,Kennesaw State Owls,West Georgia Wolves,338,,draftkings,h2h,West Georgia Wolves,1500.0,
018e668269a3b5dc4055758ca86b1062,2026-08-29T20:03:14Z,2026-09-03T23:00:00Z,Kennesaw State Owls,West Georgia Wolves,338,,draftkings,spreads,Kennesaw State Owls,-105.0,-22.5
018e668269a3b5dc4055758ca86b1062,2026-08-29T20:03:14Z,2026-09-03T23:00:00Z,Kennesaw State Owls,West Georgia Wolves,338,,draftkings,spreads,West Georgia Wolves,-115.0,22.5
018e668269a3b5dc4055758ca86b1062,2026-08-29T20:03:14Z,2026-09-03T23:00:00Z,Kennesaw State Owls,West Georgia Wolves,338,,draftkings,totals,Over,-112.0,51.5
018e668269a3b5dc4055758ca86b1062,2026-08-29T20:03:14Z,2026-09-03T23:00:00Z,Kennesaw State Owls,West Georgia Wolves,338,,draftkings,totals,Under,-108.0,51.5
018e668269a3b5dc4055758ca86b1062,2026-08-29T20:03:14Z,2026-09-03T23:00:00Z,Kennesaw State Owls,West Georgia Wolves,338,,betrivers,spreads,Kennesaw State Owls,-109.0,-23.0
018e668269a3b5dc4055758ca86b1062,2026-08-29T20:03:14Z,2026-09-03T23:00:00Z,Kennesaw State Owls,West Georgia Wolves,338,,betrivers,spreads,West Georgia Wolves,-114.0,23.0
018e668269a3b5dc4055758ca86b1062,2026-08-29T20:03:14Z,2026-09-03T23:00:00Z,Kennesaw State Owls,West Georgia Wolves,338,,betrivers,totals,Over,-114.0,51.5
018e668269a3b5dc4055758ca86b1062,2026-08-29T20:03:14Z,2026-09-03T23:00:00Z,Kennesaw State Owls,West Georgia Wolves,338,,betrivers,totals,Under,-109.0,51.5
64cf9eedef7f4c7a764860a59f3c4329,2026-08-29T20:03:14Z,2026-09-04T00:00:00Z,Missouri Tigers,Arkansas Pine Bluff Golden Lions,142,,fanduel,spreads,Arkansas Pine Bluff Golden Lions,-110.0,53.5
64cf9eedef7f4c7a764860a59f3c4329,2026-08-29T20:03:14Z,2026-09-04T00:00:00Z,Missouri Tigers,Arkansas Pine Bluff Golden Lions,142,,fanduel,spreads,Missouri Tigers,-110.0,-53.5
64cf9eedef7f4c7a764860a59f3c4329,2026-08-29T20:03:14Z,2026-09-04T00:00:00Z,Missouri Tigers,Arkansas Pine Bluff Golden Lions,142,,fanduel,totals,Over,-115.0,62.5
64cf9eedef7f4c7a764860a59f3c4329,2026-08-29T20:03:14Z,2026-09-04T00:00:00Z,Missouri Tigers,Arkansas Pine Bluff Golden Lions,142,,fanduel,totals,Under,-105.0,62.5
64cf9eedef7f4c7a764860a59f3c4329,2026-08-29T20:03:14Z,2026-09-04T00:00:00Z,Missouri Tigers,Arkansas Pine Bluff Golden Lions,142,,draftkings,spreads,Arkansas Pine Bluff Golden Lions,-108.0,54.5
64cf9eedef7f4c7a764860a59f3c4329,2026-08-29T20:03:14Z,2026-09-04T00:00:00Z,Missouri Tigers,Arkansas Pine Bluff Golden Lions,142,,draftkings,spreads,Missouri Tigers,-112.0,-54.5
64cf9eedef7f4c7a764860a59f3c4329,2026-08-29T20:03:14Z,2026-09-04T00:00:00Z,Missouri Tigers,Arkansas Pine Bluff Golden Lions,142,,draftkings,totals,Over,-108.0,60.5
64cf9eedef7f4c7a764860a59f3c4329,2026-08-29T20:03:14Z,2026-09-04T00:00:00Z,Missouri Tigers,Arkansas Pine Bluff Golden Lions,142,,draftkings,totals,Under,-112.0,60.5
64cf9eedef7f4c7a764860a59f3c4329,2026-08-29T20:03:14Z,2026-09-04T00:00:00Z,Missouri Tigers,Arkansas Pine Bluff Golden Lions,142,,betrivers,spreads,Arkansas Pine Bluff Golden Lions,-109.0,53.5
64cf9eedef7f4c7a764860a59f3c4329,2026-08-29T20:03:14Z,2026-09-04T00:00:00Z,Missouri Tigers,Arkansas Pine Bluff Golden Lions,142,,betrivers,spreads,Missouri Tigers,-114.0,-53.5
64cf9eedef7f4c7a764860a59f3c4329,2026-08-29T20:03:14Z,2026-09-04T00:00:00Z,Missouri Tigers,Arkansas Pine Bluff Golden Lions,142,,betrivers,totals,Over,-114.0,62.5
64cf9eedef7f4c7a764860a59f3c4329,2026-08-29T20:03:14Z,2026-09-04T00:00:00Z,Missouri Tigers,Arkansas Pine Bluff Golden Lions,142,,betrivers,totals,Under,-109.0,62.5
1d6daad1c93bf7e5ae16be1db12e27d5,2026-08-29T20:03:14Z,2026-09-04T00:00:00Z,Georgia Tech Yellow Jackets,Colorado Buffaloes,59,38.0,draftkings,h2h,Colorado Buffaloes,195.0,
1d6daad1c93bf7e5ae16be1db12e27d5,2026-08-29T20:03:14Z,2026-09-04T00:00:00Z,Georgia Tech Yellow Jackets,Colorado Buffaloes,59,38.0,draftkings,h2h,Georgia Tech Yellow Jackets,-238.0,
1d6daad1c93bf7e5ae16be1db12e27d5,2026-08-29T20:03:14Z,2026-09-04T00:00:00Z,Georgia Tech Yellow Jackets,Colorado Buffaloes,59,38.0,draftkings,spreads,Colorado Buffaloes,-110.0,6.5
1d6daad1c93bf7e5ae16be1db12e27d5,2026-08-29T20:03:14Z,2026-09-04T00:00:00Z,Georgia Tech Yellow Jackets,Colorado Buffaloes,59,38.0,draftkings,spreads,Georgia Tech Yellow Jackets,-110.0,-6.5
1d6daad1c93bf7e5ae16be1db12e27d5,2026-08-29T20:03:14Z,2026-09-04T00:00:00Z,Georgia Tech Yellow Jackets,Colorado Buffaloes,59,38.0,draftkings,totals,Over,-115.0,50.5
1d6daad1c93bf7e5ae16be1db12e27d5,2026-08-29T20:03:14Z,2026-09-04T00:00:00Z,Georgia Tech Yellow Jackets,Colorado Buffaloes,59,38.0,draftkings,totals,Under,-105.0,50.5
1d6daad1c93bf7e5ae16be1db12e27d5,2026-08-29T20:03:14Z,2026-09-04T00:00:00Z,Georgia Tech Yellow Jackets,Colorado Buffaloes,59,38.0,betonlineag,h2h,Colorado Buffaloes,203.0,
1d6daad1c93bf7e5ae16be1db12e27d5,2026-08-29T20:03:14Z,2026-09-04T00:00:00Z,Georgia Tech Yellow Jackets,Colorado Buffaloes,59,38.0,betonlineag,h2h,Georgia Tech Yellow Jackets,-245.0,
1d6daad1c93bf7e5ae16be1db12e27d5,2026-08-29T20:03:14Z,2026-09-04T00:00:00Z,Georgia Tech Yellow Jackets,Colorado Buffaloes,59,38.0,betonlineag,spreads,Colorado Buffaloes,-115.0,6.5
1d6daad1c93bf7e5ae16be1db12e27d5,2026-08-29T20:03:14Z,2026-09-04T00:00:00Z,Georgia Tech Yellow Jackets,Colorado Buffaloes,59,38.0,betonlineag,spreads,Georgia Tech Yellow Jackets,-105.0,-6.5
1d6daad1c93bf7e5ae16be1db12e27d5,2026-08-29T20:03:14Z,2026-09-04T00:00:00Z,Georgia Tech Yellow Jackets,Colorado Buffaloes,59,38.0,betonlineag,totals,Over,-110.0,51.0
1d6daad1c93bf7e5ae16be1db12e27d5,2026-08-29T20:03:14Z,2026-09-04T00:00:00Z,Georgia Tech Yellow Jackets,Colorado Buffaloes,59,38.0,betonlineag,totals,Under,-110.0,51.0
1d6daad1c93bf7e5ae16be1db12e27d5,2026-08-29T20:03:14Z,2026-09-04T00:00:00Z,Georgia Tech Yellow Jackets,Colorado Buffaloes,59,38.0,lowvig,h2h,Colorado Buffaloes,203.0,
1d6daad1c93bf7e5ae16be1db12e27d5,2026-08-29T20:03:14Z,2026-09-04T00:00:00Z,Georgia Tech Yellow Jackets,Colorado Buffaloes,59,38.0,lowvig,h2h,Georgia Tech Yellow Jackets,-245.0,
1d6daad1c93bf7e5ae16be1db12e27d5,2026-08-29T20:03:14Z,2026-09-04T00:00:00Z,Georgia Tech Yellow Jackets,Colorado Buffaloes,59,38.0,lowvig,spreads,Colorado Buffaloes,-111.0,6.5
1d6daad1c93bf7e5ae16be1db12e27d5,2026-08-29T20:03:14Z,2026-09-04T00:00:00Z,Georgia Tech Yellow Jackets,Colorado Buffaloes,59,38.0,lowvig,spreads,Georgia Tech Yellow Jackets,-101.0,-6.5
1d6daad1c93bf7e5ae16be1db12e27d5,2026-08-29T20:03:14Z,2026-09-04T00:00:00Z,Georgia Tech Yellow Jackets,Colorado Buffaloes,59,38.0,lowvig,totals,Over,-108.0,51.0
1d6daad1c93bf7e5ae16be1db12e27d5,2026-08-29T20:03:14Z,2026-09-04T00:00:00Z,Georgia Tech Yellow Jackets,Colorado Buffaloes,59,38.0,lowvig,totals,Under,-108.0,51.0
1d6daad1c93bf7e5ae16be1db12e27d5,2026-08-29T20:03:14Z,2026-09-04T00:00:00Z,Georgia Tech Yellow Jackets,Colorado Buffaloes,59,38.0,betus,h2h,Colorado Buffaloes,205.0,
1d6daad1c93bf7e5ae16be1db12e27d5,2026-08-29T20:03:14Z,2026-09-04T00:00:00Z,Georgia Tech Yellow Jackets,Colorado Buffaloes,59,38.0,betus,h2h,Georgia Tech Yellow Jackets,-245.0,
1d6daad1c93bf7e5ae16be1db12e27d5,2026-08-29T20:03:14Z,2026-09-04T00:00:00Z,Georgia Tech Yellow Jackets,Colorado Buffaloes,59,38.0,betus,spreads,Colorado Buffaloes,-115.0,6.5
1d6daad1c93bf7e5ae16be1db12e27d5,2026-08-29T20:03:14Z,2026-09-04T00:00:00Z,Georgia Tech Yellow Jackets,Colorado Buffaloes,59,38.0,betus,spreads,Georgia Tech Yellow Jackets,-105.0,-6.5
1d6daad1c93bf7e5ae16be1db12e27d5,2026-08-29T20:03:14Z,2026-09-04T00:00:00Z,Georgia Tech Yellow Jackets,Colorado Buffaloes,59,38.0,betus,totals,Over,-110.0,51.0
1d6daad1c93bf7e5ae16be1db12e27d5,2026-08-29T20:03:14Z,2026-09-04T00:00:00Z,Georgia Tech Yellow Jackets,Colorado Buffaloes,59,38.0,betus,totals,Under,-110.0,51.0
1d6daad1c93bf7e5ae16be1db12e27d5,2026-08-29T20:03:14Z,2026-09-04T00:00:00Z,Georgia Tech Yellow Jackets,Colorado Buffaloes,59,38.0,bovada,h2h,Colorado Buffaloes,200.0,
1d6daad1c93bf7e5ae16be1db12e27d5,2026-08-29T20:03:14Z,2026-09-04T00:00:00Z,Georgia Tech Yellow Jackets,Colorado Buffaloes,59,38.0,bovada,h2h,Georgia Tech Yellow Jackets,-240.0,
1d6daad1c93bf7e5ae16be1db12e27d5,2026-08-29T20:03:14Z,2026-09-04T00:00:00Z,Georgia Tech Yellow Jackets,Colorado Buffaloes,59,38.0,bovada,spreads,Colorado Buffaloes,-115.0,6.5
1d6daad1c93bf7e5ae16be1db12e27d5,2026-08-29T20:03:14Z,2026-09-04T00:00:00Z,Georgia Tech Yellow Jackets,Colorado Buffaloes,59,38.0,bovada,spreads,Georgia Tech Yellow Jackets,-105.0,-6.5
1d6daad1c93bf7e5ae16be1db12e27d5,2026-08-29T20:03:14Z,2026-09-04T00:00:00Z,Georgia Tech Yellow Jackets,Colorado Buffaloes,59,38.0,bovada,totals,Over,-110.0,51.0
1d6daad1c93bf7e5ae16be1db12e27d5,2026-08-29T20:03:14Z,2026-09-04T00:00:00Z,Georgia Tech Yellow Jackets,Colorado Buffaloes,59,38.0,bovada,totals,Under,-110.0,51.0
1d6daad1c93bf7e5ae16be1db12e27d5,2026-08-29T20:03:14Z,2026-09-04T00:00:00Z,Georgia Tech Yellow Jackets,Colorado Buffaloes,59,38.0,fanduel,h2h,Colorado Buffaloes,205.0,
1d6daad1c93bf7e5ae16be1db12e27d5,2026-08-29T20:03:14Z,2026-09-04T00:00:00Z,Georgia Tech Yellow Jackets,Colorado Buffaloes,59,38.0,fanduel,h2h,Georgia Tech Yellow Jackets,-255.0,
1d6daad1c93bf7e5ae16be1db12e27d5,2026-08-29T20:03:14Z,2026-09-04T00:00:00Z,Georgia Tech Yellow Jackets,Colorado Buffaloes,59,38.0,fanduel,spreads,Colorado Buffaloes,-108.0,6.5
1d6daad1c93bf7e5ae16be1db12e27d5,2026-08-29T20:03:14Z,2026-09-04T00:00:00Z,Georgia Tech Yellow Jackets,Colorado Buffaloes,59,38.0,fanduel,spreads,Georgia Tech Yellow Jackets,-112.0,-6.5
1d6daad1c93bf7e5ae16be1db12e27d5,2026-08-29T20:03:14Z,2026-09-04T00:00:00Z,Georgia Tech Yellow Jackets,Colorado Buffaloes,59,38.0,fanduel,totals,Over,-115.0,50.5
1d6daad1c93bf7e5ae16be1db12e27d5,2026-08-29T20:03:14Z,2026-09-04T00:00:00Z,Georgia Tech Yellow Jackets,Colorado Buffaloes,59,38.0,fanduel,totals,Under,-105.0,50.5
1d6daad1c93bf7e5ae16be1db12e27d5,2026-08-29T20:03:14Z,2026-09-04T00:00:00Z,Georgia Tech Yellow Jackets,Colorado Buffaloes,59,38.0,betmgm,h2h,Colorado Buffaloes,195.0,
1d6daad1c93bf7e5ae16be1db12e27d5,2026-08-29T20:03:14Z,2026-09-04T00:00:00Z,Georgia Tech Yellow Jackets,Colorado Buffaloes,59,38.0,betmgm,h2h,Georgia Tech Yellow Jackets,-235.0,
1d6daad1c93bf7e5ae16be1db12e27d5,2026-08-29T20:03:14Z,2026-09-04T00:00:00Z,Georgia Tech Yellow Jackets,Colorado Buffaloes,59,38.0,betmgm,spreads,Colorado Buffaloes,-105.0,6.5
1d6daad1c93bf7e5ae16be1db12e27d5,2026-08-29T20:03:14Z,2026-09-04T00:00:00Z,Georgia Tech Yellow Jackets,Colorado Buffaloes,59,38.0,betmgm,spreads,Georgia Tech Yellow Jackets,-112.0,-6.5
1d6daad1c93bf7e5ae16be1db12e27d5,2026-08-29T20:03:14Z,2026-09-04T00:00:00Z,Georgia Tech Yellow Jackets,Colorado Buffaloes,59,38.0,betmgm,totals,Over,-110.0,50.5
1d6daad1c93bf7e5ae16be1db12e27d5,2026-08-29T20:03:14Z,2026-09-04T00:00:00Z,Georgia Tech Yellow Jackets,Colorado Buffaloes,59,38.0,betmgm,totals,Under,-108.0,50.5
1d6daad1c93bf7e5ae16be1db12e27d5,2026-08-29T20:03:14Z,2026-09-04T00:00:00Z,Georgia Tech Yellow Jackets,Colorado Buffaloes,59,38.0,betrivers,h2h,Colorado Buffaloes,200.0,
1d6daad1c93bf7e5ae16be1db12e27d5,2026-08-29T20:03:14Z,2026-09-04T00:00:00Z,Georgia Tech Yellow Jackets,Colorado Buffaloes,59,38.0,betrivers,h2h,Georgia Tech Yellow Jackets,-265.0,
1d6daad1c93bf7e5ae16be1db12e27d5,2026-08-29T20:03:14Z,2026-09-04T00:00:00Z,Georgia Tech Yellow Jackets,Colorado Buffaloes,59,38.0,betrivers,spreads,Colorado Buffaloes,-108.0,6.5
1d6daad1c93bf7e5ae16be1db12e27d5,2026-08-29T20:03:14Z,2026-09-04T00:00:00Z,Georgia Tech Yellow Jackets,Colorado Buffaloes,59,38.0,betrivers,spreads,Georgia Tech Yellow Jackets,-115.0,-6.5
1d6daad1c93bf7e5ae16be1db12e27d5,2026-08-29T20:03:14Z,2026-09-04T00:00:00Z,Georgia Tech Yellow Jackets,Colorado Buffaloes,59,38.0,betrivers,totals,Over,-114.0,50.5
1d6daad1c93bf7e5ae16be1db12e27d5,2026-08-29T20:03:14Z,2026-09-04T00:00:00Z,Georgia Tech Yellow Jackets,Colorado Buffaloes,59,38.0,betrivers,totals,Under,-109.0,50.5
1d6daad1c93bf7e5ae16be1db12e27d5,2026-08-29T20:03:14Z,2026-09-04T00:00:00Z,Georgia Tech Yellow Jackets,Colorado Buffaloes,59,38.0,mybookieag,h2h,Colorado Buffaloes,196.0,
1d6daad1c93bf7e5ae16be1db12e27d5,2026-08-29T20:03:14Z,2026-09-04T00:00:00Z,Georgia Tech Yellow Jackets,Colorado Buffaloes,59,38.0,mybookieag,h2h,Georgia Tech Yellow Jackets,-260.0,
1d6daad1c93bf7e5ae16be1db12e27d5,2026-08-29T20:03:14Z,2026-09-04T00:00:00Z,Georgia Tech Yellow Jackets,Colorado Buffaloes,59,38.0,mybookieag,spreads,Colorado Buffaloes,-110.0,6.5
1d6daad1c93bf7e5ae16be1db12e27d5,2026-08-29T20:03:14Z,2026-09-04T00:00:00Z,Georgia Tech Yellow Jackets,Colorado Buffaloes,59,38.0,mybookieag,spreads,Georgia Tech Yellow Jackets,-110.0,-6.5
1d6daad1c93bf7e5ae16be1db12e27d5,2026-08-29T20:03:14Z,2026-09-04T00:00:00Z,Georgia Tech Yellow Jackets,Colorado Buffaloes,59,38.0,mybookieag,totals,Over,-110.0,50.5
1d6daad1c93bf7e5ae16be1db12e27d5,2026-08-29T20:03:14Z,2026-09-04T00:00:00Z,Georgia Tech Yellow Jackets,Colorado Buffaloes,59,38.0,mybookieag,totals,Under,-110.0,50.5
e746bf44bc7bb95a7686770723882d70,2026-08-29T20:03:14Z,2026-09-04T00:00:00Z,Minnesota Golden Gophers,Eastern Illinois Panthers,135,,fanduel,spreads,Eastern Illinois Panthers,-112.0,42.5
e746bf44bc7bb95a7686770723882d70,2026-08-29T20:03:14Z,2026-09-04T00:00:00Z,Minnesota Golden Gophers,Eastern Illinois Panthers,135,,fanduel,spreads,Minnesota Golden Gophers,-108.0,-42.5
e746bf44bc7bb95a7686770723882d70,2026-08-29T20:03:14Z,2026-09-04T00:00:00Z,Minnesota Golden Gophers,Eastern Illinois Panthers,135,,fanduel,totals,Over,-105.0,51.5
e746bf44bc7bb95a7686770723882d70,2026-08-29T20:03:14Z,2026-09-04T00:00:00Z,Minnesota Golden Gophers,Eastern Illinois Panthers,135,,fanduel,totals,Under,-115.0,51.5
e746bf44bc7bb95a7686770723882d70,2026-08-29T20:03:14Z,2026-09-04T00:00:00Z,Minnesota Golden Gophers,Eastern Illinois Panthers,135,,draftkings,spreads,Eastern Illinois Panthers,-112.0,43.5
e746bf44bc7bb95a7686770723882d70,2026-08-29T20:03:14Z,2026-09-04T00:00:00Z,Minnesota Golden Gophers,Eastern Illinois Panthers,135,,draftkings,spreads,Minnesota Golden Gophers,-108.0,-43.5
e746bf44bc7bb95a7686770723882d70,2026-08-29T20:03:14Z,2026-09-04T00:00:00Z,Minnesota Golden Gophers,Eastern Illinois Panthers,135,,draftkings,totals,Over,-110.0,51.5
e746bf44bc7bb95a7686770723882d70,2026-08-29T20:03:14Z,2026-09-04T00:00:00Z,Minnesota Golden Gophers,Eastern Illinois Panthers,135,,draftkings,totals,Under,-110.0,51.5
e746bf44bc7bb95a7686770723882d70,2026-08-29T20:03:14Z,2026-09-04T00:00:00Z,Minnesota Golden Gophers,Eastern Illinois Panthers,135,,betrivers,spreads,Eastern Illinois Panthers,-110.0,43.0
e746bf44bc7bb95a7686770723882d70,2026-08-29T20:03:14Z,2026-09-04T00:00:00Z,Minnesota Golden Gophers,Eastern Illinois Panthers,135,,betrivers,spreads,Minnesota Golden Gophers,-113.0,-43.0
86e3c86de584357bb263fa4ae819ed30,2026-08-29T20:03:14Z,2026-09-04T01:00:00Z,Utah Utes,Idaho Vandals,254,,fanduel,spreads,Idaho Vandals,-115.0,35.5
86e3c86de584357bb263fa4ae819ed30,2026-08-29T20:03:14Z,2026-09-04T01:00:00Z,Utah Utes,Idaho Vandals,254,,fanduel,spreads,Utah Utes,-105.0,-35.5
86e3c86de584357bb263fa4ae819ed30,2026-08-29T20:03:14Z,2026-09-04T01:00:00Z,Utah Utes,Idaho Vandals,254,,fanduel,totals,Over,-110.0,58.5
86e3c86de584357bb263fa4ae819ed30,2026-08-29T20:03:14Z,2026-09-04T01:00:00Z,Utah Utes,Idaho Vandals,254,,fanduel,totals,Under,-110.0,58.5
86e3c86de584357bb263fa4ae819ed30,2026-08-29T20:03:14Z,2026-09-04T01:00:00Z,Utah Utes,Idaho Vandals,254,,draftkings,h2h,Idaho Vandals,3500.0,
86e3c86de584357bb263fa4ae819ed30,2026-08-29T20:03:14Z,2026-09-04T01:00:00Z,Utah Utes,Idaho Vandals,254,,draftkings,h2h,Utah Utes,-20000.0,
86e3c86de584357bb263fa4ae819ed30,2026-08-29T20:03:14Z,2026-09-04T01:00:00Z,Utah Utes,Idaho Vandals,254,,draftkings,spreads,Idaho Vandals,-108.0,33.5
86e3c86de584357bb263fa4ae819ed30,2026-08-29T20:03:14Z,2026-09-04T01:00:00Z,Utah Utes,Idaho Vandals,254,,draftkings,spreads,Utah Utes,-112.0,-33.5
86e3c86de584357bb263fa4ae819ed30,2026-08-29T20:03:14Z,2026-09-04T01:00:00Z,Utah Utes,Idaho Vandals,254,,draftkings,totals,Over,-108.0,56.5
86e3c86de584357bb263fa4ae819ed30,2026-08-29T20:03:14Z,2026-09-04T01:00:00Z,Utah Utes,Idaho Vandals,254,,draftkings,totals,Under,-112.0,56.5
86e3c86de584357bb263fa4ae819ed30,2026-08-29T20:03:14Z,2026-09-04T01:00:00Z,Utah Utes,Idaho Vandals,254,,betrivers,spreads,Idaho Vandals,-108.0,33.5
86e3c86de584357bb263fa4ae819ed30,2026-08-29T20:03:14Z,2026-09-04T01:00:00Z,Utah Utes,Idaho Vandals,254,,betrivers,spreads,Utah Utes,-115.0,-33.5
86e3c86de584357bb263fa4ae819ed30,2026-08-29T20:03:14Z,2026-09-04T01:00:00Z,Utah Utes,Idaho Vandals,254,,betrivers,totals,Over,-112.0,57.5
86e3c86de584357bb263fa4ae819ed30,2026-08-29T20:03:14Z,2026-09-04T01:00:00Z,Utah Utes,Idaho Vandals,254,,betrivers,totals,Under,-112.0,57.5
1697069330d0343bdf7930ac0b0c3863,2026-08-29T20:03:14Z,2026-09-04T01:00:00Z,Illinois Fighting Illini,UAB Blazers,356,5.0,draftkings,h2h,Illinois Fighting Illini,-10000.0,
1697069330d0343bdf7930ac0b0c3863,2026-08-29T20:03:14Z,2026-09-04T01:00:00Z,Illinois Fighting Illini,UAB Blazers,356,5.0,draftkings,h2h,UAB Blazers,3000.0,
1697069330d0343bdf7930ac0b0c3863,2026-08-29T20:03:14Z,2026-09-04T01:00:00Z,Illinois Fighting Illini,UAB Blazers,356,5.0,draftkings,spreads,Illinois Fighting Illini,-108.0,-28.5
1697069330d0343bdf7930ac0b0c3863,2026-08-29T20:03:14Z,2026-09-04T01:00:00Z,Illinois Fighting Illini,UAB Blazers,356,5.0,draftkings,spreads,UAB Blazers,-112.0,28.5
1697069330d0343bdf7930ac0b0c3863,2026-08-29T20:03:14Z,2026-09-04T01:00:00Z,Illinois Fighting Illini,UAB Blazers,356,5.0,draftkings,totals,Over,-115.0,55.5
1697069330d0343bdf7930ac0b0c3863,2026-08-29T20:03:14Z,2026-09-04T01:00:00Z,Illinois Fighting Illini,UAB Blazers,356,5.0,draftkings,totals,Under,-105.0,55.5
1697069330d0343bdf7930ac0b0c3863,2026-08-29T20:03:14Z,2026-09-04T01:00:00Z,Illinois Fighting Illini,UAB Blazers,356,5.0,betus,spreads,Illinois Fighting Illini,-110.0,-28.5
1697069330d0343bdf7930ac0b0c3863,2026-08-29T20:03:14Z,2026-09-04T01:00:00Z,Illinois Fighting Illini,UAB Blazers,356,5.0,betus,spreads,UAB Blazers,-110.0,28.5
1697069330d0343bdf7930ac0b0c3863,2026-08-29T20:03:14Z,2026-09-04T01:00:00Z,Illinois Fighting Illini,UAB Blazers,356,5.0,betus,totals,Over,-110.0,56.5
1697069330d0343bdf7930ac0b0c3863,2026-08-29T20:03:14Z,2026-09-04T01:00:00Z,Illinois Fighting Illini,UAB Blazers,356,5.0,betus,totals,Under,-110.0,56.5
1697069330d0343bdf7930ac0b0c3863,2026-08-29T20:03:14Z,2026-09-04T01:00:00Z,Illinois Fighting Illini,UAB Blazers,356,5.0,betonlineag,h2h,Illinois Fighting Illini,-5000.0,
1697069330d0343bdf7930ac0b0c3863,2026-08-29T20:03:14Z,2026-09-04T01:00:00Z,Illinois Fighting Illini,UAB Blazers,356,5.0,betonlineag,h2h,UAB Blazers,1550.0,
1697069330d0343bdf7930ac0b0c3863,2026-08-29T20:03:14Z,2026-09-04T01:00:00Z,Illinois Fighting Illini,UAB Blazers,356,5.0,betonlineag,spreads,Illinois Fighting Illini,-110.0,-28.5
1697069330d0343bdf7930ac0b0c3863,2026-08-29T20:03:14Z,2026-09-04T01:00:00Z,Illinois Fighting Illini,UAB Blazers,356,5.0,betonlineag,spreads,UAB Blazers,-110.0,28.5
1697069330d0343bdf7930ac0b0c3863,2026-08-29T20:03:14Z,2026-09-04T01:00:00Z,Illinois Fighting Illini,UAB Blazers,356,5.0,betonlineag,totals,Over,-110.0,56.0
1697069330d0343bdf7930ac0b0c3863,2026-08-29T20:03:14Z,2026-09-04T01:00:00Z,Illinois Fighting Illini,UAB Blazers,356,5.0,betonlineag,totals,Under,-110.0,56.0
1697069330d0343bdf7930ac0b0c3863,2026-08-29T20:03:14Z,2026-09-04T01:00:00Z,Illinois Fighting Illini,UAB Blazers,356,5.0,lowvig,h2h,Illinois Fighting Illini,-5000.0,
1697069330d0343bdf7930ac0b0c3863,2026-08-29T20:03:14Z,2026-09-04T01:00:00Z,Illinois Fighting Illini,UAB Blazers,356,5.0,lowvig,h2h,UAB Blazers,1550.0,
1697069330d0343bdf7930ac0b0c3863,2026-08-29T20:03:14Z,2026-09-04T01:00:00Z,Illinois Fighting Illini,UAB Blazers,356,5.0,lowvig,spreads,Illinois Fighting Illini,-106.0,-28.5
1697069330d0343bdf7930ac0b0c3863,2026-08-29T20:03:14Z,2026-09-04T01:00:00Z,Illinois Fighting Illini,UAB Blazers,356,5.0,lowvig,spreads,UAB Blazers,-106.0,28.5
1697069330d0343bdf7930ac0b0c3863,2026-08-29T20:03:14Z,2026-09-04T01:00:00Z,Illinois Fighting Illini,UAB Blazers,356,5.0,lowvig,totals,Over,-108.0,56.0
1697069330d0343bdf7930ac0b0c3863,2026-08-29T20:03:14Z,2026-09-04T01:00:00Z,Illinois Fighting Illini,UAB Blazers,356,5.0,lowvig,totals,Under,-108.0,56.0
1697069330d0343bdf7930ac0b0c3863,2026-08-29T20:03:14Z,2026-09-04T01:00:00Z,Illinois Fighting Illini,UAB Blazers,356,5.0,fanduel,h2h,Illinois Fighting Illini,-10000.0,
1697069330d0343bdf7930ac0b0c3863,2026-08-29T20:03:14Z,2026-09-04T01:00:00Z,Illinois Fighting Illini,UAB Blazers,356,5.0,fanduel,h2h,UAB Blazers,2400.0,
1697069330d0343bdf7930ac0b0c3863,2026-08-29T20:03:14Z,2026-09-04T01:00:00Z,Illinois Fighting Illini,UAB Blazers,356,5.0,fanduel,spreads,Illinois Fighting Illini,-110.0,-28.5
1697069330d0343bdf7930ac0b0c3863,2026-08-29T20:03:14Z,2026-09-04T01:00:00Z,Illinois Fighting Illini,UAB Blazers,356,5.0,fanduel,spreads,UAB Blazers,-110.0,28.5
1697069330d0343bdf7930ac0b0c3863,2026-08-29T20:03:14Z,2026-09-04T01:00:00Z,Illinois Fighting Illini,UAB Blazers,356,5.0,fanduel,totals,Over,-110.0,55.5
1697069330d0343bdf7930ac0b0c3863,2026-08-29T20:03:14Z,2026-09-04T01:00:00Z,Illinois Fighting Illini,UAB Blazers,356,5.0,fanduel,totals,Under,-110.0,55.5
1697069330d0343bdf7930ac0b0c3863,2026-08-29T20:03:14Z,2026-09-04T01:00:00Z,Illinois Fighting Illini,UAB Blazers,356,5.0,betmgm,h2h,Illinois Fighting Illini,-5000.0,
1697069330d0343bdf7930ac0b0c3863,2026-08-29T20:03:14Z,2026-09-04T01:00:00Z,Illinois Fighting Illini,UAB Blazers,356,5.0,betmgm,h2h,UAB Blazers,2000.0,
1697069330d0343bdf7930ac0b0c3863,2026-08-29T20:03:14Z,2026-09-04T01:00:00Z,Illinois Fighting Illini,UAB Blazers,356,5.0,betmgm,spreads,Illinois Fighting Illini,-105.0,-28.5
1697069330d0343bdf7930ac0b0c3863,2026-08-29T20:03:14Z,2026-09-04T01:00:00Z,Illinois Fighting Illini,UAB Blazers,356,5.0,betmgm,spreads,UAB Blazers,-112.0,28.5
1697069330d0343bdf7930ac0b0c3863,2026-08-29T20:03:14Z,2026-09-04T01:00:00Z,Illinois Fighting Illini,UAB Blazers,356,5.0,betmgm,totals,Over,-105.0,56.5
1697069330d0343bdf7930ac0b0c3863,2026-08-29T20:03:14Z,2026-09-04T01:00:00Z,Illinois Fighting Illini,UAB Blazers,356,5.0,betmgm,totals,Under,-112.0,56.5
1697069330d0343bdf7930ac0b0c3863,2026-08-29T20:03:14Z,2026-09-04T01:00:00Z,Illinois Fighting Illini,UAB Blazers,356,5.0,mybookieag,h2h,Illinois Fighting Illini,-5000.0,
1697069330d0343bdf7930ac0b0c3863,2026-08-29T20:03:14Z,2026-09-04T01:00:00Z,Illinois Fighting Illini,UAB Blazers,356,5.0,mybookieag,h2h,UAB Blazers,1150.0,
1697069330d0343bdf7930ac0b0c3863,2026-08-29T20:03:14Z,2026-09-04T01:00:00Z,Illinois Fighting Illini,UAB Blazers,356,5.0,mybookieag,spreads,Illinois Fighting Illini,-110.0,-28.5
1697069330d0343bdf7930ac0b0c3863,2026-08-29T20:03:14Z,2026-09-04T01:00:00Z,Illinois Fighting Illini,UAB Blazers,356,5.0,mybookieag,spreads,UAB Blazers,-110.0,28.5
1697069330d0343bdf7930ac0b0c3863,2026-08-29T20:03:14Z,2026-09-04T01:00:00Z,Illinois Fighting Illini,UAB Blazers,356,5.0,mybookieag,totals,Over,-110.0,57.0
1697069330d0343bdf7930ac0b0c3863,2026-08-29T20:03:14Z,2026-09-04T01:00:00Z,Illinois Fighting Illini,UAB Blazers,356,5.0,mybookieag,totals,Under,-110.0,57.0
1697069330d0343bdf7930ac0b0c3863,2026-08-29T20:03:14Z,2026-09-04T01:00:00Z,Illinois Fighting Illini,UAB Blazers,356,5.0,betrivers,spreads,Illinois Fighting Illini,-108.0,-28.5
1697069330d0343bdf7930ac0b0c3863,2026-08-29T20:03:14Z,2026-09-04T01:00:00Z,Illinois Fighting Illini,UAB Blazers,356,5.0,betrivers,spreads,UAB Blazers,-115.0,28.5
1697069330d0343bdf7930ac0b0c3863,2026-08-29T20:03:14Z,2026-09-04T01:00:00Z,Illinois Fighting Illini,UAB Blazers,356,5.0,betrivers,totals,Over,-112.0,56.5
1697069330d0343bdf7930ac0b0c3863,2026-08-29T20:03:14Z,2026-09-04T01:00:00Z,Illinois Fighting Illini,UAB Blazers,356,5.0,betrivers,totals,Under,-112.0,56.5
1697069330d0343bdf7930ac0b0c3863,2026-08-29T20:03:14Z,2026-09-04T01:00:00Z,Illinois Fighting Illini,UAB Blazers,356,5.0,bovada,spreads,Illinois Fighting Illini,100.0,-28.5
1697069330d0343bdf7930ac0b0c3863,2026-08-29T20:03:14Z,2026-09-04T01:00:00Z,Illinois Fighting Illini,UAB Blazers,356,5.0,bovada,spreads,UAB Blazers,-120.0,28.5
1697069330d0343bdf7930ac0b0c3863,2026-08-29T20:03:14Z,2026-09-04T01:00:00Z,Illinois Fighting Illini,UAB Blazers,356,5.0,bovada,totals,Over,100.0,57.0
1697069330d0343bdf7930ac0b0c3863,2026-08-29T20:03:14Z,2026-09-04T01:00:00Z,Illinois Fighting Illini,UAB Blazers,356,5.0,bovada,totals,Under,-120.0,57.0
f089e3d943a34a9c4fe1808568b96529,2026-09-02T00:42:14Z,2026-09-03T23:00:00Z,Wake Forest Demon Deacons,Akron Zips,154,2006.0,draftkings,h2h,Akron Zips,1300.0,
f089e3d943a34a9c4fe1808568b96529,2026-09-02T00:42:14Z,2026-09-03T23:00:00Z,Wake Forest Demon Deacons,Akron Zips,154,2006.0,draftkings,h2h,Wake Forest Demon Deacons,-2800.0,
f089e3d943a34a9c4fe1808568b96529,2026-09-02T00:42:14Z,2026-09-03T23:00:00Z,Wake Forest Demon Deacons,Akron Zips,154,2006.0,draftkings,spreads,Akron Zips,100.0,23.5
f089e3d943a34a9c4fe1808568b96529,2026-09-02T00:42:14Z,2026-09-03T23:00:00Z,Wake Forest Demon Deacons,Akron Zips,154,2006.0,draftkings,spreads,Wake Forest Demon Deacons,-120.0,-23.5
f089e3d943a34a9c4fe1808568b96529,2026-09-02T00:42:14Z,2026-09-03T23:00:00Z,Wake Forest Demon Deacons,Akron Zips,154,2006.0,draftkings,totals,Over,-105.0,48.5
f089e3d943a34a9c4fe1808568b96529,2026-09-02T00:42:14Z,2026-09-03T23:00:00Z,Wake Forest Demon Deacons,Akron Zips,154,2006.0,draftkings,totals,Under,-115.0,48.5
f089e3d943a34a9c4fe1808568b96529,2026-09-02T00:42:14Z,2026-09-03T23:00:00Z,Wake Forest Demon Deacons,Akron Zips,154,2006.0,betonlineag,h2h,Akron Zips,1256.0,
f089e3d943a34a9c4fe1808568b96529,2026-09-02T00:42:14Z,2026-09-03T23:00:00Z,Wake Forest Demon Deacons,Akron Zips,154,2006.0,betonlineag,h2h,Wake Forest Demon Deacons,-3000.0,
f089e3d943a34a9c4fe1808568b96529,2026-09-02T00:42:14Z,2026-09-03T23:00:00Z,Wake Forest Demon Deacons,Akron Zips,154,2006.0,betonlineag,spreads,Akron Zips,-108.0,24.0
f089e3d943a34a9c4fe1808568b96529,2026-09-02T00:42:14Z,2026-09-03T23:00:00Z,Wake Forest Demon Deacons,Akron Zips,154,2006.0,betonlineag,spreads,Wake Forest Demon Deacons,-112.0,-24.0
f089e3d943a34a9c4fe1808568b96529,2026-09-02T00:42:14Z,2026-09-03T23:00:00Z,Wake Forest Demon Deacons,Akron Zips,154,2006.0,betonlineag,totals,Over,-110.0,48.5
f089e3d943a34a9c4fe1808568b96529,2026-09-02T00:42:14Z,2026-09-03T23:00:00Z,Wake Forest Demon Deacons,Akron Zips,154,2006.0,betonlineag,totals,Under,-110.0,48.5
f089e3d943a34a9c4fe1808568b96529,2026-09-02T00:42:14Z,2026-09-03T23:00:00Z,Wake Forest Demon Deacons,Akron Zips,154,2006.0,lowvig,h2h,Akron Zips,1256.0,
f089e3d943a34a9c4fe1808568b96529,2026-09-02T00:42:14Z,2026-09-03T23:00:00Z,Wake Forest Demon Deacons,Akron Zips,154,2006.0,lowvig,h2h,Wake Forest Demon Deacons,-3000.0,
f089e3d943a34a9c4fe1808568b96529,2026-09-02T00:42:14Z,2026-09-03T23:00:00Z,Wake Forest Demon Deacons,Akron Zips,154,2006.0,lowvig,spreads,Akron Zips,-104.0,24.0
f089e3d943a34a9c4fe1808568b96529,2026-09-02T00:42:14Z,2026-09-03T23:00:00Z,Wake Forest Demon Deacons,Akron Zips,154,2006.0,lowvig,spreads,Wake Forest Demon Deacons,-108.0,-24.0
f089e3d943a34a9c4fe1808568b96529,2026-09-02T00:42:14Z,2026-09-03T23:00:00Z,Wake Forest Demon Deacons,Akron Zips,154,2006.0,lowvig,totals,Over,-108.0,48.5
f089e3d943a34a9c4fe1808568b96529,2026-09-02T00:42:14Z,2026-09-03T23:00:00Z,Wake Forest Demon Deacons,Akron Zips,154,2006.0,lowvig,totals,Under,-108.0,48.5
f089e3d943a34a9c4fe1808568b96529,2026-09-02T00:42:14Z,2026-09-03T23:00:00Z,Wake Forest Demon Deacons,Akron Zips,154,2006.0,betus,h2h,Akron Zips,1250.0,
f089e3d943a34a9c4fe1808568b96529,2026-09-02T00:42:14Z,2026-09-03T23:00:00Z,Wake Forest Demon Deacons,Akron Zips,154,2006.0,betus,h2h,Wake Forest Demon Deacons,-2800.0,
f089e3d943a34a9c4fe1808568b96529,2026-09-02T00:42:14Z,2026-09-03T23:00:00Z,Wake Forest Demon Deacons,Akron Zips,154,2006.0,betus,spreads,Akron Zips,-110.0,24.0
f089e3d943a34a9c4fe1808568b96529,2026-09-02T00:42:14Z,2026-09-03T23:00:00Z,Wake Forest Demon Deacons,Akron Zips,154,2006.0,betus,spreads,Wake Forest Demon Deacons,-110.0,-24.0
f089e3d943a34a9c4fe1808568b96529,2026-09-02T00:42:14Z,2026-09-03T23:00:00Z,Wake Forest Demon Deacons,Akron Zips,154,2006.0,betus,totals,Over,-110.0,48.5
f089e3d943a34a9c4fe1808568b96529,2026-09-02T00:42:14Z,2026-09-03T23:00:00Z,Wake Forest Demon Deacons,Akron Zips,154,2006.0,betus,totals,Under,-110.0,48.5
f089e3d943a34a9c4fe1808568b96529,2026-09-02T00:42:14Z,2026-09-03T23:00:00Z,Wake Forest Demon Deacons,Akron Zips,154,2006.0,bovada,h2h,Akron Zips,1000.0,
f089e3d943a34a9c4fe1808568b96529,2026-09-02T00:42:14Z,2026-09-03T23:00:00Z,Wake Forest Demon Deacons,Akron Zips,154,2006.0,bovada,h2h,Wake Forest Demon Deacons,-2200.0,
f089e3d943a34a9c4fe1808568b96529,2026-09-02T00:42:14Z,2026-09-03T23:00:00Z,Wake Forest Demon Deacons,Akron Zips,154,2006.0,bovada,spreads,Akron Zips,-110.0,24.0
f089e3d943a34a9c4fe1808568b96529,2026-09-02T00:42:14Z,2026-09-03T23:00:00Z,Wake Forest Demon Deacons,Akron Zips,154,2006.0,bovada,spreads,Wake Forest Demon Deacons,-110.0,-24.0
f089e3d943a34a9c4fe1808568b96529,2026-09-02T00:42:14Z,2026-09-03T23:00:00Z,Wake Forest Demon Deacons,Akron Zips,154,2006.0,bovada,totals,Over,-110.0,48.5
f089e3d943a34a9c4fe1808568b96529,2026-09-02T00:42:14Z,2026-09-03T23:00:00Z,Wake Forest Demon Deacons,Akron Zips,154,2006.0,bovada,totals,Under,-110.0,48.5
f089e3d943a34a9c4fe1808568b96529,2026-09-02T00:42:14Z,2026-09-03T23:00:00Z,Wake Forest Demon Deacons,Akron Zips,154,2006.0,fanduel,h2h,Akron Zips,1400.0,
f089e3d943a34a9c4fe1808568b96529,2026-09-02T00:42:14Z,2026-09-03T23:00:00Z,Wake Forest Demon Deacons,Akron Zips,154,2006.0,fanduel,h2h,Wake Forest Demon Deacons,-4000.0,
f089e3d943a34a9c4fe1808568b96529,2026-09-02T00:42:14Z,2026-09-03T23:00:00Z,Wake Forest Demon Deacons,Akron Zips,154,2006.0,fanduel,spreads,Akron Zips,-115.0,24.5
f089e3d943a34a9c4fe1808568b96529,2026-09-02T00:42:14Z,2026-09-03T23:00:00Z,Wake Forest Demon Deacons,Akron Zips,154,2006.0,fanduel,spreads,Wake Forest Demon Deacons,-105.0,-24.5
f089e3d943a34a9c4fe1808568b96529,2026-09-02T00:42:14Z,2026-09-03T23:00:00Z,Wake Forest Demon Deacons,Akron Zips,154,2006.0,fanduel,totals,Over,-110.0,48.5
f089e3d943a34a9c4fe1808568b96529,2026-09-02T00:42:14Z,2026-09-03T23:00:00Z,Wake Forest Demon Deacons,Akron Zips,154,2006.0,fanduel,totals,Under,-110.0,48.5
f089e3d943a34a9c4fe1808568b96529,2026-09-02T00:42:14Z,2026-09-03T23:00:00Z,Wake Forest Demon Deacons,Akron Zips,154,2006.0,betmgm,h2h,Akron Zips,1350.0,
f089e3d943a34a9c4fe1808568b96529,2026-09-02T00:42:14Z,2026-09-03T23:00:00Z,Wake Forest Demon Deacons,Akron Zips,154,2006.0,betmgm,h2h,Wake Forest Demon Deacons,-2500.0,
f089e3d943a34a9c4fe1808568b96529,2026-09-02T00:42:14Z,2026-09-03T23:00:00Z,Wake Forest Demon Deacons,Akron Zips,154,2006.0,betmgm,spreads,Akron Zips,-105.0,24.0
f089e3d943a34a9c4fe1808568b96529,2026-09-02T00:42:14Z,2026-09-03T23:00:00Z,Wake Forest Demon Deacons,Akron Zips,154,2006.0,betmgm,spreads,Wake Forest Demon Deacons,-112.0,-24.0
f089e3d943a34a9c4fe1808568b96529,2026-09-02T00:42:14Z,2026-09-03T23:00:00Z,Wake Forest Demon Deacons,Akron Zips,154,2006.0,betmgm,totals,Over,-108.0,48.5
f089e3d943a34a9c4fe1808568b96529,2026-09-02T00:42:14Z,2026-09-03T23:00:00Z,Wake Forest Demon Deacons,Akron Zips,154,2006.0,betmgm,totals,Under,-110.0,48.5
f089e3d943a34a9c4fe1808568b96529,2026-09-02T00:42:14Z,2026-09-03T23:00:00Z,Wake Forest Demon Deacons,Akron Zips,154,2006.0,betrivers,h2h,Akron Zips,1400.0,
f089e3d943a34a9c4fe1808568b96529,2026-09-02T00:42:14Z,2026-09-03T23:00:00Z,Wake Forest Demon Deacons,Akron Zips,154,2006.0,betrivers,h2h,Wake Forest Demon Deacons,-10000.0,
f089e3d943a34a9c4fe1808568b96529,2026-09-02T00:42:14Z,2026-09-03T23:00:00Z,Wake Forest Demon Deacons,Akron Zips,154,2006.0,betrivers,spreads,Akron Zips,-110.0,24.0
f089e3d943a34a9c4fe1808568b96529,2026-09-02T00:42:14Z,2026-09-03T23:00:00Z,Wake Forest Demon Deacons,Akron Zips,154,2006.0,betrivers,spreads,Wake Forest Demon Deacons,-113.0,-24.0
f089e3d943a34a9c4fe1808568b96529,2026-09-02T00:42:14Z,2026-09-03T23:00:00Z,Wake Forest Demon Deacons,Akron Zips,154,2006.0,betrivers,totals,Over,-115.0,48.0
f089e3d943a34a9c4fe1808568b96529,2026-09-02T00:42:14Z,2026-09-03T23:00:00Z,Wake Forest Demon Deacons,Akron Zips,154,2006.0,betrivers,totals,Under,-108.0,48.0
f089e3d943a34a9c4fe1808568b96529,2026-09-02T00:42:14Z,2026-09-03T23:00:00Z,Wake Forest Demon Deacons,Akron Zips,154,2006.0,mybookieag,h2h,Akron Zips,1130.0,
f089e3d943a34a9c4fe1808568b96529,2026-09-02T00:42:14Z,2026-09-03T23:00:00Z,Wake Forest Demon Deacons,Akron Zips,154,2006.0,mybookieag,h2h,Wake Forest Demon Deacons,-3366.0,
f089e3d943a34a9c4fe1808568b96529,2026-09-02T00:42:14Z,2026-09-03T23:00:00Z,Wake Forest Demon Deacons,Akron Zips,154,2006.0,mybookieag,spreads,Akron Zips,-110.0,24.0
f089e3d943a34a9c4fe1808568b96529,2026-09-02T00:42:14Z,2026-09-03T23:00:00Z,Wake Forest Demon Deacons,Akron Zips,154,2006.0,mybookieag,spreads,Wake Forest Demon Deacons,-110.0,-24.0
f089e3d943a34a9c4fe1808568b96529,2026-09-02T00:42:14Z,2026-09-03T23:00:00Z,Wake Forest Demon Deacons,Akron Zips,154,2006.0,mybookieag,totals,Over,-110.0,48.5
f089e3d943a34a9c4fe1808568b96529,2026-09-02T00:42:14Z,2026-09-03T23:00:00Z,Wake Forest Demon Deacons,Akron Zips,154,2006.0,mybookieag,totals,Under,-110.0,48.5
2f02052c3228ed6d9dc2e8ff8cdf5cdd,2026-09-02T00:42:14Z,2026-09-03T23:00:00Z,Buffalo Bulls,Albany,2084,,fanduel,h2h,Albany,890.0,
2f02052c3228ed6d9dc2e8ff8cdf5cdd,2026-09-02T00:42:14Z,2026-09-03T23:00:00Z,Buffalo Bulls,Albany,2084,,fanduel,h2h,Buffalo Bulls,-1700.0,
2f02052c3228ed6d9dc2e8ff8cdf5cdd,2026-09-02T00:42:14Z,2026-09-03T23:00:00Z,Buffalo Bulls,Albany,2084,,fanduel,spreads,Albany,-108.0,18.5
2f02052c3228ed6d9dc2e8ff8cdf5cdd,2026-09-02T00:42:14Z,2026-09-03T23:00:00Z,Buffalo Bulls,Albany,2084,,fanduel,spreads,Buffalo Bulls,-112.0,-18.5
2f02052c3228ed6d9dc2e8ff8cdf5cdd,2026-09-02T00:42:14Z,2026-09-03T23:00:00Z,Buffalo Bulls,Albany,2084,,fanduel,totals,Over,-110.0,48.5
2f02052c3228ed6d9dc2e8ff8cdf5cdd,2026-09-02T00:42:14Z,2026-09-03T23:00:00Z,Buffalo Bulls,Albany,2084,,fanduel,totals,Under,-110.0,48.5
2f02052c3228ed6d9dc2e8ff8cdf5cdd,2026-09-02T00:42:14Z,2026-09-03T23:00:00Z,Buffalo Bulls,Albany,2084,,draftkings,h2h,Albany,750.0,
2f02052c3228ed6d9dc2e8ff8cdf5cdd,2026-09-02T00:42:14Z,2026-09-03T23:00:00Z,Buffalo Bulls,Albany,2084,,draftkings,h2h,Buffalo Bulls,-1200.0,
2f02052c3228ed6d9dc2e8ff8cdf5cdd,2026-09-02T00:42:14Z,2026-09-03T23:00:00Z,Buffalo Bulls,Albany,2084,,draftkings,spreads,Albany,-108.0,18.5
2f02052c3228ed6d9dc2e8ff8cdf5cdd,2026-09-02T00:42:14Z,2026-09-03T23:00:00Z,Buffalo Bulls,Albany,2084,,draftkings,spreads,Buffalo Bulls,-112.0,-18.5
2f02052c3228ed6d9dc2e8ff8cdf5cdd,2026-09-02T00:42:14Z,2026-09-03T23:00:00Z,Buffalo Bulls,Albany,2084,,draftkings,totals,Over,-108.0,48.5
2f02052c3228ed6d9dc2e8ff8cdf5cdd,2026-09-02T00:42:14Z,2026-09-03T23:00:00Z,Buffalo Bulls,Albany,2084,,draftkings,totals,Under,-112.0,48.5
2f02052c3228ed6d9dc2e8ff8cdf5cdd,2026-09-02T00:42:14Z,2026-09-03T23:00:00Z,Buffalo Bulls,Albany,2084,,betrivers,h2h,Albany,850.0,
2f02052c3228ed6d9dc2e8ff8cdf5cdd,2026-09-02T00:42:14Z,2026-09-03T23:00:00Z,Buffalo Bulls,Albany,2084,,betrivers,h2h,Buffalo Bulls,-2000.0,
2f02052c3228ed6d9dc2e8ff8cdf5cdd,2026-09-02T00:42:14Z,2026-09-03T23:00:00Z,Buffalo Bulls,Albany,2084,,betrivers,spreads,Albany,-112.0,18.5
2f02052c3228ed6d9dc2e8ff8cdf5cdd,2026-09-02T00:42:14Z,2026-09-03T23:00:00Z,Buffalo Bulls,Albany,2084,,betrivers,spreads,Buffalo Bulls,-112.0,-18.5
2f02052c3228ed6d9dc2e8ff8cdf5cdd,2026-09-02T00:42:14Z,2026-09-03T23:00:00Z,Buffalo Bulls,Albany,2084,,betrivers,totals,Over,-113.0,48.0
2f02052c3228ed6d9dc2e8ff8cdf5cdd,2026-09-02T00:42:14Z,2026-09-03T23:00:00Z,Buffalo Bulls,Albany,2084,,betrivers,totals,Under,-110.0,48.0
2f02052c3228ed6d9dc2e8ff8cdf5cdd,2026-09-02T00:42:14Z,2026-09-03T23:00:00Z,Buffalo Bulls,Albany,2084,,lowvig,spreads,Albany,-130.0,19.5
2f02052c3228ed6d9dc2e8ff8cdf5cdd,2026-09-02T00:42:14Z,2026-09-03T23:00:00Z,Buffalo Bulls,Albany,2084,,lowvig,spreads,Buffalo Bulls,-101.0,-19.5
2f02052c3228ed6d9dc2e8ff8cdf5cdd,2026-09-02T00:42:14Z,2026-09-03T23:00:00Z,Buffalo Bulls,Albany,2084,,lowvig,totals,Over,-115.0,47.5
2f02052c3228ed6d9dc2e8ff8cdf5cdd,2026-09-02T00:42:14Z,2026-09-03T23:00:00Z,Buffalo Bulls,Albany,2084,,lowvig,totals,Under,-115.0,47.5
2f02052c3228ed6d9dc2e8ff8cdf5cdd,2026-09-02T00:42:14Z,2026-09-03T23:00:00Z,Buffalo Bulls,Albany,2084,,betonlineag,spreads,Albany,-130.0,19.5
2f02052c3228ed6d9dc2e8ff8cdf5cdd,2026-09-02T00:42:14Z,2026-09-03T23:00:00Z,Buffalo Bulls,Albany,2084,,betonlineag,spreads,Buffalo Bulls,-101.0,-19.5
2f02052c3228ed6d9dc2e8ff8cdf5cdd,2026-09-02T00:42:14Z,2026-09-03T23:00:00Z,Buffalo Bulls,Albany,2084,,betonlineag,totals,Over,-115.0,47.5
2f02052c3228ed6d9dc2e8ff8cdf5cdd,2026-09-02T00:42:14Z,2026-09-03T23:00:00Z,Buffalo Bulls,Albany,2084,,betonlineag,totals,Under,-115.0,47.5
2f02052c3228ed6d9dc2e8ff8cdf5cdd,2026-09-02T00:42:14Z,2026-09-03T23:00:00Z,Buffalo Bulls,Albany,2084,,betmgm,h2h,Albany,950.0,
2f02052c3228ed6d9dc2e8ff8cdf5cdd,2026-09-02T00:42:14Z,2026-09-03T23:00:00Z,Buffalo Bulls,Albany,2084,,betmgm,h2h,Buffalo Bulls,-1400.0,
2f02052c3228ed6d9dc2e8ff8cdf5cdd,2026-09-02T00:42:14Z,2026-09-03T23:00:00Z,Buffalo Bulls,Albany,2084,,betmgm,spreads,Albany,-110.0,18.5
2f02052c3228ed6d9dc2e8ff8cdf5cdd,2026-09-02T00:42:14Z,2026-09-03T23:00:00Z,Buffalo Bulls,Albany,2084,,betmgm,spreads,Buffalo Bulls,-108.0,-18.5
2f02052c3228ed6d9dc2e8ff8cdf5cdd,2026-09-02T00:42:14Z,2026-09-03T23:00:00Z,Buffalo Bulls,Albany,2084,,betmgm,totals,Over,-102.0,48.5
2f02052c3228ed6d9dc2e8ff8cdf5cdd,2026-09-02T00:42:14Z,2026-09-03T23:00:00Z,Buffalo Bulls,Albany,2084,,betmgm,totals,Under,-118.0,48.5
d9f49d1967af91e2aade42979e8c65c8,2026-09-02T00:42:14Z,2026-09-03T23:00:00Z,UCF Knights,Bethune-Cookman Wildcats,2116,,fanduel,spreads,Bethune-Cookman Wildcats,-110.0,42.5
d9f49d1967af91e2aade42979e8c65c8,2026-09-02T00:42:14Z,2026-09-03T23:00:00Z,UCF Knights,Bethune-Cookman Wildcats,2116,,fanduel,spreads,UCF Knights,-110.0,-42.5
d9f49d1967af91e2aade42979e8c65c8,2026-09-02T00:42:14Z,2026-09-03T23:00:00Z,UCF Knights,Bethune-Cookman Wildcats,2116,,fanduel,totals,Over,-114.0,58.5
d9f49d1967af91e2aade42979e8c65c8,2026-09-02T00:42:14Z,2026-09-03T23:00:00Z,UCF Knights,Bethune-Cookman Wildcats,2116,,fanduel,totals,Under,-106.0,58.5
d9f49d1967af91e2aade42979e8c65c8,2026-09-02T00:42:14Z,2026-09-03T23:00:00Z,UCF Knights,Bethune-Cookman Wildcats,2116,,draftkings,spreads,Bethune-Cookman Wildcats,-108.0,42.5
d9f49d1967af91e2aade42979e8c65c8,2026-09-02T00:42:14Z,2026-09-03T23:00:00Z,UCF Knights,Bethune-Cookman Wildcats,2116,,draftkings,spreads,UCF Knights,-112.0,-42.5
d9f49d1967af91e2aade42979e8c65c8,2026-09-02T00:42:14Z,2026-09-03T23:00:00Z,UCF Knights,Bethune-Cookman Wildcats,2116,,draftkings,totals,Over,-105.0,59.5
d9f49d1967af91e2aade42979e8c65c8,2026-09-02T00:42:14Z,2026-09-03T23:00:00Z,UCF Knights,Bethune-Cookman Wildcats,2116,,draftkings,totals,Under,-115.0,59.5
d9f49d1967af91e2aade42979e8c65c8,2026-09-02T00:42:14Z,2026-09-03T23:00:00Z,UCF Knights,Bethune-Cookman Wildcats,2116,,betrivers,spreads,Bethune-Cookman Wildcats,-110.0,42.5
d9f49d1967af91e2aade42979e8c65c8,2026-09-02T00:42:14Z,2026-09-03T23:00:00Z,UCF Knights,Bethune-Cookman Wildcats,2116,,betrivers,spreads,UCF Knights,-113.0,-42.5
d9f49d1967af91e2aade42979e8c65c8,2026-09-02T00:42:14Z,2026-09-03T23:00:00Z,UCF Knights,Bethune-Cookman Wildcats,2116,,betrivers,totals,Over,-109.0,59.0
d9f49d1967af91e2aade42979e8c65c8,2026-09-02T00:42:14Z,2026-09-03T23:00:00Z,UCF Knights,Bethune-Cookman Wildcats,2116,,betrivers,totals,Under,-114.0,59.0
d9f49d1967af91e2aade42979e8c65c8,2026-09-02T00:42:14Z,2026-09-03T23:00:00Z,UCF Knights,Bethune-Cookman Wildcats,2116,,lowvig,spreads,Bethune-Cookman Wildcats,-115.0,42.5
d9f49d1967af91e2aade42979e8c65c8,2026-09-02T00:42:14Z,2026-09-03T23:00:00Z,UCF Knights,Bethune-Cookman Wildcats,2116,,lowvig,spreads,UCF Knights,-115.0,-42.5
d9f49d1967af91e2aade42979e8c65c8,2026-09-02T00:42:14Z,2026-09-03T23:00:00Z,UCF Knights,Bethune-Cookman Wildcats,2116,,lowvig,totals,Over,-120.0,59.0
d9f49d1967af91e2aade42979e8c65c8,2026-09-02T00:42:14Z,2026-09-03T23:00:00Z,UCF Knights,Bethune-Cookman Wildcats,2116,,lowvig,totals,Under,-110.0,59.0
d9f49d1967af91e2aade42979e8c65c8,2026-09-02T00:42:14Z,2026-09-03T23:00:00Z,UCF Knights,Bethune-Cookman Wildcats,2116,,betonlineag,spreads,Bethune-Cookman Wildcats,-115.0,42.5
d9f49d1967af91e2aade42979e8c65c8,2026-09-02T00:42:14Z,2026-09-03T23:00:00Z,UCF Knights,Bethune-Cookman Wildcats,2116,,betonlineag,spreads,UCF Knights,-115.0,-42.5
d9f49d1967af91e2aade42979e8c65c8,2026-09-02T00:42:14Z,2026-09-03T23:00:00Z,UCF Knights,Bethune-Cookman Wildcats,2116,,betonlineag,totals,Over,-120.0,59.0
d9f49d1967af91e2aade42979e8c65c8,2026-09-02T00:42:14Z,2026-09-03T23:00:00Z,UCF Knights,Bethune-Cookman Wildcats,2116,,betonlineag,totals,Under,-110.0,59.0
99279326548a5f5399cc9a2efe27a057,2026-09-02T00:42:14Z,2026-09-03T23:00:00Z,Delaware Blue Hens,Merrimack Warriors,48,,fanduel,h2h,Delaware Blue Hens,-10000.0,
99279326548a5f5399cc9a2efe27a057,2026-09-02T00:42:14Z,2026-09-03T23:00:00Z,Delaware Blue Hens,Merrimack Warriors,48,,fanduel,h2h,Merrimack Warriors,2400.0,
99279326548a5f5399cc9a2efe27a057,2026-09-02T00:42:14Z,2026-09-03T23:00:00Z,Delaware Blue Hens,Merrimack Warriors,48,,fanduel,spreads,Delaware Blue Hens,-115.0,-28.5
99279326548a5f5399cc9a2efe27a057,2026-09-02T00:42:14Z,2026-09-03T23:00:00Z,Delaware Blue Hens,Merrimack Warriors,48,,fanduel,spreads,Merrimack Warriors,-105.0,28.5
99279326548a5f5399cc9a2efe27a057,2026-09-02T00:42:14Z,2026-09-03T23:00:00Z,Delaware Blue Hens,Merrimack Warriors,48,,fanduel,totals,Over,-110.0,56.5
99279326548a5f5399cc9a2efe27a057,2026-09-02T00:42:14Z,2026-09-03T23:00:00Z,Delaware Blue Hens,Merrimack Warriors,48,,fanduel,totals,Under,-110.0,56.5
99279326548a5f5399cc9a2efe27a057,2026-09-02T00:42:14Z,2026-09-03T23:00:00Z,Delaware Blue Hens,Merrimack Warriors,48,,betrivers,spreads,Delaware Blue Hens,-110.0,-28.5
99279326548a5f5399cc9a2efe27a057,2026-09-02T00:42:14Z,2026-09-03T23:00:00Z,Delaware Blue Hens,Merrimack Warriors,48,,betrivers,spreads,Merrimack Warriors,-112.0,28.5
99279326548a5f5399cc9a2efe27a057,2026-09-02T00:42:14Z,2026-09-03T23:00:00Z,Delaware Blue Hens,Merrimack Warriors,48,,betrivers,totals,Over,-112.0,56.5
99279326548a5f5399cc9a2efe27a057,2026-09-02T00:42:14Z,2026-09-03T23:00:00Z,Delaware Blue Hens,Merrimack Warriors,48,,betrivers,totals,Under,-112.0,56.5
99279326548a5f5399cc9a2efe27a057,2026-09-02T00:42:14Z,2026-09-03T23:00:00Z,Delaware Blue Hens,Merrimack Warriors,48,,lowvig,spreads,Delaware Blue Hens,-125.0,-28.5
99279326548a5f5399cc9a2efe27a057,2026-09-02T00:42:14Z,2026-09-03T23:00:00Z,Delaware Blue Hens,Merrimack Warriors,48,,lowvig,spreads,Merrimack Warriors,-105.0,28.5
99279326548a5f5399cc9a2efe27a057,2026-09-02T00:42:14Z,2026-09-03T23:00:00Z,Delaware Blue Hens,Merrimack Warriors,48,,lowvig,totals,Over,-115.0,55.5
99279326548a5f5399cc9a2efe27a057,2026-09-02T00:42:14Z,2026-09-03T23:00:00Z,Delaware Blue Hens,Merrimack Warriors,48,,lowvig,totals,Under,-115.0,55.5
99279326548a5f5399cc9a2efe27a057,2026-09-02T00:42:14Z,2026-09-03T23:00:00Z,Delaware Blue Hens,Merrimack Warriors,48,,betonlineag,spreads,Delaware Blue Hens,-125.0,-28.5
99279326548a5f5399cc9a2efe27a057,2026-09-02T00:42:14Z,2026-09-03T23:00:00Z,Delaware Blue Hens,Merrimack Warriors,48,,betonlineag,spreads,Merrimack Warriors,-105.0,28.5
99279326548a5f5399cc9a2efe27a057,2026-09-02T00:42:14Z,2026-09-03T23:00:00Z,Delaware Blue Hens,Merrimack Warriors,48,,betonlineag,totals,Over,-115.0,55.5
99279326548a5f5399cc9a2efe27a057,2026-09-02T00:42:14Z,2026-09-03T23:00:00Z,Delaware Blue Hens,Merrimack Warriors,48,,betonlineag,totals,Under,-115.0,55.5
99279326548a5f5399cc9a2efe27a057,2026-09-02T00:42:14Z,2026-09-03T23:00:00Z,Delaware Blue Hens,Merrimack Warriors,48,,betmgm,h2h,Delaware Blue Hens,-10000.0,
99279326548a5f5399cc9a2efe27a057,2026-09-02T00:42:14Z,2026-09-03T23:00:00Z,Delaware Blue Hens,Merrimack Warriors,48,,betmgm,h2h,Merrimack Warriors,3000.0,
99279326548a5f5399cc9a2efe27a057,2026-09-02T00:42:14Z,2026-09-03T23:00:00Z,Delaware Blue Hens,Merrimack Warriors,48,,betmgm,spreads,Delaware Blue Hens,-108.0,-29.0
99279326548a5f5399cc9a2efe27a057,2026-09-02T00:42:14Z,2026-09-03T23:00:00Z,Delaware Blue Hens,Merrimack Warriors,48,,betmgm,spreads,Merrimack Warriors,-110.0,29.0
99279326548a5f5399cc9a2efe27a057,2026-09-02T00:42:14Z,2026-09-03T23:00:00Z,Delaware Blue Hens,Merrimack Warriors,48,,betmgm,totals,Over,-112.0,55.5
99279326548a5f5399cc9a2efe27a057,2026-09-02T00:42:14Z,2026-09-03T23:00:00Z,Delaware Blue Hens,Merrimack Warriors,48,,betmgm,totals,Under,-105.0,55.5
018e668269a3b5dc4055758ca86b1062,2026-09-02T00:42:14Z,2026-09-03T23:00:00Z,Kennesaw State Owls,West Georgia Wolves,338,,fanduel,h2h,Kennesaw State Owls,-3500.0,
018e668269a3b5dc4055758ca86b1062,2026-09-02T00:42:14Z,2026-09-03T23:00:00Z,Kennesaw State Owls,West Georgia Wolves,338,,fanduel,h2h,West Georgia Wolves,1200.0,
018e668269a3b5dc4055758ca86b1062,2026-09-02T00:42:14Z,2026-09-03T23:00:00Z,Kennesaw State Owls,West Georgia Wolves,338,,fanduel,spreads,Kennesaw State Owls,-114.0,-23.5
018e668269a3b5dc4055758ca86b1062,2026-09-02T00:42:14Z,2026-09-03T23:00:00Z,Kennesaw State Owls,West Georgia Wolves,338,,fanduel,spreads,West Georgia Wolves,-106.0,23.5
018e668269a3b5dc4055758ca86b1062,2026-09-02T00:42:14Z,2026-09-03T23:00:00Z,Kennesaw State Owls,West Georgia Wolves,338,,fanduel,totals,Over,-114.0,51.5
018e668269a3b5dc4055758ca86b1062,2026-09-02T00:42:14Z,2026-09-03T23:00:00Z,Kennesaw State Owls,West Georgia Wolves,338,,fanduel,totals,Under,-106.0,51.5
018e668269a3b5dc4055758ca86b1062,2026-09-02T00:42:14Z,2026-09-03T23:00:00Z,Kennesaw State Owls,West Georgia Wolves,338,,draftkings,h2h,Kennesaw State Owls,-4000.0,
018e668269a3b5dc4055758ca86b1062,2026-09-02T00:42:14Z,2026-09-03T23:00:00Z,Kennesaw State Owls,West Georgia Wolves,338,,draftkings,h2h,West Georgia Wolves,1600.0,
018e668269a3b5dc4055758ca86b1062,2026-09-02T00:42:14Z,2026-09-03T23:00:00Z,Kennesaw State Owls,West Georgia Wolves,338,,draftkings,spreads,Kennesaw State Owls,-115.0,-23.5
018e668269a3b5dc4055758ca86b1062,2026-09-02T00:42:14Z,2026-09-03T23:00:00Z,Kennesaw State Owls,West Georgia Wolves,338,,draftkings,spreads,West Georgia Wolves,-105.0,23.5
018e668269a3b5dc4055758ca86b1062,2026-09-02T00:42:14Z,2026-09-03T23:00:00Z,Kennesaw State Owls,West Georgia Wolves,338,,draftkings,totals,Over,-115.0,51.5
018e668269a3b5dc4055758ca86b1062,2026-09-02T00:42:14Z,2026-09-03T23:00:00Z,Kennesaw State Owls,West Georgia Wolves,338,,draftkings,totals,Under,-105.0,51.5
018e668269a3b5dc4055758ca86b1062,2026-09-02T00:42:14Z,2026-09-03T23:00:00Z,Kennesaw State Owls,West Georgia Wolves,338,,betrivers,spreads,Kennesaw State Owls,-110.0,-23.5
018e668269a3b5dc4055758ca86b1062,2026-09-02T00:42:14Z,2026-09-03T23:00:00Z,Kennesaw State Owls,West Georgia Wolves,338,,betrivers,spreads,West Georgia Wolves,-113.0,23.5
018e668269a3b5dc4055758ca86b1062,2026-09-02T00:42:14Z,2026-09-03T23:00:00Z,Kennesaw State Owls,West Georgia Wolves,338,,betrivers,totals,Over,-115.0,51.5
018e668269a3b5dc4055758ca86b1062,2026-09-02T00:42:14Z,2026-09-03T23:00:00Z,Kennesaw State Owls,West Georgia Wolves,338,,betrivers,totals,Under,-108.0,51.5
018e668269a3b5dc4055758ca86b1062,2026-09-02T00:42:14Z,2026-09-03T23:00:00Z,Kennesaw State Owls,West Georgia Wolves,338,,lowvig,spreads,Kennesaw State Owls,-120.0,-23.5
018e668269a3b5dc4055758ca86b1062,2026-09-02T00:42:14Z,2026-09-03T23:00:00Z,Kennesaw State Owls,West Georgia Wolves,338,,lowvig,spreads,West Georgia Wolves,-110.0,23.5
018e668269a3b5dc4055758ca86b1062,2026-09-02T00:42:14Z,2026-09-03T23:00:00Z,Kennesaw State Owls,West Georgia Wolves,338,,lowvig,totals,Over,-115.0,51.5
018e668269a3b5dc4055758ca86b1062,2026-09-02T00:42:14Z,2026-09-03T23:00:00Z,Kennesaw State Owls,West Georgia Wolves,338,,lowvig,totals,Under,-115.0,51.5
018e668269a3b5dc4055758ca86b1062,2026-09-02T00:42:14Z,2026-09-03T23:00:00Z,Kennesaw State Owls,West Georgia Wolves,338,,betonlineag,spreads,Kennesaw State Owls,-120.0,-23.5
018e668269a3b5dc4055758ca86b1062,2026-09-02T00:42:14Z,2026-09-03T23:00:00Z,Kennesaw State Owls,West Georgia Wolves,338,,betonlineag,spreads,West Georgia Wolves,-110.0,23.5
018e668269a3b5dc4055758ca86b1062,2026-09-02T00:42:14Z,2026-09-03T23:00:00Z,Kennesaw State Owls,West Georgia Wolves,338,,betonlineag,totals,Over,-115.0,51.5
018e668269a3b5dc4055758ca86b1062,2026-09-02T00:42:14Z,2026-09-03T23:00:00Z,Kennesaw State Owls,West Georgia Wolves,338,,betonlineag,totals,Under,-115.0,51.5
018e668269a3b5dc4055758ca86b1062,2026-09-02T00:42:14Z,2026-09-03T23:00:00Z,Kennesaw State Owls,West Georgia Wolves,338,,betmgm,h2h,Kennesaw State Owls,-3000.0,
018e668269a3b5dc4055758ca86b1062,2026-09-02T00:42:14Z,2026-09-03T23:00:00Z,Kennesaw State Owls,West Georgia Wolves,338,,betmgm,h2h,West Georgia Wolves,1500.0,
018e668269a3b5dc4055758ca86b1062,2026-09-02T00:42:14Z,2026-09-03T23:00:00Z,Kennesaw State Owls,West Georgia Wolves,338,,betmgm,spreads,Kennesaw State Owls,-112.0,-23.5
018e668269a3b5dc4055758ca86b1062,2026-09-02T00:42:14Z,2026-09-03T23:00:00Z,Kennesaw State Owls,West Georgia Wolves,338,,betmgm,spreads,West Georgia Wolves,-105.0,23.5
018e668269a3b5dc4055758ca86b1062,2026-09-02T00:42:14Z,2026-09-03T23:00:00Z,Kennesaw State Owls,West Georgia Wolves,338,,betmgm,totals,Over,-110.0,51.5
018e668269a3b5dc4055758ca86b1062,2026-09-02T00:42:14Z,2026-09-03T23:00:00Z,Kennesaw State Owls,West Georgia Wolves,338,,betmgm,totals,Under,-108.0,51.5
64cf9eedef7f4c7a764860a59f3c4329,2026-09-02T00:42:14Z,2026-09-04T00:00:00Z,Missouri Tigers,Arkansas Pine Bluff Golden Lions,142,,fanduel,spreads,Arkansas Pine Bluff Golden Lions,-115.0,54.5
64cf9eedef7f4c7a764860a59f3c4329,2026-09-02T00:42:14Z,2026-09-04T00:00:00Z,Missouri Tigers,Arkansas Pine Bluff Golden Lions,142,,fanduel,spreads,Missouri Tigers,-105.0,-54.5
64cf9eedef7f4c7a764860a59f3c4329,2026-09-02T00:42:14Z,2026-09-04T00:00:00Z,Missouri Tigers,Arkansas Pine Bluff Golden Lions,142,,fanduel,totals,Over,-115.0,60.5
64cf9eedef7f4c7a764860a59f3c4329,2026-09-02T00:42:14Z,2026-09-04T00:00:00Z,Missouri Tigers,Arkansas Pine Bluff Golden Lions,142,,fanduel,totals,Under,-105.0,60.5
64cf9eedef7f4c7a764860a59f3c4329,2026-09-02T00:42:14Z,2026-09-04T00:00:00Z,Missouri Tigers,Arkansas Pine Bluff Golden Lions,142,,draftkings,spreads,Arkansas Pine Bluff Golden Lions,-115.0,54.5
64cf9eedef7f4c7a764860a59f3c4329,2026-09-02T00:42:14Z,2026-09-04T00:00:00Z,Missouri Tigers,Arkansas Pine Bluff Golden Lions,142,,draftkings,spreads,Missouri Tigers,-105.0,-54.5
64cf9eedef7f4c7a764860a59f3c4329,2026-09-02T00:42:14Z,2026-09-04T00:00:00Z,Missouri Tigers,Arkansas Pine Bluff Golden Lions,142,,draftkings,totals,Over,-115.0,60.5
64cf9eedef7f4c7a764860a59f3c4329,2026-09-02T00:42:14Z,2026-09-04T00:00:00Z,Missouri Tigers,Arkansas Pine Bluff Golden Lions,142,,draftkings,totals,Under,-105.0,60.5
64cf9eedef7f4c7a764860a59f3c4329,2026-09-02T00:42:14Z,2026-09-04T00:00:00Z,Missouri Tigers,Arkansas Pine Bluff Golden Lions,142,,betrivers,spreads,Arkansas Pine Bluff Golden Lions,-110.0,54.5
64cf9eedef7f4c7a764860a59f3c4329,2026-09-02T00:42:14Z,2026-09-04T00:00:00Z,Missouri Tigers,Arkansas Pine Bluff Golden Lions,142,,betrivers,spreads,Missouri Tigers,-113.0,-54.5
64cf9eedef7f4c7a764860a59f3c4329,2026-09-02T00:42:14Z,2026-09-04T00:00:00Z,Missouri Tigers,Arkansas Pine Bluff Golden Lions,142,,betrivers,totals,Over,-112.0,61.0
64cf9eedef7f4c7a764860a59f3c4329,2026-09-02T00:42:14Z,2026-09-04T00:00:00Z,Missouri Tigers,Arkansas Pine Bluff Golden Lions,142,,betrivers,totals,Under,-112.0,61.0
64cf9eedef7f4c7a764860a59f3c4329,2026-09-02T00:42:14Z,2026-09-04T00:00:00Z,Missouri Tigers,Arkansas Pine Bluff Golden Lions,142,,lowvig,spreads,Arkansas Pine Bluff Golden Lions,-115.0,55.0
64cf9eedef7f4c7a764860a59f3c4329,2026-09-02T00:42:14Z,2026-09-04T00:00:00Z,Missouri Tigers,Arkansas Pine Bluff Golden Lions,142,,lowvig,spreads,Missouri Tigers,-115.0,-55.0
64cf9eedef7f4c7a764860a59f3c4329,2026-09-02T00:42:14Z,2026-09-04T00:00:00Z,Missouri Tigers,Arkansas Pine Bluff Golden Lions,142,,lowvig,totals,Over,-115.0,60.5
64cf9eedef7f4c7a764860a59f3c4329,2026-09-02T00:42:14Z,2026-09-04T00:00:00Z,Missouri Tigers,Arkansas Pine Bluff Golden Lions,142,,lowvig,totals,Under,-115.0,60.5
64cf9eedef7f4c7a764860a59f3c4329,2026-09-02T00:42:14Z,2026-09-04T00:00:00Z,Missouri Tigers,Arkansas Pine Bluff Golden Lions,142,,betonlineag,spreads,Arkansas Pine Bluff Golden Lions,-115.0,55.0
64cf9eedef7f4c7a764860a59f3c4329,2026-09-02T00:42:14Z,2026-09-04T00:00:00Z,Missouri Tigers,Arkansas Pine Bluff Golden Lions,142,,betonlineag,spreads,Missouri Tigers,-115.0,-55.0
64cf9eedef7f4c7a764860a59f3c4329,2026-09-02T00:42:14Z,2026-09-04T00:00:00Z,Missouri Tigers,Arkansas Pine Bluff Golden Lions,142,,betonlineag,totals,Over,-115.0,60.5
64cf9eedef7f4c7a764860a59f3c4329,2026-09-02T00:42:14Z,2026-09-04T00:00:00Z,Missouri Tigers,Arkansas Pine Bluff Golden Lions,142,,betonlineag,totals,Under,-115.0,60.5
64cf9eedef7f4c7a764860a59f3c4329,2026-09-02T00:42:14Z,2026-09-04T00:00:00Z,Missouri Tigers,Arkansas Pine Bluff Golden Lions,142,,betmgm,spreads,Arkansas Pine Bluff Golden Lions,-110.0,53.5
64cf9eedef7f4c7a764860a59f3c4329,2026-09-02T00:42:14Z,2026-09-04T00:00:00Z,Missouri Tigers,Arkansas Pine Bluff Golden Lions,142,,betmgm,spreads,Missouri Tigers,-108.0,-53.5
64cf9eedef7f4c7a764860a59f3c4329,2026-09-02T00:42:14Z,2026-09-04T00:00:00Z,Missouri Tigers,Arkansas Pine Bluff Golden Lions,142,,betmgm,totals,Over,-110.0,60.5
64cf9eedef7f4c7a764860a59f3c4329,2026-09-02T00:42:14Z,2026-09-04T00:00:00Z,Missouri Tigers,Arkansas Pine Bluff Golden Lions,142,,betmgm,totals,Under,-108.0,60.5
1d6daad1c93bf7e5ae16be1db12e27d5,2026-09-02T00:42:14Z,2026-09-04T00:00:00Z,Georgia Tech Yellow Jackets,Colorado Buffaloes,59,38.0,draftkings,h2h,Colorado Buffaloes,205.0,
1d6daad1c93bf7e5ae16be1db12e27d5,2026-09-02T00:42:14Z,2026-09-04T00:00:00Z,Georgia Tech Yellow Jackets,Colorado Buffaloes,59,38.0,draftkings,h2h,Georgia Tech Yellow Jackets,-250.0,
1d6daad1c93bf7e5ae16be1db12e27d5,2026-09-02T00:42:14Z,2026-09-04T00:00:00Z,Georgia Tech Yellow Jackets,Colorado Buffaloes,59,38.0,draftkings,spreads,Colorado Buffaloes,-105.0,6.5
1d6daad1c93bf7e5ae16be1db12e27d5,2026-09-02T00:42:14Z,2026-09-04T00:00:00Z,Georgia Tech Yellow Jackets,Colorado Buffaloes,59,38.0,draftkings,spreads,Georgia Tech Yellow Jackets,-115.0,-6.5
1d6daad1c93bf7e5ae16be1db12e27d5,2026-09-02T00:42:14Z,2026-09-04T00:00:00Z,Georgia Tech Yellow Jackets,Colorado Buffaloes,59,38.0,draftkings,totals,Over,-115.0,50.5
1d6daad1c93bf7e5ae16be1db12e27d5,2026-09-02T00:42:14Z,2026-09-04T00:00:00Z,Georgia Tech Yellow Jackets,Colorado Buffaloes,59,38.0,draftkings,totals,Under,-105.0,50.5
1d6daad1c93bf7e5ae16be1db12e27d5,2026-09-02T00:42:14Z,2026-09-04T00:00:00Z,Georgia Tech Yellow Jackets,Colorado Buffaloes,59,38.0,betonlineag,h2h,Colorado Buffaloes,195.0,
1d6daad1c93bf7e5ae16be1db12e27d5,2026-09-02T00:42:14Z,2026-09-04T00:00:00Z,Georgia Tech Yellow Jackets,Colorado Buffaloes,59,38.0,betonlineag,h2h,Georgia Tech Yellow Jackets,-235.0,
1d6daad1c93bf7e5ae16be1db12e27d5,2026-09-02T00:42:14Z,2026-09-04T00:00:00Z,Georgia Tech Yellow Jackets,Colorado Buffaloes,59,38.0,betonlineag,spreads,Colorado Buffaloes,-103.0,6.5
1d6daad1c93bf7e5ae16be1db12e27d5,2026-09-02T00:42:14Z,2026-09-04T00:00:00Z,Georgia Tech Yellow Jackets,Colorado Buffaloes,59,38.0,betonlineag,spreads,Georgia Tech Yellow Jackets,-117.0,-6.5
1d6daad1c93bf7e5ae16be1db12e27d5,2026-09-02T00:42:14Z,2026-09-04T00:00:00Z,Georgia Tech Yellow Jackets,Colorado Buffaloes,59,38.0,betonlineag,totals,Over,-105.0,51.0
1d6daad1c93bf7e5ae16be1db12e27d5,2026-09-02T00:42:14Z,2026-09-04T00:00:00Z,Georgia Tech Yellow Jackets,Colorado Buffaloes,59,38.0,betonlineag,totals,Under,-115.0,51.0
1d6daad1c93bf7e5ae16be1db12e27d5,2026-09-02T00:42:14Z,2026-09-04T00:00:00Z,Georgia Tech Yellow Jackets,Colorado Buffaloes,59,38.0,lowvig,h2h,Colorado Buffaloes,195.0,
1d6daad1c93bf7e5ae16be1db12e27d5,2026-09-02T00:42:14Z,2026-09-04T00:00:00Z,Georgia Tech Yellow Jackets,Colorado Buffaloes,59,38.0,lowvig,h2h,Georgia Tech Yellow Jackets,-235.0,
1d6daad1c93bf7e5ae16be1db12e27d5,2026-09-02T00:42:14Z,2026-09-04T00:00:00Z,Georgia Tech Yellow Jackets,Colorado Buffaloes,59,38.0,lowvig,spreads,Colorado Buffaloes,101.0,6.5
1d6daad1c93bf7e5ae16be1db12e27d5,2026-09-02T00:42:14Z,2026-09-04T00:00:00Z,Georgia Tech Yellow Jackets,Colorado Buffaloes,59,38.0,lowvig,spreads,Georgia Tech Yellow Jackets,-113.0,-6.5
1d6daad1c93bf7e5ae16be1db12e27d5,2026-09-02T00:42:14Z,2026-09-04T00:00:00Z,Georgia Tech Yellow Jackets,Colorado Buffaloes,59,38.0,lowvig,totals,Over,-103.0,51.0
1d6daad1c93bf7e5ae16be1db12e27d5,2026-09-02T00:42:14Z,2026-09-04T00:00:00Z,Georgia Tech Yellow Jackets,Colorado Buffaloes,59,38.0,lowvig,totals,Under,-114.0,51.0
1d6daad1c93bf7e5ae16be1db12e27d5,2026-09-02T00:42:14Z,2026-09-04T00:00:00Z,Georgia Tech Yellow Jackets,Colorado Buffaloes,59,38.0,betus,h2h,Colorado Buffaloes,200.0,
1d6daad1c93bf7e5ae16be1db12e27d5,2026-09-02T00:42:14Z,2026-09-04T00:00:00Z,Georgia Tech Yellow Jackets,Colorado Buffaloes,59,38.0,betus,h2h,Georgia Tech Yellow Jackets,-235.0,
1d6daad1c93bf7e5ae16be1db12e27d5,2026-09-02T00:42:14Z,2026-09-04T00:00:00Z,Georgia Tech Yellow Jackets,Colorado Buffaloes,59,38.0,betus,spreads,Colorado Buffaloes,-105.0,6.5
1d6daad1c93bf7e5ae16be1db12e27d5,2026-09-02T00:42:14Z,2026-09-04T00:00:00Z,Georgia Tech Yellow Jackets,Colorado Buffaloes,59,38.0,betus,spreads,Georgia Tech Yellow Jackets,-115.0,-6.5
1d6daad1c93bf7e5ae16be1db12e27d5,2026-09-02T00:42:14Z,2026-09-04T00:00:00Z,Georgia Tech Yellow Jackets,Colorado Buffaloes,59,38.0,betus,totals,Over,-110.0,50.5
1d6daad1c93bf7e5ae16be1db12e27d5,2026-09-02T00:42:14Z,2026-09-04T00:00:00Z,Georgia Tech Yellow Jackets,Colorado Buffaloes,59,38.0,betus,totals,Under,-110.0,50.5
1d6daad1c93bf7e5ae16be1db12e27d5,2026-09-02T00:42:14Z,2026-09-04T00:00:00Z,Georgia Tech Yellow Jackets,Colorado Buffaloes,59,38.0,bovada,h2h,Colorado Buffaloes,210.0,
1d6daad1c93bf7e5ae16be1db12e27d5,2026-09-02T00:42:14Z,2026-09-04T00:00:00Z,Georgia Tech Yellow Jackets,Colorado Buffaloes,59,38.0,bovada,h2h,Georgia Tech Yellow Jackets,-250.0,
1d6daad1c93bf7e5ae16be1db12e27d5,2026-09-02T00:42:14Z,2026-09-04T00:00:00Z,Georgia Tech Yellow Jackets,Colorado Buffaloes,59,38.0,bovada,spreads,Colorado Buffaloes,-105.0,6.5
1d6daad1c93bf7e5ae16be1db12e27d5,2026-09-02T00:42:14Z,2026-09-04T00:00:00Z,Georgia Tech Yellow Jackets,Colorado Buffaloes,59,38.0,bovada,spreads,Georgia Tech Yellow Jackets,-115.0,-6.5
1d6daad1c93bf7e5ae16be1db12e27d5,2026-09-02T00:42:14Z,2026-09-04T00:00:00Z,Georgia Tech Yellow Jackets,Colorado Buffaloes,59,38.0,bovada,totals,Over,-105.0,51.0
1d6daad1c93bf7e5ae16be1db12e27d5,2026-09-02T00:42:14Z,2026-09-04T00:00:00Z,Georgia Tech Yellow Jackets,Colorado Buffaloes,59,38.0,bovada,totals,Under,-115.0,51.0
1d6daad1c93bf7e5ae16be1db12e27d5,2026-09-02T00:42:14Z,2026-09-04T00:00:00Z,Georgia Tech Yellow Jackets,Colorado Buffaloes,59,38.0,fanduel,h2h,Colorado Buffaloes,205.0,
1d6daad1c93bf7e5ae16be1db12e27d5,2026-09-02T00:42:14Z,2026-09-04T00:00:00Z,Georgia Tech Yellow Jackets,Colorado Buffaloes,59,38.0,fanduel,h2h,Georgia Tech Yellow Jackets,-255.0,
1d6daad1c93bf7e5ae16be1db12e27d5,2026-09-02T00:42:14Z,2026-09-04T00:00:00Z,Georgia Tech Yellow Jackets,Colorado Buffaloes,59,38.0,fanduel,spreads,Colorado Buffaloes,-102.0,6.5
1d6daad1c93bf7e5ae16be1db12e27d5,2026-09-02T00:42:14Z,2026-09-04T00:00:00Z,Georgia Tech Yellow Jackets,Colorado Buffaloes,59,38.0,fanduel,spreads,Georgia Tech Yellow Jackets,-120.0,-6.5
1d6daad1c93bf7e5ae16be1db12e27d5,2026-09-02T00:42:14Z,2026-09-04T00:00:00Z,Georgia Tech Yellow Jackets,Colorado Buffaloes,59,38.0,fanduel,totals,Over,-114.0,50.5
1d6daad1c93bf7e5ae16be1db12e27d5,2026-09-02T00:42:14Z,2026-09-04T00:00:00Z,Georgia Tech Yellow Jackets,Colorado Buffaloes,59,38.0,fanduel,totals,Under,-106.0,50.5
1d6daad1c93bf7e5ae16be1db12e27d5,2026-09-02T00:42:14Z,2026-09-04T00:00:00Z,Georgia Tech Yellow Jackets,Colorado Buffaloes,59,38.0,betmgm,h2h,Colorado Buffaloes,200.0,
1d6daad1c93bf7e5ae16be1db12e27d5,2026-09-02T00:42:14Z,2026-09-04T00:00:00Z,Georgia Tech Yellow Jackets,Colorado Buffaloes,59,38.0,betmgm,h2h,Georgia Tech Yellow Jackets,-235.0,
1d6daad1c93bf7e5ae16be1db12e27d5,2026-09-02T00:42:14Z,2026-09-04T00:00:00Z,Georgia Tech Yellow Jackets,Colorado Buffaloes,59,38.0,betmgm,spreads,Colorado Buffaloes,-108.0,6.5
1d6daad1c93bf7e5ae16be1db12e27d5,2026-09-02T00:42:14Z,2026-09-04T00:00:00Z,Georgia Tech Yellow Jackets,Colorado Buffaloes,59,38.0,betmgm,spreads,Georgia Tech Yellow Jackets,-110.0,-6.5
1d6daad1c93bf7e5ae16be1db12e27d5,2026-09-02T00:42:14Z,2026-09-04T00:00:00Z,Georgia Tech Yellow Jackets,Colorado Buffaloes,59,38.0,betmgm,totals,Over,-115.0,50.5
1d6daad1c93bf7e5ae16be1db12e27d5,2026-09-02T00:42:14Z,2026-09-04T00:00:00Z,Georgia Tech Yellow Jackets,Colorado Buffaloes,59,38.0,betmgm,totals,Under,-105.0,50.5
1d6daad1c93bf7e5ae16be1db12e27d5,2026-09-02T00:42:14Z,2026-09-04T00:00:00Z,Georgia Tech Yellow Jackets,Colorado Buffaloes,59,38.0,betrivers,h2h,Colorado Buffaloes,205.0,
1d6daad1c93bf7e5ae16be1db12e27d5,2026-09-02T00:42:14Z,2026-09-04T00:00:00Z,Georgia Tech Yellow Jackets,Colorado Buffaloes,59,38.0,betrivers,h2h,Georgia Tech Yellow Jackets,-265.0,
1d6daad1c93bf7e5ae16be1db12e27d5,2026-09-02T00:42:14Z,2026-09-04T00:00:00Z,Georgia Tech Yellow Jackets,Colorado Buffaloes,59,38.0,betrivers,spreads,Colorado Buffaloes,-108.0,6.5
1d6daad1c93bf7e5ae16be1db12e27d5,2026-09-02T00:42:14Z,2026-09-04T00:00:00Z,Georgia Tech Yellow Jackets,Colorado Buffaloes,59,38.0,betrivers,spreads,Georgia Tech Yellow Jackets,-115.0,-6.5
1d6daad1c93bf7e5ae16be1db12e27d5,2026-09-02T00:42:14Z,2026-09-04T00:00:00Z,Georgia Tech Yellow Jackets,Colorado Buffaloes,59,38.0,betrivers,totals,Over,-109.0,50.5
1d6daad1c93bf7e5ae16be1db12e27d5,2026-09-02T00:42:14Z,2026-09-04T00:00:00Z,Georgia Tech Yellow Jackets,Colorado Buffaloes,59,38.0,betrivers,totals,Under,-114.0,50.5
1d6daad1c93bf7e5ae16be1db12e27d5,2026-09-02T00:42:14Z,2026-09-04T00:00:00Z,Georgia Tech Yellow Jackets,Colorado Buffaloes,59,38.0,mybookieag,h2h,Colorado Buffaloes,208.0,
1d6daad1c93bf7e5ae16be1db12e27d5,2026-09-02T00:42:14Z,2026-09-04T00:00:00Z,Georgia Tech Yellow Jackets,Colorado Buffaloes,59,38.0,mybookieag,h2h,Georgia Tech Yellow Jackets,-265.0,
1d6daad1c93bf7e5ae16be1db12e27d5,2026-09-02T00:42:14Z,2026-09-04T00:00:00Z,Georgia Tech Yellow Jackets,Colorado Buffaloes,59,38.0,mybookieag,spreads,Colorado Buffaloes,-110.0,6.5
1d6daad1c93bf7e5ae16be1db12e27d5,2026-09-02T00:42:14Z,2026-09-04T00:00:00Z,Georgia Tech Yellow Jackets,Colorado Buffaloes,59,38.0,mybookieag,spreads,Georgia Tech Yellow Jackets,-110.0,-6.5
1d6daad1c93bf7e5ae16be1db12e27d5,2026-09-02T00:42:14Z,2026-09-04T00:00:00Z,Georgia Tech Yellow Jackets,Colorado Buffaloes,59,38.0,mybookieag,totals,Over,-110.0,50.5
1d6daad1c93bf7e5ae16be1db12e27d5,2026-09-02T00:42:14Z,2026-09-04T00:00:00Z,Georgia Tech Yellow Jackets,Colorado Buffaloes,59,38.0,mybookieag,totals,Under,-110.0,50.5
e746bf44bc7bb95a7686770723882d70,2026-09-02T00:42:14Z,2026-09-04T00:00:00Z,Minnesota Golden Gophers,Eastern Illinois Panthers,135,,fanduel,spreads,Eastern Illinois Panthers,-112.0,42.5
e746bf44bc7bb95a7686770723882d70,2026-09-02T00:42:14Z,2026-09-04T00:00:00Z,Minnesota Golden Gophers,Eastern Illinois Panthers,135,,fanduel,spreads,Minnesota Golden Gophers,-108.0,-42.5
e746bf44bc7bb95a7686770723882d70,2026-09-02T00:42:14Z,2026-09-04T00:00:00Z,Minnesota Golden Gophers,Eastern Illinois Panthers,135,,fanduel,totals,Over,-105.0,51.5
e746bf44bc7bb95a7686770723882d70,2026-09-02T00:42:14Z,2026-09-04T00:00:00Z,Minnesota Golden Gophers,Eastern Illinois Panthers,135,,fanduel,totals,Under,-115.0,51.5
e746bf44bc7bb95a7686770723882d70,2026-09-02T00:42:14Z,2026-09-04T00:00:00Z,Minnesota Golden Gophers,Eastern Illinois Panthers,135,,draftkings,spreads,Eastern Illinois Panthers,-110.0,42.5
e746bf44bc7bb95a7686770723882d70,2026-09-02T00:42:14Z,2026-09-04T00:00:00Z,Minnesota Golden Gophers,Eastern Illinois Panthers,135,,draftkings,spreads,Minnesota Golden Gophers,-110.0,-42.5
e746bf44bc7bb95a7686770723882d70,2026-09-02T00:42:14Z,2026-09-04T00:00:00Z,Minnesota Golden Gophers,Eastern Illinois Panthers,135,,draftkings,totals,Over,-105.0,51.5
e746bf44bc7bb95a7686770723882d70,2026-09-02T00:42:14Z,2026-09-04T00:00:00Z,Minnesota Golden Gophers,Eastern Illinois Panthers,135,,draftkings,totals,Under,-115.0,51.5
e746bf44bc7bb95a7686770723882d70,2026-09-02T00:42:14Z,2026-09-04T00:00:00Z,Minnesota Golden Gophers,Eastern Illinois Panthers,135,,betrivers,spreads,Eastern Illinois Panthers,-109.0,42.0
e746bf44bc7bb95a7686770723882d70,2026-09-02T00:42:14Z,2026-09-04T00:00:00Z,Minnesota Golden Gophers,Eastern Illinois Panthers,135,,betrivers,spreads,Minnesota Golden Gophers,-113.0,-42.0
e746bf44bc7bb95a7686770723882d70,2026-09-02T00:42:14Z,2026-09-04T00:00:00Z,Minnesota Golden Gophers,Eastern Illinois Panthers,135,,betrivers,totals,Over,-113.0,51.0
e746bf44bc7bb95a7686770723882d70,2026-09-02T00:42:14Z,2026-09-04T00:00:00Z,Minnesota Golden Gophers,Eastern Illinois Panthers,135,,betrivers,totals,Under,-110.0,51.0
e746bf44bc7bb95a7686770723882d70,2026-09-02T00:42:14Z,2026-09-04T00:00:00Z,Minnesota Golden Gophers,Eastern Illinois Panthers,135,,betonlineag,spreads,Eastern Illinois Panthers,-115.0,42.5
e746bf44bc7bb95a7686770723882d70,2026-09-02T00:42:14Z,2026-09-04T00:00:00Z,Minnesota Golden Gophers,Eastern Illinois Panthers,135,,betonlineag,spreads,Minnesota Golden Gophers,-115.0,-42.5
e746bf44bc7bb95a7686770723882d70,2026-09-02T00:42:14Z,2026-09-04T00:00:00Z,Minnesota Golden Gophers,Eastern Illinois Panthers,135,,betonlineag,totals,Over,-115.0,51.5
e746bf44bc7bb95a7686770723882d70,2026-09-02T00:42:14Z,2026-09-04T00:00:00Z,Minnesota Golden Gophers,Eastern Illinois Panthers,135,,betonlineag,totals,Under,-115.0,51.5
e746bf44bc7bb95a7686770723882d70,2026-09-02T00:42:14Z,2026-09-04T00:00:00Z,Minnesota Golden Gophers,Eastern Illinois Panthers,135,,betmgm,spreads,Eastern Illinois Panthers,-108.0,42.5
e746bf44bc7bb95a7686770723882d70,2026-09-02T00:42:14Z,2026-09-04T00:00:00Z,Minnesota Golden Gophers,Eastern Illinois Panthers,135,,betmgm,spreads,Minnesota Golden Gophers,-110.0,-42.5
e746bf44bc7bb95a7686770723882d70,2026-09-02T00:42:14Z,2026-09-04T00:00:00Z,Minnesota Golden Gophers,Eastern Illinois Panthers,135,,betmgm,totals,Over,-112.0,51.5
e746bf44bc7bb95a7686770723882d70,2026-09-02T00:42:14Z,2026-09-04T00:00:00Z,Minnesota Golden Gophers,Eastern Illinois Panthers,135,,betmgm,totals,Under,-105.0,51.5
86e3c86de584357bb263fa4ae819ed30,2026-09-02T00:42:14Z,2026-09-04T01:00:00Z,Utah Utes,Idaho Vandals,254,,fanduel,spreads,Idaho Vandals,-105.0,34.5
86e3c86de584357bb263fa4ae819ed30,2026-09-02T00:42:14Z,2026-09-04T01:00:00Z,Utah Utes,Idaho Vandals,254,,fanduel,spreads,Utah Utes,-115.0,-34.5
86e3c86de584357bb263fa4ae819ed30,2026-09-02T00:42:14Z,2026-09-04T01:00:00Z,Utah Utes,Idaho Vandals,254,,fanduel,totals,Over,-110.0,57.5
86e3c86de584357bb263fa4ae819ed30,2026-09-02T00:42:14Z,2026-09-04T01:00:00Z,Utah Utes,Idaho Vandals,254,,fanduel,totals,Under,-110.0,57.5
86e3c86de584357bb263fa4ae819ed30,2026-09-02T00:42:14Z,2026-09-04T01:00:00Z,Utah Utes,Idaho Vandals,254,,draftkings,h2h,Idaho Vandals,5000.0,
86e3c86de584357bb263fa4ae819ed30,2026-09-02T00:42:14Z,2026-09-04T01:00:00Z,Utah Utes,Idaho Vandals,254,,draftkings,h2h,Utah Utes,-100000.0,
86e3c86de584357bb263fa4ae819ed30,2026-09-02T00:42:14Z,2026-09-04T01:00:00Z,Utah Utes,Idaho Vandals,254,,draftkings,spreads,Idaho Vandals,-115.0,35.5
86e3c86de584357bb263fa4ae819ed30,2026-09-02T00:42:14Z,2026-09-04T01:00:00Z,Utah Utes,Idaho Vandals,254,,draftkings,spreads,Utah Utes,-105.0,-35.5
86e3c86de584357bb263fa4ae819ed30,2026-09-02T00:42:14Z,2026-09-04T01:00:00Z,Utah Utes,Idaho Vandals,254,,draftkings,totals,Over,-110.0,57.5
86e3c86de584357bb263fa4ae819ed30,2026-09-02T00:42:14Z,2026-09-04T01:00:00Z,Utah Utes,Idaho Vandals,254,,draftkings,totals,Under,-110.0,57.5
86e3c86de584357bb263fa4ae819ed30,2026-09-02T00:42:14Z,2026-09-04T01:00:00Z,Utah Utes,Idaho Vandals,254,,betrivers,spreads,Idaho Vandals,-113.0,34.5
86e3c86de584357bb263fa4ae819ed30,2026-09-02T00:42:14Z,2026-09-04T01:00:00Z,Utah Utes,Idaho Vandals,254,,betrivers,spreads,Utah Utes,-109.0,-34.5
86e3c86de584357bb263fa4ae819ed30,2026-09-02T00:42:14Z,2026-09-04T01:00:00Z,Utah Utes,Idaho Vandals,254,,betrivers,totals,Over,-113.0,57.5
86e3c86de584357bb263fa4ae819ed30,2026-09-02T00:42:14Z,2026-09-04T01:00:00Z,Utah Utes,Idaho Vandals,254,,betrivers,totals,Under,-110.0,57.5
86e3c86de584357bb263fa4ae819ed30,2026-09-02T00:42:14Z,2026-09-04T01:00:00Z,Utah Utes,Idaho Vandals,254,,betonlineag,spreads,Idaho Vandals,-112.0,35.0
86e3c86de584357bb263fa4ae819ed30,2026-09-02T00:42:14Z,2026-09-04T01:00:00Z,Utah Utes,Idaho Vandals,254,,betonlineag,spreads,Utah Utes,-118.0,-35.0
86e3c86de584357bb263fa4ae819ed30,2026-09-02T00:42:14Z,2026-09-04T01:00:00Z,Utah Utes,Idaho Vandals,254,,betonlineag,totals,Over,-120.0,57.5
86e3c86de584357bb263fa4ae819ed30,2026-09-02T00:42:14Z,2026-09-04T01:00:00Z,Utah Utes,Idaho Vandals,254,,betonlineag,totals,Under,-110.0,57.5
86e3c86de584357bb263fa4ae819ed30,2026-09-02T00:42:14Z,2026-09-04T01:00:00Z,Utah Utes,Idaho Vandals,254,,betmgm,h2h,Idaho Vandals,5500.0,
86e3c86de584357bb263fa4ae819ed30,2026-09-02T00:42:14Z,2026-09-04T01:00:00Z,Utah Utes,Idaho Vandals,254,,betmgm,h2h,Utah Utes,-100000.0,
86e3c86de584357bb263fa4ae819ed30,2026-09-02T00:42:14Z,2026-09-04T01:00:00Z,Utah Utes,Idaho Vandals,254,,betmgm,spreads,Idaho Vandals,-105.0,34.5
86e3c86de584357bb263fa4ae819ed30,2026-09-02T00:42:14Z,2026-09-04T01:00:00Z,Utah Utes,Idaho Vandals,254,,betmgm,spreads,Utah Utes,-112.0,-34.5
86e3c86de584357bb263fa4ae819ed30,2026-09-02T00:42:14Z,2026-09-04T01:00:00Z,Utah Utes,Idaho Vandals,254,,betmgm,totals,Over,-110.0,57.5
86e3c86de584357bb263fa4ae819ed30,2026-09-02T00:42:14Z,2026-09-04T01:00:00Z,Utah Utes,Idaho Vandals,254,,betmgm,totals,Under,-108.0,57.5
1697069330d0343bdf7930ac0b0c3863,2026-09-02T00:42:14Z,2026-09-04T01:00:00Z,Illinois Fighting Illini,UAB Blazers,356,5.0,draftkings,h2h,Illinois Fighting Illini,-4500.0,
1697069330d0343bdf7930ac0b0c3863,2026-09-02T00:42:14Z,2026-09-04T01:00:00Z,Illinois Fighting Illini,UAB Blazers,356,5.0,draftkings,h2h,UAB Blazers,1700.0,
1697069330d0343bdf7930ac0b0c3863,2026-09-02T00:42:14Z,2026-09-04T01:00:00Z,Illinois Fighting Illini,UAB Blazers,356,5.0,draftkings,spreads,Illinois Fighting Illini,-112.0,-27.5
1697069330d0343bdf7930ac0b0c3863,2026-09-02T00:42:14Z,2026-09-04T01:00:00Z,Illinois Fighting Illini,UAB Blazers,356,5.0,draftkings,spreads,UAB Blazers,-108.0,27.5
1697069330d0343bdf7930ac0b0c3863,2026-09-02T00:42:14Z,2026-09-04T01:00:00Z,Illinois Fighting Illini,UAB Blazers,356,5.0,draftkings,totals,Over,-118.0,54.5
1697069330d0343bdf7930ac0b0c3863,2026-09-02T00:42:14Z,2026-09-04T01:00:00Z,Illinois Fighting Illini,UAB Blazers,356,5.0,draftkings,totals,Under,-102.0,54.5
1697069330d0343bdf7930ac0b0c3863,2026-09-02T00:42:14Z,2026-09-04T01:00:00Z,Illinois Fighting Illini,UAB Blazers,356,5.0,betus,spreads,Illinois Fighting Illini,-110.0,-27.5
1697069330d0343bdf7930ac0b0c3863,2026-09-02T00:42:14Z,2026-09-04T01:00:00Z,Illinois Fighting Illini,UAB Blazers,356,5.0,betus,spreads,UAB Blazers,-110.0,27.5
1697069330d0343bdf7930ac0b0c3863,2026-09-02T00:42:14Z,2026-09-04T01:00:00Z,Illinois Fighting Illini,UAB Blazers,356,5.0,betus,totals,Over,-110.0,55.0
1697069330d0343bdf7930ac0b0c3863,2026-09-02T00:42:14Z,2026-09-04T01:00:00Z,Illinois Fighting Illini,UAB Blazers,356,5.0,betus,totals,Under,-110.0,55.0
1697069330d0343bdf7930ac0b0c3863,2026-09-02T00:42:14Z,2026-09-04T01:00:00Z,Illinois Fighting Illini,UAB Blazers,356,5.0,betonlineag,h2h,Illinois Fighting Illini,-5000.0,
1697069330d0343bdf7930ac0b0c3863,2026-09-02T00:42:14Z,2026-09-04T01:00:00Z,Illinois Fighting Illini,UAB Blazers,356,5.0,betonlineag,h2h,UAB Blazers,1550.0,
1697069330d0343bdf7930ac0b0c3863,2026-09-02T00:42:14Z,2026-09-04T01:00:00Z,Illinois Fighting Illini,UAB Blazers,356,5.0,betonlineag,spreads,Illinois Fighting Illini,-110.0,-27.5
1697069330d0343bdf7930ac0b0c3863,2026-09-02T00:42:14Z,2026-09-04T01:00:00Z,Illinois Fighting Illini,UAB Blazers,356,5.0,betonlineag,spreads,UAB Blazers,-110.0,27.5
1697069330d0343bdf7930ac0b0c3863,2026-09-02T00:42:14Z,2026-09-04T01:00:00Z,Illinois Fighting Illini,UAB Blazers,356,5.0,betonlineag,totals,Over,-110.0,55.0
1697069330d0343bdf7930ac0b0c3863,2026-09-02T00:42:14Z,2026-09-04T01:00:00Z,Illinois Fighting Illini,UAB Blazers,356,5.0,betonlineag,totals,Under,-110.0,55.0
1697069330d0343bdf7930ac0b0c3863,2026-09-02T00:42:14Z,2026-09-04T01:00:00Z,Illinois Fighting Illini,UAB Blazers,356,5.0,lowvig,h2h,Illinois Fighting Illini,-5000.0,
1697069330d0343bdf7930ac0b0c3863,2026-09-02T00:42:14Z,2026-09-04T01:00:00Z,Illinois Fighting Illini,UAB Blazers,356,5.0,lowvig,h2h,UAB Blazers,1550.0,
1697069330d0343bdf7930ac0b0c3863,2026-09-02T00:42:14Z,2026-09-04T01:00:00Z,Illinois Fighting Illini,UAB Blazers,356,5.0,lowvig,spreads,Illinois Fighting Illini,-106.0,-27.5
1697069330d0343bdf7930ac0b0c3863,2026-09-02T00:42:14Z,2026-09-04T01:00:00Z,Illinois Fighting Illini,UAB Blazers,356,5.0,lowvig,spreads,UAB Blazers,-106.0,27.5
1697069330d0343bdf7930ac0b0c3863,2026-09-02T00:42:14Z,2026-09-04T01:00:00Z,Illinois Fighting Illini,UAB Blazers,356,5.0,lowvig,totals,Over,-108.0,55.0
1697069330d0343bdf7930ac0b0c3863,2026-09-02T00:42:14Z,2026-09-04T01:00:00Z,Illinois Fighting Illini,UAB Blazers,356,5.0,lowvig,totals,Under,-108.0,55.0
1697069330d0343bdf7930ac0b0c3863,2026-09-02T00:42:14Z,2026-09-04T01:00:00Z,Illinois Fighting Illini,UAB Blazers,356,5.0,fanduel,h2h,Illinois Fighting Illini,-7000.0,
1697069330d0343bdf7930ac0b0c3863,2026-09-02T00:42:14Z,2026-09-04T01:00:00Z,Illinois Fighting Illini,UAB Blazers,356,5.0,fanduel,h2h,UAB Blazers,2000.0,
1697069330d0343bdf7930ac0b0c3863,2026-09-02T00:42:14Z,2026-09-04T01:00:00Z,Illinois Fighting Illini,UAB Blazers,356,5.0,fanduel,spreads,Illinois Fighting Illini,-115.0,-27.5
1697069330d0343bdf7930ac0b0c3863,2026-09-02T00:42:14Z,2026-09-04T01:00:00Z,Illinois Fighting Illini,UAB Blazers,356,5.0,fanduel,spreads,UAB Blazers,-105.0,27.5
1697069330d0343bdf7930ac0b0c3863,2026-09-02T00:42:14Z,2026-09-04T01:00:00Z,Illinois Fighting Illini,UAB Blazers,356,5.0,fanduel,totals,Over,-106.0,54.5
1697069330d0343bdf7930ac0b0c3863,2026-09-02T00:42:14Z,2026-09-04T01:00:00Z,Illinois Fighting Illini,UAB Blazers,356,5.0,fanduel,totals,Under,-114.0,54.5
1697069330d0343bdf7930ac0b0c3863,2026-09-02T00:42:14Z,2026-09-04T01:00:00Z,Illinois Fighting Illini,UAB Blazers,356,5.0,betmgm,h2h,Illinois Fighting Illini,-5000.0,
1697069330d0343bdf7930ac0b0c3863,2026-09-02T00:42:14Z,2026-09-04T01:00:00Z,Illinois Fighting Illini,UAB Blazers,356,5.0,betmgm,h2h,UAB Blazers,1900.0,
1697069330d0343bdf7930ac0b0c3863,2026-09-02T00:42:14Z,2026-09-04T01:00:00Z,Illinois Fighting Illini,UAB Blazers,356,5.0,betmgm,spreads,Illinois Fighting Illini,-110.0,-27.5
1697069330d0343bdf7930ac0b0c3863,2026-09-02T00:42:14Z,2026-09-04T01:00:00Z,Illinois Fighting Illini,UAB Blazers,356,5.0,betmgm,spreads,UAB Blazers,-108.0,27.5
1697069330d0343bdf7930ac0b0c3863,2026-09-02T00:42:14Z,2026-09-04T01:00:00Z,Illinois Fighting Illini,UAB Blazers,356,5.0,betmgm,totals,Over,-112.0,54.5
1697069330d0343bdf7930ac0b0c3863,2026-09-02T00:42:14Z,2026-09-04T01:00:00Z,Illinois Fighting Illini,UAB Blazers,356,5.0,betmgm,totals,Under,-105.0,54.5
1697069330d0343bdf7930ac0b0c3863,2026-09-02T00:42:14Z,2026-09-04T01:00:00Z,Illinois Fighting Illini,UAB Blazers,356,5.0,mybookieag,h2h,Illinois Fighting Illini,-4000.0,
1697069330d0343bdf7930ac0b0c3863,2026-09-02T00:42:14Z,2026-09-04T01:00:00Z,Illinois Fighting Illini,UAB Blazers,356,5.0,mybookieag,h2h,UAB Blazers,1250.0,
1697069330d0343bdf7930ac0b0c3863,2026-09-02T00:42:14Z,2026-09-04T01:00:00Z,Illinois Fighting Illini,UAB Blazers,356,5.0,mybookieag,spreads,Illinois Fighting Illini,-110.0,-28.0
1697069330d0343bdf7930ac0b0c3863,2026-09-02T00:42:14Z,2026-09-04T01:00:00Z,Illinois Fighting Illini,UAB Blazers,356,5.0,mybookieag,spreads,UAB Blazers,-110.0,28.0
1697069330d0343bdf7930ac0b0c3863,2026-09-02T00:42:14Z,2026-09-04T01:00:00Z,Illinois Fighting Illini,UAB Blazers,356,5.0,mybookieag,totals,Over,-110.0,55.0
1697069330d0343bdf7930ac0b0c3863,2026-09-02T00:42:14Z,2026-09-04T01:00:00Z,Illinois Fighting Illini,UAB Blazers,356,5.0,mybookieag,totals,Under,-110.0,55.0
1697069330d0343bdf7930ac0b0c3863,2026-09-02T00:42:14Z,2026-09-04T01:00:00Z,Illinois Fighting Illini,UAB Blazers,356,5.0,betrivers,spreads,Illinois Fighting Illini,-108.0,-28.0
1697069330d0343bdf7930ac0b0c3863,2026-09-02T00:42:14Z,2026-09-04T01:00:00Z,Illinois Fighting Illini,UAB Blazers,356,5.0,betrivers,spreads,UAB Blazers,-115.0,28.0
1697069330d0343bdf7930ac0b0c3863,2026-09-02T00:42:14Z,2026-09-04T01:00:00Z,Illinois Fighting Illini,UAB Blazers,356,5.0,betrivers,totals,Over,-114.0,54.5
1697069330d0343bdf7930ac0b0c3863,2026-09-02T00:42:14Z,2026-09-04T01:00:00Z,Illinois Fighting Illini,UAB Blazers,356,5.0,betrivers,totals,Under,-109.0,54.5
1697069330d0343bdf7930ac0b0c3863,2026-09-02T00:42:14Z,2026-09-04T01:00:00Z,Illinois Fighting Illini,UAB Blazers,356,5.0,bovada,h2h,Illinois Fighting Illini,-6500.0,
1697069330d0343bdf7930ac0b0c3863,2026-09-02T00:42:14Z,2026-09-04T01:00:00Z,Illinois Fighting Illini,UAB Blazers,356,5.0,bovada,h2h,UAB Blazers,1300.0,
1697069330d0343bdf7930ac0b0c3863,2026-09-02T00:42:14Z,2026-09-04T01:00:00Z,Illinois Fighting Illini,UAB Blazers,356,5.0,bovada,spreads,Illinois Fighting Illini,100.0,-28.0
1697069330d0343bdf7930ac0b0c3863,2026-09-02T00:42:14Z,2026-09-04T01:00:00Z,Illinois Fighting Illini,UAB Blazers,356,5.0,bovada,spreads,UAB Blazers,-120.0,28.0
1697069330d0343bdf7930ac0b0c3863,2026-09-02T00:42:14Z,2026-09-04T01:00:00Z,Illinois Fighting Illini,UAB Blazers,356,5.0,bovada,totals,Over,-115.0,54.5
1697069330d0343bdf7930ac0b0c3863,2026-09-02T00:42:14Z,2026-09-04T01:00:00Z,Illinois Fighting Illini,UAB Blazers,356,5.0,bovada,totals,Under,-105.0,54.5
f089e3d943a34a9c4fe1808568b96529,2026-09-02T00:45:30Z,2026-09-03T23:00:00Z,Wake Forest Demon Deacons,Akron Zips,154,2006.0,draftkings,h2h,Akron Zips,1300.0,
f089e3d943a34a9c4fe1808568b96529,2026-09-02T00:45:30Z,2026-09-03T23:00:00Z,Wake Forest Demon Deacons,Akron Zips,154,2006.0,draftkings,h2h,Wake Forest Demon Deacons,-2800.0,
f089e3d943a34a9c4fe1808568b96529,2026-09-02T00:45:30Z,2026-09-03T23:00:00Z,Wake Forest Demon Deacons,Akron Zips,154,2006.0,draftkings,spreads,Akron Zips,100.0,23.5
f089e3d943a34a9c4fe1808568b96529,2026-09-02T00:45:30Z,2026-09-03T23:00:00Z,Wake Forest Demon Deacons,Akron Zips,154,2006.0,draftkings,spreads,Wake Forest Demon Deacons,-120.0,-23.5
f089e3d943a34a9c4fe1808568b96529,2026-09-02T00:45:30Z,2026-09-03T23:00:00Z,Wake Forest Demon Deacons,Akron Zips,154,2006.0,draftkings,totals,Over,-105.0,48.5
f089e3d943a34a9c4fe1808568b96529,2026-09-02T00:45:30Z,2026-09-03T23:00:00Z,Wake Forest Demon Deacons,Akron Zips,154,2006.0,draftkings,totals,Under,-115.0,48.5
f089e3d943a34a9c4fe1808568b96529,2026-09-02T00:45:30Z,2026-09-03T23:00:00Z,Wake Forest Demon Deacons,Akron Zips,154,2006.0,betonlineag,h2h,Akron Zips,1256.0,
f089e3d943a34a9c4fe1808568b96529,2026-09-02T00:45:30Z,2026-09-03T23:00:00Z,Wake Forest Demon Deacons,Akron Zips,154,2006.0,betonlineag,h2h,Wake Forest Demon Deacons,-3000.0,
f089e3d943a34a9c4fe1808568b96529,2026-09-02T00:45:30Z,2026-09-03T23:00:00Z,Wake Forest Demon Deacons,Akron Zips,154,2006.0,betonlineag,spreads,Akron Zips,-108.0,24.0
f089e3d943a34a9c4fe1808568b96529,2026-09-02T00:45:30Z,2026-09-03T23:00:00Z,Wake Forest Demon Deacons,Akron Zips,154,2006.0,betonlineag,spreads,Wake Forest Demon Deacons,-112.0,-24.0
f089e3d943a34a9c4fe1808568b96529,2026-09-02T00:45:30Z,2026-09-03T23:00:00Z,Wake Forest Demon Deacons,Akron Zips,154,2006.0,betonlineag,totals,Over,-110.0,48.5
f089e3d943a34a9c4fe1808568b96529,2026-09-02T00:45:30Z,2026-09-03T23:00:00Z,Wake Forest Demon Deacons,Akron Zips,154,2006.0,betonlineag,totals,Under,-110.0,48.5
f089e3d943a34a9c4fe1808568b96529,2026-09-02T00:45:30Z,2026-09-03T23:00:00Z,Wake Forest Demon Deacons,Akron Zips,154,2006.0,lowvig,h2h,Akron Zips,1256.0,
f089e3d943a34a9c4fe1808568b96529,2026-09-02T00:45:30Z,2026-09-03T23:00:00Z,Wake Forest Demon Deacons,Akron Zips,154,2006.0,lowvig,h2h,Wake Forest Demon Deacons,-3000.0,
f089e3d943a34a9c4fe1808568b96529,2026-09-02T00:45:30Z,2026-09-03T23:00:00Z,Wake Forest Demon Deacons,Akron Zips,154,2006.0,lowvig,spreads,Akron Zips,-104.0,24.0
f089e3d943a34a9c4fe1808568b96529,2026-09-02T00:45:30Z,2026-09-03T23:00:00Z,Wake Forest Demon Deacons,Akron Zips,154,2006.0,lowvig,spreads,Wake Forest Demon Deacons,-108.0,-24.0
f089e3d943a34a9c4fe1808568b96529,2026-09-02T00:45:30Z,2026-09-03T23:00:00Z,Wake Forest Demon Deacons,Akron Zips,154,2006.0,lowvig,totals,Over,-108.0,48.5
f089e3d943a34a9c4fe1808568b96529,2026-09-02T00:45:30Z,2026-09-03T23:00:00Z,Wake Forest Demon Deacons,Akron Zips,154,2006.0,lowvig,totals,Under,-108.0,48.5
f089e3d943a34a9c4fe1808568b96529,2026-09-02T00:45:30Z,2026-09-03T23:00:00Z,Wake Forest Demon Deacons,Akron Zips,154,2006.0,betus,h2h,Akron Zips,1250.0,
f089e3d943a34a9c4fe1808568b96529,2026-09-02T00:45:30Z,2026-09-03T23:00:00Z,Wake Forest Demon Deacons,Akron Zips,154,2006.0,betus,h2h,Wake Forest Demon Deacons,-2800.0,
f089e3d943a34a9c4fe1808568b96529,2026-09-02T00:45:30Z,2026-09-03T23:00:00Z,Wake Forest Demon Deacons,Akron Zips,154,2006.0,betus,spreads,Akron Zips,-110.0,24.0
f089e3d943a34a9c4fe1808568b96529,2026-09-02T00:45:30Z,2026-09-03T23:00:00Z,Wake Forest Demon Deacons,Akron Zips,154,2006.0,betus,spreads,Wake Forest Demon Deacons,-110.0,-24.0
f089e3d943a34a9c4fe1808568b96529,2026-09-02T00:45:30Z,2026-09-03T23:00:00Z,Wake Forest Demon Deacons,Akron Zips,154,2006.0,betus,totals,Over,-110.0,48.5
f089e3d943a34a9c4fe1808568b96529,2026-09-02T00:45:30Z,2026-09-03T23:00:00Z,Wake Forest Demon Deacons,Akron Zips,154,2006.0,betus,totals,Under,-110.0,48.5
f089e3d943a34a9c4fe1808568b96529,2026-09-02T00:45:30Z,2026-09-03T23:00:00Z,Wake Forest Demon Deacons,Akron Zips,154,2006.0,bovada,h2h,Akron Zips,1000.0,
f089e3d943a34a9c4fe1808568b96529,2026-09-02T00:45:30Z,2026-09-03T23:00:00Z,Wake Forest Demon Deacons,Akron Zips,154,2006.0,bovada,h2h,Wake Forest Demon Deacons,-2200.0,
f089e3d943a34a9c4fe1808568b96529,2026-09-02T00:45:30Z,2026-09-03T23:00:00Z,Wake Forest Demon Deacons,Akron Zips,154,2006.0,bovada,spreads,Akron Zips,-110.0,24.0
f089e3d943a34a9c4fe1808568b96529,2026-09-02T00:45:30Z,2026-09-03T23:00:00Z,Wake Forest Demon Deacons,Akron Zips,154,2006.0,bovada,spreads,Wake Forest Demon Deacons,-110.0,-24.0
f089e3d943a34a9c4fe1808568b96529,2026-09-02T00:45:30Z,2026-09-03T23:00:00Z,Wake Forest Demon Deacons,Akron Zips,154,2006.0,bovada,totals,Over,-110.0,48.5
f089e3d943a34a9c4fe1808568b96529,2026-09-02T00:45:30Z,2026-09-03T23:00:00Z,Wake Forest Demon Deacons,Akron Zips,154,2006.0,bovada,totals,Under,-110.0,48.5
f089e3d943a34a9c4fe1808568b96529,2026-09-02T00:45:30Z,2026-09-03T23:00:00Z,Wake Forest Demon Deacons,Akron Zips,154,2006.0,fanduel,h2h,Akron Zips,1400.0,
f089e3d943a34a9c4fe1808568b96529,2026-09-02T00:45:30Z,2026-09-03T23:00:00Z,Wake Forest Demon Deacons,Akron Zips,154,2006.0,fanduel,h2h,Wake Forest Demon Deacons,-4000.0,
f089e3d943a34a9c4fe1808568b96529,2026-09-02T00:45:30Z,2026-09-03T23:00:00Z,Wake Forest Demon Deacons,Akron Zips,154,2006.0,fanduel,spreads,Akron Zips,-115.0,24.5
f089e3d943a34a9c4fe1808568b96529,2026-09-02T00:45:30Z,2026-09-03T23:00:00Z,Wake Forest Demon Deacons,Akron Zips,154,2006.0,fanduel,spreads,Wake Forest Demon Deacons,-105.0,-24.5
f089e3d943a34a9c4fe1808568b96529,2026-09-02T00:45:30Z,2026-09-03T23:00:00Z,Wake Forest Demon Deacons,Akron Zips,154,2006.0,fanduel,totals,Over,-110.0,48.5
f089e3d943a34a9c4fe1808568b96529,2026-09-02T00:45:30Z,2026-09-03T23:00:00Z,Wake Forest Demon Deacons,Akron Zips,154,2006.0,fanduel,totals,Under,-110.0,48.5
f089e3d943a34a9c4fe1808568b96529,2026-09-02T00:45:30Z,2026-09-03T23:00:00Z,Wake Forest Demon Deacons,Akron Zips,154,2006.0,betmgm,h2h,Akron Zips,1350.0,
f089e3d943a34a9c4fe1808568b96529,2026-09-02T00:45:30Z,2026-09-03T23:00:00Z,Wake Forest Demon Deacons,Akron Zips,154,2006.0,betmgm,h2h,Wake Forest Demon Deacons,-2500.0,
f089e3d943a34a9c4fe1808568b96529,2026-09-02T00:45:30Z,2026-09-03T23:00:00Z,Wake Forest Demon Deacons,Akron Zips,154,2006.0,betmgm,spreads,Akron Zips,-105.0,24.0
f089e3d943a34a9c4fe1808568b96529,2026-09-02T00:45:30Z,2026-09-03T23:00:00Z,Wake Forest Demon Deacons,Akron Zips,154,2006.0,betmgm,spreads,Wake Forest Demon Deacons,-112.0,-24.0
f089e3d943a34a9c4fe1808568b96529,2026-09-02T00:45:30Z,2026-09-03T23:00:00Z,Wake Forest Demon Deacons,Akron Zips,154,2006.0,betmgm,totals,Over,-108.0,48.5
f089e3d943a34a9c4fe1808568b96529,2026-09-02T00:45:30Z,2026-09-03T23:00:00Z,Wake Forest Demon Deacons,Akron Zips,154,2006.0,betmgm,totals,Under,-110.0,48.5
f089e3d943a34a9c4fe1808568b96529,2026-09-02T00:45:30Z,2026-09-03T23:00:00Z,Wake Forest Demon Deacons,Akron Zips,154,2006.0,betrivers,h2h,Akron Zips,1400.0,
f089e3d943a34a9c4fe1808568b96529,2026-09-02T00:45:30Z,2026-09-03T23:00:00Z,Wake Forest Demon Deacons,Akron Zips,154,2006.0,betrivers,h2h,Wake Forest Demon Deacons,-10000.0,
f089e3d943a34a9c4fe1808568b96529,2026-09-02T00:45:30Z,2026-09-03T23:00:00Z,Wake Forest Demon Deacons,Akron Zips,154,2006.0,betrivers,spreads,Akron Zips,-110.0,24.0
f089e3d943a34a9c4fe1808568b96529,2026-09-02T00:45:30Z,2026-09-03T23:00:00Z,Wake Forest Demon Deacons,Akron Zips,154,2006.0,betrivers,spreads,Wake Forest Demon Deacons,-113.0,-24.0
f089e3d943a34a9c4fe1808568b96529,2026-09-02T00:45:30Z,2026-09-03T23:00:00Z,Wake Forest Demon Deacons,Akron Zips,154,2006.0,betrivers,totals,Over,-115.0,48.0
f089e3d943a34a9c4fe1808568b96529,2026-09-02T00:45:30Z,2026-09-03T23:00:00Z,Wake Forest Demon Deacons,Akron Zips,154,2006.0,betrivers,totals,Under,-108.0,48.0
f089e3d943a34a9c4fe1808568b96529,2026-09-02T00:45:30Z,2026-09-03T23:00:00Z,Wake Forest Demon Deacons,Akron Zips,154,2006.0,mybookieag,h2h,Akron Zips,1130.0,
f089e3d943a34a9c4fe1808568b96529,2026-09-02T00:45:30Z,2026-09-03T23:00:00Z,Wake Forest Demon Deacons,Akron Zips,154,2006.0,mybookieag,h2h,Wake Forest Demon Deacons,-3366.0,
f089e3d943a34a9c4fe1808568b96529,2026-09-02T00:45:30Z,2026-09-03T23:00:00Z,Wake Forest Demon Deacons,Akron Zips,154,2006.0,mybookieag,spreads,Akron Zips,-110.0,24.0
f089e3d943a34a9c4fe1808568b96529,2026-09-02T00:45:30Z,2026-09-03T23:00:00Z,Wake Forest Demon Deacons,Akron Zips,154,2006.0,mybookieag,spreads,Wake Forest Demon Deacons,-110.0,-24.0
f089e3d943a34a9c4fe1808568b96529,2026-09-02T00:45:30Z,2026-09-03T23:00:00Z,Wake Forest Demon Deacons,Akron Zips,154,2006.0,mybookieag,totals,Over,-110.0,48.5
f089e3d943a34a9c4fe1808568b96529,2026-09-02T00:45:30Z,2026-09-03T23:00:00Z,Wake Forest Demon Deacons,Akron Zips,154,2006.0,mybookieag,totals,Under,-110.0,48.5
2f02052c3228ed6d9dc2e8ff8cdf5cdd,2026-09-02T00:45:30Z,2026-09-03T23:00:00Z,Buffalo Bulls,Albany,2084,,fanduel,h2h,Albany,890.0,
2f02052c3228ed6d9dc2e8ff8cdf5cdd,2026-09-02T00:45:30Z,2026-09-03T23:00:00Z,Buffalo Bulls,Albany,2084,,fanduel,h2h,Buffalo Bulls,-1700.0,
2f02052c3228ed6d9dc2e8ff8cdf5cdd,2026-09-02T00:45:30Z,2026-09-03T23:00:00Z,Buffalo Bulls,Albany,2084,,fanduel,spreads,Albany,-108.0,18.5
2f02052c3228ed6d9dc2e8ff8cdf5cdd,2026-09-02T00:45:30Z,2026-09-03T23:00:00Z,Buffalo Bulls,Albany,2084,,fanduel,spreads,Buffalo Bulls,-112.0,-18.5
2f02052c3228ed6d9dc2e8ff8cdf5cdd,2026-09-02T00:45:30Z,2026-09-03T23:00:00Z,Buffalo Bulls,Albany,2084,,fanduel,totals,Over,-110.0,48.5
2f02052c3228ed6d9dc2e8ff8cdf5cdd,2026-09-02T00:45:30Z,2026-09-03T23:00:00Z,Buffalo Bulls,Albany,2084,,fanduel,totals,Under,-110.0,48.5
2f02052c3228ed6d9dc2e8ff8cdf5cdd,2026-09-02T00:45:30Z,2026-09-03T23:00:00Z,Buffalo Bulls,Albany,2084,,draftkings,h2h,Albany,750.0,
2f02052c3228ed6d9dc2e8ff8cdf5cdd,2026-09-02T00:45:30Z,2026-09-03T23:00:00Z,Buffalo Bulls,Albany,2084,,draftkings,h2h,Buffalo Bulls,-1200.0,
2f02052c3228ed6d9dc2e8ff8cdf5cdd,2026-09-02T00:45:30Z,2026-09-03T23:00:00Z,Buffalo Bulls,Albany,2084,,draftkings,spreads,Albany,-108.0,18.5
2f02052c3228ed6d9dc2e8ff8cdf5cdd,2026-09-02T00:45:30Z,2026-09-03T23:00:00Z,Buffalo Bulls,Albany,2084,,draftkings,spreads,Buffalo Bulls,-112.0,-18.5
2f02052c3228ed6d9dc2e8ff8cdf5cdd,2026-09-02T00:45:30Z,2026-09-03T23:00:00Z,Buffalo Bulls,Albany,2084,,draftkings,totals,Over,-108.0,48.5
2f02052c3228ed6d9dc2e8ff8cdf5cdd,2026-09-02T00:45:30Z,2026-09-03T23:00:00Z,Buffalo Bulls,Albany,2084,,draftkings,totals,Under,-112.0,48.5
2f02052c3228ed6d9dc2e8ff8cdf5cdd,2026-09-02T00:45:30Z,2026-09-03T23:00:00Z,Buffalo Bulls,Albany,2084,,betrivers,h2h,Albany,850.0,
2f02052c3228ed6d9dc2e8ff8cdf5cdd,2026-09-02T00:45:30Z,2026-09-03T23:00:00Z,Buffalo Bulls,Albany,2084,,betrivers,h2h,Buffalo Bulls,-2000.0,
2f02052c3228ed6d9dc2e8ff8cdf5cdd,2026-09-02T00:45:30Z,2026-09-03T23:00:00Z,Buffalo Bulls,Albany,2084,,betrivers,spreads,Albany,-112.0,18.5
2f02052c3228ed6d9dc2e8ff8cdf5cdd,2026-09-02T00:45:30Z,2026-09-03T23:00:00Z,Buffalo Bulls,Albany,2084,,betrivers,spreads,Buffalo Bulls,-112.0,-18.5
2f02052c3228ed6d9dc2e8ff8cdf5cdd,2026-09-02T00:45:30Z,2026-09-03T23:00:00Z,Buffalo Bulls,Albany,2084,,betrivers,totals,Over,-113.0,48.0
2f02052c3228ed6d9dc2e8ff8cdf5cdd,2026-09-02T00:45:30Z,2026-09-03T23:00:00Z,Buffalo Bulls,Albany,2084,,betrivers,totals,Under,-110.0,48.0
2f02052c3228ed6d9dc2e8ff8cdf5cdd,2026-09-02T00:45:30Z,2026-09-03T23:00:00Z,Buffalo Bulls,Albany,2084,,lowvig,spreads,Albany,-130.0,19.5
2f02052c3228ed6d9dc2e8ff8cdf5cdd,2026-09-02T00:45:30Z,2026-09-03T23:00:00Z,Buffalo Bulls,Albany,2084,,lowvig,spreads,Buffalo Bulls,-101.0,-19.5
2f02052c3228ed6d9dc2e8ff8cdf5cdd,2026-09-02T00:45:30Z,2026-09-03T23:00:00Z,Buffalo Bulls,Albany,2084,,lowvig,totals,Over,-115.0,47.5
2f02052c3228ed6d9dc2e8ff8cdf5cdd,2026-09-02T00:45:30Z,2026-09-03T23:00:00Z,Buffalo Bulls,Albany,2084,,lowvig,totals,Under,-115.0,47.5
2f02052c3228ed6d9dc2e8ff8cdf5cdd,2026-09-02T00:45:30Z,2026-09-03T23:00:00Z,Buffalo Bulls,Albany,2084,,betonlineag,spreads,Albany,-130.0,19.5
2f02052c3228ed6d9dc2e8ff8cdf5cdd,2026-09-02T00:45:30Z,2026-09-03T23:00:00Z,Buffalo Bulls,Albany,2084,,betonlineag,spreads,Buffalo Bulls,-101.0,-19.5
2f02052c3228ed6d9dc2e8ff8cdf5cdd,2026-09-02T00:45:30Z,2026-09-03T23:00:00Z,Buffalo Bulls,Albany,2084,,betonlineag,totals,Over,-115.0,47.5
2f02052c3228ed6d9dc2e8ff8cdf5cdd,2026-09-02T00:45:30Z,2026-09-03T23:00:00Z,Buffalo Bulls,Albany,2084,,betonlineag,totals,Under,-115.0,47.5
2f02052c3228ed6d9dc2e8ff8cdf5cdd,2026-09-02T00:45:30Z,2026-09-03T23:00:00Z,Buffalo Bulls,Albany,2084,,betmgm,h2h,Albany,950.0,
2f02052c3228ed6d9dc2e8ff8cdf5cdd,2026-09-02T00:45:30Z,2026-09-03T23:00:00Z,Buffalo Bulls,Albany,2084,,betmgm,h2h,Buffalo Bulls,-1400.0,
2f02052c3228ed6d9dc2e8ff8cdf5cdd,2026-09-02T00:45:30Z,2026-09-03T23:00:00Z,Buffalo Bulls,Albany,2084,,betmgm,spreads,Albany,-110.0,18.5
2f02052c3228ed6d9dc2e8ff8cdf5cdd,2026-09-02T00:45:30Z,2026-09-03T23:00:00Z,Buffalo Bulls,Albany,2084,,betmgm,spreads,Buffalo Bulls,-108.0,-18.5
2f02052c3228ed6d9dc2e8ff8cdf5cdd,2026-09-02T00:45:30Z,2026-09-03T23:00:00Z,Buffalo Bulls,Albany,2084,,betmgm,totals,Over,-102.0,48.5
2f02052c3228ed6d9dc2e8ff8cdf5cdd,2026-09-02T00:45:30Z,2026-09-03T23:00:00Z,Buffalo Bulls,Albany,2084,,betmgm,totals,Under,-118.0,48.5
d9f49d1967af91e2aade42979e8c65c8,2026-09-02T00:45:30Z,2026-09-03T23:00:00Z,UCF Knights,Bethune-Cookman Wildcats,2116,,fanduel,spreads,Bethune-Cookman Wildcats,-110.0,42.5
d9f49d1967af91e2aade42979e8c65c8,2026-09-02T00:45:30Z,2026-09-03T23:00:00Z,UCF Knights,Bethune-Cookman Wildcats,2116,,fanduel,spreads,UCF Knights,-110.0,-42.5
d9f49d1967af91e2aade42979e8c65c8,2026-09-02T00:45:30Z,2026-09-03T23:00:00Z,UCF Knights,Bethune-Cookman Wildcats,2116,,fanduel,totals,Over,-114.0,58.5
d9f49d1967af91e2aade42979e8c65c8,2026-09-02T00:45:30Z,2026-09-03T23:00:00Z,UCF Knights,Bethune-Cookman Wildcats,2116,,fanduel,totals,Under,-106.0,58.5
d9f49d1967af91e2aade42979e8c65c8,2026-09-02T00:45:30Z,2026-09-03T23:00:00Z,UCF Knights,Bethune-Cookman Wildcats,2116,,draftkings,spreads,Bethune-Cookman Wildcats,-108.0,42.5
d9f49d1967af91e2aade42979e8c65c8,2026-09-02T00:45:30Z,2026-09-03T23:00:00Z,UCF Knights,Bethune-Cookman Wildcats,2116,,draftkings,spreads,UCF Knights,-112.0,-42.5
d9f49d1967af91e2aade42979e8c65c8,2026-09-02T00:45:30Z,2026-09-03T23:00:00Z,UCF Knights,Bethune-Cookman Wildcats,2116,,draftkings,totals,Over,-105.0,59.5
d9f49d1967af91e2aade42979e8c65c8,2026-09-02T00:45:30Z,2026-09-03T23:00:00Z,UCF Knights,Bethune-Cookman Wildcats,2116,,draftkings,totals,Under,-115.0,59.5
d9f49d1967af91e2aade42979e8c65c8,2026-09-02T00:45:30Z,2026-09-03T23:00:00Z,UCF Knights,Bethune-Cookman Wildcats,2116,,betrivers,spreads,Bethune-Cookman Wildcats,-110.0,42.5
d9f49d1967af91e2aade42979e8c65c8,2026-09-02T00:45:30Z,2026-09-03T23:00:00Z,UCF Knights,Bethune-Cookman Wildcats,2116,,betrivers,spreads,UCF Knights,-113.0,-42.5
d9f49d1967af91e2aade42979e8c65c8,2026-09-02T00:45:30Z,2026-09-03T23:00:00Z,UCF Knights,Bethune-Cookman Wildcats,2116,,betrivers,totals,Over,-109.0,59.0
d9f49d1967af91e2aade42979e8c65c8,2026-09-02T00:45:30Z,2026-09-03T23:00:00Z,UCF Knights,Bethune-Cookman Wildcats,2116,,betrivers,totals,Under,-114.0,59.0
d9f49d1967af91e2aade42979e8c65c8,2026-09-02T00:45:30Z,2026-09-03T23:00:00Z,UCF Knights,Bethune-Cookman Wildcats,2116,,lowvig,spreads,Bethune-Cookman Wildcats,-115.0,42.5
d9f49d1967af91e2aade42979e8c65c8,2026-09-02T00:45:30Z,2026-09-03T23:00:00Z,UCF Knights,Bethune-Cookman Wildcats,2116,,lowvig,spreads,UCF Knights,-115.0,-42.5
d9f49d1967af91e2aade42979e8c65c8,2026-09-02T00:45:30Z,2026-09-03T23:00:00Z,UCF Knights,Bethune-Cookman Wildcats,2116,,lowvig,totals,Over,-120.0,59.0
d9f49d1967af91e2aade42979e8c65c8,2026-09-02T00:45:30Z,2026-09-03T23:00:00Z,UCF Knights,Bethune-Cookman Wildcats,2116,,lowvig,totals,Under,-110.0,59.0
d9f49d1967af91e2aade42979e8c65c8,2026-09-02T00:45:30Z,2026-09-03T23:00:00Z,UCF Knights,Bethune-Cookman Wildcats,2116,,betonlineag,spreads,Bethune-Cookman Wildcats,-115.0,42.5
d9f49d1967af91e2aade42979e8c65c8,2026-09-02T00:45:30Z,2026-09-03T23:00:00Z,UCF Knights,Bethune-Cookman Wildcats,2116,,betonlineag,spreads,UCF Knights,-115.0,-42.5
d9f49d1967af91e2aade42979e8c65c8,2026-09-02T00:45:30Z,2026-09-03T23:00:00Z,UCF Knights,Bethune-Cookman Wildcats,2116,,betonlineag,totals,Over,-120.0,59.0
d9f49d1967af91e2aade42979e8c65c8,2026-09-02T00:45:30Z,2026-09-03T23:00:00Z,UCF Knights,Bethune-Cookman Wildcats,2116,,betonlineag,totals,Under,-110.0,59.0
99279326548a5f5399cc9a2efe27a057,2026-09-02T00:45:30Z,2026-09-03T23:00:00Z,Delaware Blue Hens,Merrimack Warriors,48,,fanduel,h2h,Delaware Blue Hens,-10000.0,
99279326548a5f5399cc9a2efe27a057,2026-09-02T00:45:30Z,2026-09-03T23:00:00Z,Delaware Blue Hens,Merrimack Warriors,48,,fanduel,h2h,Merrimack Warriors,2400.0,
99279326548a5f5399cc9a2efe27a057,2026-09-02T00:45:30Z,2026-09-03T23:00:00Z,Delaware Blue Hens,Merrimack Warriors,48,,fanduel,spreads,Delaware Blue Hens,-115.0,-28.5
99279326548a5f5399cc9a2efe27a057,2026-09-02T00:45:30Z,2026-09-03T23:00:00Z,Delaware Blue Hens,Merrimack Warriors,48,,fanduel,spreads,Merrimack Warriors,-105.0,28.5
99279326548a5f5399cc9a2efe27a057,2026-09-02T00:45:30Z,2026-09-03T23:00:00Z,Delaware Blue Hens,Merrimack Warriors,48,,fanduel,totals,Over,-110.0,56.5
99279326548a5f5399cc9a2efe27a057,2026-09-02T00:45:30Z,2026-09-03T23:00:00Z,Delaware Blue Hens,Merrimack Warriors,48,,fanduel,totals,Under,-110.0,56.5
99279326548a5f5399cc9a2efe27a057,2026-09-02T00:45:30Z,2026-09-03T23:00:00Z,Delaware Blue Hens,Merrimack Warriors,48,,betrivers,spreads,Delaware Blue Hens,-110.0,-28.5
99279326548a5f5399cc9a2efe27a057,2026-09-02T00:45:30Z,2026-09-03T23:00:00Z,Delaware Blue Hens,Merrimack Warriors,48,,betrivers,spreads,Merrimack Warriors,-112.0,28.5
99279326548a5f5399cc9a2efe27a057,2026-09-02T00:45:30Z,2026-09-03T23:00:00Z,Delaware Blue Hens,Merrimack Warriors,48,,betrivers,totals,Over,-112.0,56.5
99279326548a5f5399cc9a2efe27a057,2026-09-02T00:45:30Z,2026-09-03T23:00:00Z,Delaware Blue Hens,Merrimack Warriors,48,,betrivers,totals,Under,-112.0,56.5
99279326548a5f5399cc9a2efe27a057,2026-09-02T00:45:30Z,2026-09-03T23:00:00Z,Delaware Blue Hens,Merrimack Warriors,48,,lowvig,spreads,Delaware Blue Hens,-125.0,-28.5
99279326548a5f5399cc9a2efe27a057,2026-09-02T00:45:30Z,2026-09-03T23:00:00Z,Delaware Blue Hens,Merrimack Warriors,48,,lowvig,spreads,Merrimack Warriors,-105.0,28.5
99279326548a5f5399cc9a2efe27a057,2026-09-02T00:45:30Z,2026-09-03T23:00:00Z,Delaware Blue Hens,Merrimack Warriors,48,,lowvig,totals,Over,-115.0,55.5
99279326548a5f5399cc9a2efe27a057,2026-09-02T00:45:30Z,2026-09-03T23:00:00Z,Delaware Blue Hens,Merrimack Warriors,48,,lowvig,totals,Under,-115.0,55.5
99279326548a5f5399cc9a2efe27a057,2026-09-02T00:45:30Z,2026-09-03T23:00:00Z,Delaware Blue Hens,Merrimack Warriors,48,,betonlineag,spreads,Delaware Blue Hens,-125.0,-28.5
99279326548a5f5399cc9a2efe27a057,2026-09-02T00:45:30Z,2026-09-03T23:00:00Z,Delaware Blue Hens,Merrimack Warriors,48,,betonlineag,spreads,Merrimack Warriors,-105.0,28.5
99279326548a5f5399cc9a2efe27a057,2026-09-02T00:45:30Z,2026-09-03T23:00:00Z,Delaware Blue Hens,Merrimack Warriors,48,,betonlineag,totals,Over,-115.0,55.5
99279326548a5f5399cc9a2efe27a057,2026-09-02T00:45:30Z,2026-09-03T23:00:00Z,Delaware Blue Hens,Merrimack Warriors,48,,betonlineag,totals,Under,-115.0,55.5
99279326548a5f5399cc9a2efe27a057,2026-09-02T00:45:30Z,2026-09-03T23:00:00Z,Delaware Blue Hens,Merrimack Warriors,48,,betmgm,h2h,Delaware Blue Hens,-10000.0,
99279326548a5f5399cc9a2efe27a057,2026-09-02T00:45:30Z,2026-09-03T23:00:00Z,Delaware Blue Hens,Merrimack Warriors,48,,betmgm,h2h,Merrimack Warriors,3000.0,
99279326548a5f5399cc9a2efe27a057,2026-09-02T00:45:30Z,2026-09-03T23:00:00Z,Delaware Blue Hens,Merrimack Warriors,48,,betmgm,spreads,Delaware Blue Hens,-108.0,-29.0
99279326548a5f5399cc9a2efe27a057,2026-09-02T00:45:30Z,2026-09-03T23:00:00Z,Delaware Blue Hens,Merrimack Warriors,48,,betmgm,spreads,Merrimack Warriors,-110.0,29.0
99279326548a5f5399cc9a2efe27a057,2026-09-02T00:45:30Z,2026-09-03T23:00:00Z,Delaware Blue Hens,Merrimack Warriors,48,,betmgm,totals,Over,-112.0,55.5
99279326548a5f5399cc9a2efe27a057,2026-09-02T00:45:30Z,2026-09-03T23:00:00Z,Delaware Blue Hens,Merrimack Warriors,48,,betmgm,totals,Under,-105.0,55.5
018e668269a3b5dc4055758ca86b1062,2026-09-02T00:45:30Z,2026-09-03T23:00:00Z,Kennesaw State Owls,West Georgia Wolves,338,,fanduel,h2h,Kennesaw State Owls,-3500.0,
018e668269a3b5dc4055758ca86b1062,2026-09-02T00:45:30Z,2026-09-03T23:00:00Z,Kennesaw State Owls,West Georgia Wolves,338,,fanduel,h2h,West Georgia Wolves,1200.0,
018e668269a3b5dc4055758ca86b1062,2026-09-02T00:45:30Z,2026-09-03T23:00:00Z,Kennesaw State Owls,West Georgia Wolves,338,,fanduel,spreads,Kennesaw State Owls,-114.0,-23.5
018e668269a3b5dc4055758ca86b1062,2026-09-02T00:45:30Z,2026-09-03T23:00:00Z,Kennesaw State Owls,West Georgia Wolves,338,,fanduel,spreads,West Georgia Wolves,-106.0,23.5
018e668269a3b5dc4055758ca86b1062,2026-09-02T00:45:30Z,2026-09-03T23:00:00Z,Kennesaw State Owls,West Georgia Wolves,338,,fanduel,totals,Over,-114.0,51.5
018e668269a3b5dc4055758ca86b1062,2026-09-02T00:45:30Z,2026-09-03T23:00:00Z,Kennesaw State Owls,West Georgia Wolves,338,,fanduel,totals,Under,-106.0,51.5
018e668269a3b5dc4055758ca86b1062,2026-09-02T00:45:30Z,2026-09-03T23:00:00Z,Kennesaw State Owls,West Georgia Wolves,338,,draftkings,h2h,Kennesaw State Owls,-4000.0,
018e668269a3b5dc4055758ca86b1062,2026-09-02T00:45:30Z,2026-09-03T23:00:00Z,Kennesaw State Owls,West Georgia Wolves,338,,draftkings,h2h,West Georgia Wolves,1600.0,
018e668269a3b5dc4055758ca86b1062,2026-09-02T00:45:30Z,2026-09-03T23:00:00Z,Kennesaw State Owls,West Georgia Wolves,338,,draftkings,spreads,Kennesaw State Owls,-115.0,-23.5
018e668269a3b5dc4055758ca86b1062,2026-09-02T00:45:30Z,2026-09-03T23:00:00Z,Kennesaw State Owls,West Georgia Wolves,338,,draftkings,spreads,West Georgia Wolves,-105.0,23.5
018e668269a3b5dc4055758ca86b1062,2026-09-02T00:45:30Z,2026-09-03T23:00:00Z,Kennesaw State Owls,West Georgia Wolves,338,,draftkings,totals,Over,-115.0,51.5
018e668269a3b5dc4055758ca86b1062,2026-09-02T00:45:30Z,2026-09-03T23:00:00Z,Kennesaw State Owls,West Georgia Wolves,338,,draftkings,totals,Under,-105.0,51.5
018e668269a3b5dc4055758ca86b1062,2026-09-02T00:45:30Z,2026-09-03T23:00:00Z,Kennesaw State Owls,West Georgia Wolves,338,,betrivers,spreads,Kennesaw State Owls,-110.0,-23.5
018e668269a3b5dc4055758ca86b1062,2026-09-02T00:45:30Z,2026-09-03T23:00:00Z,Kennesaw State Owls,West Georgia Wolves,338,,betrivers,spreads,West Georgia Wolves,-113.0,23.5
018e668269a3b5dc4055758ca86b1062,2026-09-02T00:45:30Z,2026-09-03T23:00:00Z,Kennesaw State Owls,West Georgia Wolves,338,,betrivers,totals,Over,-115.0,51.5
018e668269a3b5dc4055758ca86b1062,2026-09-02T00:45:30Z,2026-09-03T23:00:00Z,Kennesaw State Owls,West Georgia Wolves,338,,betrivers,totals,Under,-108.0,51.5
018e668269a3b5dc4055758ca86b1062,2026-09-02T00:45:30Z,2026-09-03T23:00:00Z,Kennesaw State Owls,West Georgia Wolves,338,,lowvig,spreads,Kennesaw State Owls,-120.0,-23.5
018e668269a3b5dc4055758ca86b1062,2026-09-02T00:45:30Z,2026-09-03T23:00:00Z,Kennesaw State Owls,West Georgia Wolves,338,,lowvig,spreads,West Georgia Wolves,-110.0,23.5
018e668269a3b5dc4055758ca86b1062,2026-09-02T00:45:30Z,2026-09-03T23:00:00Z,Kennesaw State Owls,West Georgia Wolves,338,,lowvig,totals,Over,-115.0,51.5
018e668269a3b5dc4055758ca86b1062,2026-09-02T00:45:30Z,2026-09-03T23:00:00Z,Kennesaw State Owls,West Georgia Wolves,338,,lowvig,totals,Under,-115.0,51.5
018e668269a3b5dc4055758ca86b1062,2026-09-02T00:45:30Z,2026-09-03T23:00:00Z,Kennesaw State Owls,West Georgia Wolves,338,,betonlineag,spreads,Kennesaw State Owls,-120.0,-23.5
018e668269a3b5dc4055758ca86b1062,2026-09-02T00:45:30Z,2026-09-03T23:00:00Z,Kennesaw State Owls,West Georgia Wolves,338,,betonlineag,spreads,West Georgia Wolves,-110.0,23.5
018e668269a3b5dc4055758ca86b1062,2026-09-02T00:45:30Z,2026-09-03T23:00:00Z,Kennesaw State Owls,West Georgia Wolves,338,,betonlineag,totals,Over,-115.0,51.5
018e668269a3b5dc4055758ca86b1062,2026-09-02T00:45:30Z,2026-09-03T23:00:00Z,Kennesaw State Owls,West Georgia Wolves,338,,betonlineag,totals,Under,-115.0,51.5
018e668269a3b5dc4055758ca86b1062,2026-09-02T00:45:30Z,2026-09-03T23:00:00Z,Kennesaw State Owls,West Georgia Wolves,338,,betmgm,h2h,Kennesaw State Owls,-3000.0,
018e668269a3b5dc4055758ca86b1062,2026-09-02T00:45:30Z,2026-09-03T23:00:00Z,Kennesaw State Owls,West Georgia Wolves,338,,betmgm,h2h,West Georgia Wolves,1500.0,
018e668269a3b5dc4055758ca86b1062,2026-09-02T00:45:30Z,2026-09-03T23:00:00Z,Kennesaw State Owls,West Georgia Wolves,338,,betmgm,spreads,Kennesaw State Owls,-112.0,-23.5
018e668269a3b5dc4055758ca86b1062,2026-09-02T00:45:30Z,2026-09-03T23:00:00Z,Kennesaw State Owls,West Georgia Wolves,338,,betmgm,spreads,West Georgia Wolves,-105.0,23.5
018e668269a3b5dc4055758ca86b1062,2026-09-02T00:45:30Z,2026-09-03T23:00:00Z,Kennesaw State Owls,West Georgia Wolves,338,,betmgm,totals,Over,-110.0,51.5
018e668269a3b5dc4055758ca86b1062,2026-09-02T00:45:30Z,2026-09-03T23:00:00Z,Kennesaw State Owls,West Georgia Wolves,338,,betmgm,totals,Under,-108.0,51.5
64cf9eedef7f4c7a764860a59f3c4329,2026-09-02T00:45:30Z,2026-09-04T00:00:00Z,Missouri Tigers,Arkansas Pine Bluff Golden Lions,142,,fanduel,spreads,Arkansas Pine Bluff Golden Lions,-115.0,54.5
64cf9eedef7f4c7a764860a59f3c4329,2026-09-02T00:45:30Z,2026-09-04T00:00:00Z,Missouri Tigers,Arkansas Pine Bluff Golden Lions,142,,fanduel,spreads,Missouri Tigers,-105.0,-54.5
64cf9eedef7f4c7a764860a59f3c4329,2026-09-02T00:45:30Z,2026-09-04T00:00:00Z,Missouri Tigers,Arkansas Pine Bluff Golden Lions,142,,fanduel,totals,Over,-115.0,60.5
64cf9eedef7f4c7a764860a59f3c4329,2026-09-02T00:45:30Z,2026-09-04T00:00:00Z,Missouri Tigers,Arkansas Pine Bluff Golden Lions,142,,fanduel,totals,Under,-105.0,60.5
64cf9eedef7f4c7a764860a59f3c4329,2026-09-02T00:45:30Z,2026-09-04T00:00:00Z,Missouri Tigers,Arkansas Pine Bluff Golden Lions,142,,draftkings,spreads,Arkansas Pine Bluff Golden Lions,-115.0,54.5
64cf9eedef7f4c7a764860a59f3c4329,2026-09-02T00:45:30Z,2026-09-04T00:00:00Z,Missouri Tigers,Arkansas Pine Bluff Golden Lions,142,,draftkings,spreads,Missouri Tigers,-105.0,-54.5
64cf9eedef7f4c7a764860a59f3c4329,2026-09-02T00:45:30Z,2026-09-04T00:00:00Z,Missouri Tigers,Arkansas Pine Bluff Golden Lions,142,,draftkings,totals,Over,-115.0,60.5
64cf9eedef7f4c7a764860a59f3c4329,2026-09-02T00:45:30Z,2026-09-04T00:00:00Z,Missouri Tigers,Arkansas Pine Bluff Golden Lions,142,,draftkings,totals,Under,-105.0,60.5
64cf9eedef7f4c7a764860a59f3c4329,2026-09-02T00:45:30Z,2026-09-04T00:00:00Z,Missouri Tigers,Arkansas Pine Bluff Golden Lions,142,,betrivers,spreads,Arkansas Pine Bluff Golden Lions,-110.0,54.5
64cf9eedef7f4c7a764860a59f3c4329,2026-09-02T00:45:30Z,2026-09-04T00:00:00Z,Missouri Tigers,Arkansas Pine Bluff Golden Lions,142,,betrivers,spreads,Missouri Tigers,-113.0,-54.5
64cf9eedef7f4c7a764860a59f3c4329,2026-09-02T00:45:30Z,2026-09-04T00:00:00Z,Missouri Tigers,Arkansas Pine Bluff Golden Lions,142,,betrivers,totals,Over,-112.0,61.0
64cf9eedef7f4c7a764860a59f3c4329,2026-09-02T00:45:30Z,2026-09-04T00:00:00Z,Missouri Tigers,Arkansas Pine Bluff Golden Lions,142,,betrivers,totals,Under,-112.0,61.0
64cf9eedef7f4c7a764860a59f3c4329,2026-09-02T00:45:30Z,2026-09-04T00:00:00Z,Missouri Tigers,Arkansas Pine Bluff Golden Lions,142,,lowvig,spreads,Arkansas Pine Bluff Golden Lions,-115.0,55.0
64cf9eedef7f4c7a764860a59f3c4329,2026-09-02T00:45:30Z,2026-09-04T00:00:00Z,Missouri Tigers,Arkansas Pine Bluff Golden Lions,142,,lowvig,spreads,Missouri Tigers,-115.0,-55.0
64cf9eedef7f4c7a764860a59f3c4329,2026-09-02T00:45:30Z,2026-09-04T00:00:00Z,Missouri Tigers,Arkansas Pine Bluff Golden Lions,142,,lowvig,totals,Over,-115.0,60.5
64cf9eedef7f4c7a764860a59f3c4329,2026-09-02T00:45:30Z,2026-09-04T00:00:00Z,Missouri Tigers,Arkansas Pine Bluff Golden Lions,142,,lowvig,totals,Under,-115.0,60.5
64cf9eedef7f4c7a764860a59f3c4329,2026-09-02T00:45:30Z,2026-09-04T00:00:00Z,Missouri Tigers,Arkansas Pine Bluff Golden Lions,142,,betonlineag,spreads,Arkansas Pine Bluff Golden Lions,-115.0,55.0
64cf9eedef7f4c7a764860a59f3c4329,2026-09-02T00:45:30Z,2026-09-04T00:00:00Z,Missouri Tigers,Arkansas Pine Bluff Golden Lions,142,,betonlineag,spreads,Missouri Tigers,-115.0,-55.0
64cf9eedef7f4c7a764860a59f3c4329,2026-09-02T00:45:30Z,2026-09-04T00:00:00Z,Missouri Tigers,Arkansas Pine Bluff Golden Lions,142,,betonlineag,totals,Over,-115.0,60.5
64cf9eedef7f4c7a764860a59f3c4329,2026-09-02T00:45:30Z,2026-09-04T00:00:00Z,Missouri Tigers,Arkansas Pine Bluff Golden Lions,142,,betonlineag,totals,Under,-115.0,60.5
64cf9eedef7f4c7a764860a59f3c4329,2026-09-02T00:45:30Z,2026-09-04T00:00:00Z,Missouri Tigers,Arkansas Pine Bluff Golden Lions,142,,betmgm,spreads,Arkansas Pine Bluff Golden Lions,-110.0,53.5
64cf9eedef7f4c7a764860a59f3c4329,2026-09-02T00:45:30Z,2026-09-04T00:00:00Z,Missouri Tigers,Arkansas Pine Bluff Golden Lions,142,,betmgm,spreads,Missouri Tigers,-108.0,-53.5
64cf9eedef7f4c7a764860a59f3c4329,2026-09-02T00:45:30Z,2026-09-04T00:00:00Z,Missouri Tigers,Arkansas Pine Bluff Golden Lions,142,,betmgm,totals,Over,-110.0,60.5
64cf9eedef7f4c7a764860a59f3c4329,2026-09-02T00:45:30Z,2026-09-04T00:00:00Z,Missouri Tigers,Arkansas Pine Bluff Golden Lions,142,,betmgm,totals,Under,-108.0,60.5
1d6daad1c93bf7e5ae16be1db12e27d5,2026-09-02T00:45:30Z,2026-09-04T00:00:00Z,Georgia Tech Yellow Jackets,Colorado Buffaloes,59,38.0,draftkings,h2h,Colorado Buffaloes,205.0,
1d6daad1c93bf7e5ae16be1db12e27d5,2026-09-02T00:45:30Z,2026-09-04T00:00:00Z,Georgia Tech Yellow Jackets,Colorado Buffaloes,59,38.0,draftkings,h2h,Georgia Tech Yellow Jackets,-250.0,
1d6daad1c93bf7e5ae16be1db12e27d5,2026-09-02T00:45:30Z,2026-09-04T00:00:00Z,Georgia Tech Yellow Jackets,Colorado Buffaloes,59,38.0,draftkings,spreads,Colorado Buffaloes,-105.0,6.5
1d6daad1c93bf7e5ae16be1db12e27d5,2026-09-02T00:45:30Z,2026-09-04T00:00:00Z,Georgia Tech Yellow Jackets,Colorado Buffaloes,59,38.0,draftkings,spreads,Georgia Tech Yellow Jackets,-115.0,-6.5
1d6daad1c93bf7e5ae16be1db12e27d5,2026-09-02T00:45:30Z,2026-09-04T00:00:00Z,Georgia Tech Yellow Jackets,Colorado Buffaloes,59,38.0,draftkings,totals,Over,-115.0,50.5
1d6daad1c93bf7e5ae16be1db12e27d5,2026-09-02T00:45:30Z,2026-09-04T00:00:00Z,Georgia Tech Yellow Jackets,Colorado Buffaloes,59,38.0,draftkings,totals,Under,-105.0,50.5
1d6daad1c93bf7e5ae16be1db12e27d5,2026-09-02T00:45:30Z,2026-09-04T00:00:00Z,Georgia Tech Yellow Jackets,Colorado Buffaloes,59,38.0,betonlineag,h2h,Colorado Buffaloes,195.0,
1d6daad1c93bf7e5ae16be1db12e27d5,2026-09-02T00:45:30Z,2026-09-04T00:00:00Z,Georgia Tech Yellow Jackets,Colorado Buffaloes,59,38.0,betonlineag,h2h,Georgia Tech Yellow Jackets,-235.0,
1d6daad1c93bf7e5ae16be1db12e27d5,2026-09-02T00:45:30Z,2026-09-04T00:00:00Z,Georgia Tech Yellow Jackets,Colorado Buffaloes,59,38.0,betonlineag,spreads,Colorado Buffaloes,-103.0,6.5
1d6daad1c93bf7e5ae16be1db12e27d5,2026-09-02T00:45:30Z,2026-09-04T00:00:00Z,Georgia Tech Yellow Jackets,Colorado Buffaloes,59,38.0,betonlineag,spreads,Georgia Tech Yellow Jackets,-117.0,-6.5
1d6daad1c93bf7e5ae16be1db12e27d5,2026-09-02T00:45:30Z,2026-09-04T00:00:00Z,Georgia Tech Yellow Jackets,Colorado Buffaloes,59,38.0,betonlineag,totals,Over,-105.0,51.0
1d6daad1c93bf7e5ae16be1db12e27d5,2026-09-02T00:45:30Z,2026-09-04T00:00:00Z,Georgia Tech Yellow Jackets,Colorado Buffaloes,59,38.0,betonlineag,totals,Under,-115.0,51.0
1d6daad1c93bf7e5ae16be1db12e27d5,2026-09-02T00:45:30Z,2026-09-04T00:00:00Z,Georgia Tech Yellow Jackets,Colorado Buffaloes,59,38.0,lowvig,h2h,Colorado Buffaloes,195.0,
1d6daad1c93bf7e5ae16be1db12e27d5,2026-09-02T00:45:30Z,2026-09-04T00:00:00Z,Georgia Tech Yellow Jackets,Colorado Buffaloes,59,38.0,lowvig,h2h,Georgia Tech Yellow Jackets,-235.0,
1d6daad1c93bf7e5ae16be1db12e27d5,2026-09-02T00:45:30Z,2026-09-04T00:00:00Z,Georgia Tech Yellow Jackets,Colorado Buffaloes,59,38.0,lowvig,spreads,Colorado Buffaloes,101.0,6.5
1d6daad1c93bf7e5ae16be1db12e27d5,2026-09-02T00:45:30Z,2026-09-04T00:00:00Z,Georgia Tech Yellow Jackets,Colorado Buffaloes,59,38.0,lowvig,spreads,Georgia Tech Yellow Jackets,-113.0,-6.5
1d6daad1c93bf7e5ae16be1db12e27d5,2026-09-02T00:45:30Z,2026-09-04T00:00:00Z,Georgia Tech Yellow Jackets,Colorado Buffaloes,59,38.0,lowvig,totals,Over,-103.0,51.0
1d6daad1c93bf7e5ae16be1db12e27d5,2026-09-02T00:45:30Z,2026-09-04T00:00:00Z,Georgia Tech Yellow Jackets,Colorado Buffaloes,59,38.0,lowvig,totals,Under,-114.0,51.0
1d6daad1c93bf7e5ae16be1db12e27d5,2026-09-02T00:45:30Z,2026-09-04T00:00:00Z,Georgia Tech Yellow Jackets,Colorado Buffaloes,59,38.0,betus,h2h,Colorado Buffaloes,200.0,
1d6daad1c93bf7e5ae16be1db12e27d5,2026-09-02T00:45:30Z,2026-09-04T00:00:00Z,Georgia Tech Yellow Jackets,Colorado Buffaloes,59,38.0,betus,h2h,Georgia Tech Yellow Jackets,-235.0,
1d6daad1c93bf7e5ae16be1db12e27d5,2026-09-02T00:45:30Z,2026-09-04T00:00:00Z,Georgia Tech Yellow Jackets,Colorado Buffaloes,59,38.0,betus,spreads,Colorado Buffaloes,-105.0,6.5
1d6daad1c93bf7e5ae16be1db12e27d5,2026-09-02T00:45:30Z,2026-09-04T00:00:00Z,Georgia Tech Yellow Jackets,Colorado Buffaloes,59,38.0,betus,spreads,Georgia Tech Yellow Jackets,-115.0,-6.5
1d6daad1c93bf7e5ae16be1db12e27d5,2026-09-02T00:45:30Z,2026-09-04T00:00:00Z,Georgia Tech Yellow Jackets,Colorado Buffaloes,59,38.0,betus,totals,Over,-110.0,50.5
1d6daad1c93bf7e5ae16be1db12e27d5,2026-09-02T00:45:30Z,2026-09-04T00:00:00Z,Georgia Tech Yellow Jackets,Colorado Buffaloes,59,38.0,betus,totals,Under,-110.0,50.5
1d6daad1c93bf7e5ae16be1db12e27d5,2026-09-02T00:45:30Z,2026-09-04T00:00:00Z,Georgia Tech Yellow Jackets,Colorado Buffaloes,59,38.0,bovada,h2h,Colorado Buffaloes,210.0,
1d6daad1c93bf7e5ae16be1db12e27d5,2026-09-02T00:45:30Z,2026-09-04T00:00:00Z,Georgia Tech Yellow Jackets,Colorado Buffaloes,59,38.0,bovada,h2h,Georgia Tech Yellow Jackets,-250.0,
1d6daad1c93bf7e5ae16be1db12e27d5,2026-09-02T00:45:30Z,2026-09-04T00:00:00Z,Georgia Tech Yellow Jackets,Colorado Buffaloes,59,38.0,bovada,spreads,Colorado Buffaloes,-105.0,6.5
1d6daad1c93bf7e5ae16be1db12e27d5,2026-09-02T00:45:30Z,2026-09-04T00:00:00Z,Georgia Tech Yellow Jackets,Colorado Buffaloes,59,38.0,bovada,spreads,Georgia Tech Yellow Jackets,-115.0,-6.5
1d6daad1c93bf7e5ae16be1db12e27d5,2026-09-02T00:45:30Z,2026-09-04T00:00:00Z,Georgia Tech Yellow Jackets,Colorado Buffaloes,59,38.0,bovada,totals,Over,-105.0,51.0
1d6daad1c93bf7e5ae16be1db12e27d5,2026-09-02T00:45:30Z,2026-09-04T00:00:00Z,Georgia Tech Yellow Jackets,Colorado Buffaloes,59,38.0,bovada,totals,Under,-115.0,51.0
1d6daad1c93bf7e5ae16be1db12e27d5,2026-09-02T00:45:30Z,2026-09-04T00:00:00Z,Georgia Tech Yellow Jackets,Colorado Buffaloes,59,38.0,fanduel,h2h,Colorado Buffaloes,205.0,
1d6daad1c93bf7e5ae16be1db12e27d5,2026-09-02T00:45:30Z,2026-09-04T00:00:00Z,Georgia Tech Yellow Jackets,Colorado Buffaloes,59,38.0,fanduel,h2h,Georgia Tech Yellow Jackets,-255.0,
1d6daad1c93bf7e5ae16be1db12e27d5,2026-09-02T00:45:30Z,2026-09-04T00:00:00Z,Georgia Tech Yellow Jackets,Colorado Buffaloes,59,38.0,fanduel,spreads,Colorado Buffaloes,-102.0,6.5
1d6daad1c93bf7e5ae16be1db12e27d5,2026-09-02T00:45:30Z,2026-09-04T00:00:00Z,Georgia Tech Yellow Jackets,Colorado Buffaloes,59,38.0,fanduel,spreads,Georgia Tech Yellow Jackets,-120.0,-6.5
1d6daad1c93bf7e5ae16be1db12e27d5,2026-09-02T00:45:30Z,2026-09-04T00:00:00Z,Georgia Tech Yellow Jackets,Colorado Buffaloes,59,38.0,fanduel,totals,Over,-114.0,50.5
1d6daad1c93bf7e5ae16be1db12e27d5,2026-09-02T00:45:30Z,2026-09-04T00:00:00Z,Georgia Tech Yellow Jackets,Colorado Buffaloes,59,38.0,fanduel,totals,Under,-106.0,50.5
1d6daad1c93bf7e5ae16be1db12e27d5,2026-09-02T00:45:30Z,2026-09-04T00:00:00Z,Georgia Tech Yellow Jackets,Colorado Buffaloes,59,38.0,betmgm,h2h,Colorado Buffaloes,200.0,
1d6daad1c93bf7e5ae16be1db12e27d5,2026-09-02T00:45:30Z,2026-09-04T00:00:00Z,Georgia Tech Yellow Jackets,Colorado Buffaloes,59,38.0,betmgm,h2h,Georgia Tech Yellow Jackets,-235.0,
1d6daad1c93bf7e5ae16be1db12e27d5,2026-09-02T00:45:30Z,2026-09-04T00:00:00Z,Georgia Tech Yellow Jackets,Colorado Buffaloes,59,38.0,betmgm,spreads,Colorado Buffaloes,-108.0,6.5
1d6daad1c93bf7e5ae16be1db12e27d5,2026-09-02T00:45:30Z,2026-09-04T00:00:00Z,Georgia Tech Yellow Jackets,Colorado Buffaloes,59,38.0,betmgm,spreads,Georgia Tech Yellow Jackets,-110.0,-6.5
1d6daad1c93bf7e5ae16be1db12e27d5,2026-09-02T00:45:30Z,2026-09-04T00:00:00Z,Georgia Tech Yellow Jackets,Colorado Buffaloes,59,38.0,betmgm,totals,Over,-115.0,50.5
1d6daad1c93bf7e5ae16be1db12e27d5,2026-09-02T00:45:30Z,2026-09-04T00:00:00Z,Georgia Tech Yellow Jackets,Colorado Buffaloes,59,38.0,betmgm,totals,Under,-105.0,50.5
1d6daad1c93bf7e5ae16be1db12e27d5,2026-09-02T00:45:30Z,2026-09-04T00:00:00Z,Georgia Tech Yellow Jackets,Colorado Buffaloes,59,38.0,betrivers,h2h,Colorado Buffaloes,205.0,
1d6daad1c93bf7e5ae16be1db12e27d5,2026-09-02T00:45:30Z,2026-09-04T00:00:00Z,Georgia Tech Yellow Jackets,Colorado Buffaloes,59,38.0,betrivers,h2h,Georgia Tech Yellow Jackets,-265.0,
1d6daad1c93bf7e5ae16be1db12e27d5,2026-09-02T00:45:30Z,2026-09-04T00:00:00Z,Georgia Tech Yellow Jackets,Colorado Buffaloes,59,38.0,betrivers,spreads,Colorado Buffaloes,-108.0,6.5
1d6daad1c93bf7e5ae16be1db12e27d5,2026-09-02T00:45:30Z,2026-09-04T00:00:00Z,Georgia Tech Yellow Jackets,Colorado Buffaloes,59,38.0,betrivers,spreads,Georgia Tech Yellow Jackets,-115.0,-6.5
1d6daad1c93bf7e5ae16be1db12e27d5,2026-09-02T00:45:30Z,2026-09-04T00:00:00Z,Georgia Tech Yellow Jackets,Colorado Buffaloes,59,38.0,betrivers,totals,Over,-109.0,50.5
1d6daad1c93bf7e5ae16be1db12e27d5,2026-09-02T00:45:30Z,2026-09-04T00:00:00Z,Georgia Tech Yellow Jackets,Colorado Buffaloes,59,38.0,betrivers,totals,Under,-114.0,50.5
1d6daad1c93bf7e5ae16be1db12e27d5,2026-09-02T00:45:30Z,2026-09-04T00:00:00Z,Georgia Tech Yellow Jackets,Colorado Buffaloes,59,38.0,mybookieag,h2h,Colorado Buffaloes,208.0,
1d6daad1c93bf7e5ae16be1db12e27d5,2026-09-02T00:45:30Z,2026-09-04T00:00:00Z,Georgia Tech Yellow Jackets,Colorado Buffaloes,59,38.0,mybookieag,h2h,Georgia Tech Yellow Jackets,-265.0,
1d6daad1c93bf7e5ae16be1db12e27d5,2026-09-02T00:45:30Z,2026-09-04T00:00:00Z,Georgia Tech Yellow Jackets,Colorado Buffaloes,59,38.0,mybookieag,spreads,Colorado Buffaloes,-110.0,6.5
1d6daad1c93bf7e5ae16be1db12e27d5,2026-09-02T00:45:30Z,2026-09-04T00:00:00Z,Georgia Tech Yellow Jackets,Colorado Buffaloes,59,38.0,mybookieag,spreads,Georgia Tech Yellow Jackets,-110.0,-6.5
1d6daad1c93bf7e5ae16be1db12e27d5,2026-09-02T00:45:30Z,2026-09-04T00:00:00Z,Georgia Tech Yellow Jackets,Colorado Buffaloes,59,38.0,mybookieag,totals,Over,-110.0,50.5
1d6daad1c93bf7e5ae16be1db12e27d5,2026-09-02T00:45:30Z,2026-09-04T00:00:00Z,Georgia Tech Yellow Jackets,Colorado Buffaloes,59,38.0,mybookieag,totals,Under,-110.0,50.5
e746bf44bc7bb95a7686770723882d70,2026-09-02T00:45:30Z,2026-09-04T00:00:00Z,Minnesota Golden Gophers,Eastern Illinois Panthers,135,,fanduel,spreads,Eastern Illinois Panthers,-112.0,42.5
e746bf44bc7bb95a7686770723882d70,2026-09-02T00:45:30Z,2026-09-04T00:00:00Z,Minnesota Golden Gophers,Eastern Illinois Panthers,135,,fanduel,spreads,Minnesota Golden Gophers,-108.0,-42.5
e746bf44bc7bb95a7686770723882d70,2026-09-02T00:45:30Z,2026-09-04T00:00:00Z,Minnesota Golden Gophers,Eastern Illinois Panthers,135,,fanduel,totals,Over,-105.0,51.5
e746bf44bc7bb95a7686770723882d70,2026-09-02T00:45:30Z,2026-09-04T00:00:00Z,Minnesota Golden Gophers,Eastern Illinois Panthers,135,,fanduel,totals,Under,-115.0,51.5
e746bf44bc7bb95a7686770723882d70,2026-09-02T00:45:30Z,2026-09-04T00:00:00Z,Minnesota Golden Gophers,Eastern Illinois Panthers,135,,draftkings,spreads,Eastern Illinois Panthers,-110.0,42.5
e746bf44bc7bb95a7686770723882d70,2026-09-02T00:45:30Z,2026-09-04T00:00:00Z,Minnesota Golden Gophers,Eastern Illinois Panthers,135,,draftkings,spreads,Minnesota Golden Gophers,-110.0,-42.5
e746bf44bc7bb95a7686770723882d70,2026-09-02T00:45:30Z,2026-09-04T00:00:00Z,Minnesota Golden Gophers,Eastern Illinois Panthers,135,,draftkings,totals,Over,-105.0,51.5
e746bf44bc7bb95a7686770723882d70,2026-09-02T00:45:30Z,2026-09-04T00:00:00Z,Minnesota Golden Gophers,Eastern Illinois Panthers,135,,draftkings,totals,Under,-115.0,51.5
e746bf44bc7bb95a7686770723882d70,2026-09-02T00:45:30Z,2026-09-04T00:00:00Z,Minnesota Golden Gophers,Eastern Illinois Panthers,135,,betrivers,spreads,Eastern Illinois Panthers,-109.0,42.0
e746bf44bc7bb95a7686770723882d70,2026-09-02T00:45:30Z,2026-09-04T00:00:00Z,Minnesota Golden Gophers,Eastern Illinois Panthers,135,,betrivers,spreads,Minnesota Golden Gophers,-113.0,-42.0
e746bf44bc7bb95a7686770723882d70,2026-09-02T00:45:30Z,2026-09-04T00:00:00Z,Minnesota Golden Gophers,Eastern Illinois Panthers,135,,betrivers,totals,Over,-113.0,51.0
e746bf44bc7bb95a7686770723882d70,2026-09-02T00:45:30Z,2026-09-04T00:00:00Z,Minnesota Golden Gophers,Eastern Illinois Panthers,135,,betrivers,totals,Under,-110.0,51.0
e746bf44bc7bb95a7686770723882d70,2026-09-02T00:45:30Z,2026-09-04T00:00:00Z,Minnesota Golden Gophers,Eastern Illinois Panthers,135,,betonlineag,spreads,Eastern Illinois Panthers,-115.0,42.5
e746bf44bc7bb95a7686770723882d70,2026-09-02T00:45:30Z,2026-09-04T00:00:00Z,Minnesota Golden Gophers,Eastern Illinois Panthers,135,,betonlineag,spreads,Minnesota Golden Gophers,-115.0,-42.5
e746bf44bc7bb95a7686770723882d70,2026-09-02T00:45:30Z,2026-09-04T00:00:00Z,Minnesota Golden Gophers,Eastern Illinois Panthers,135,,betonlineag,totals,Over,-115.0,51.5
e746bf44bc7bb95a7686770723882d70,2026-09-02T00:45:30Z,2026-09-04T00:00:00Z,Minnesota Golden Gophers,Eastern Illinois Panthers,135,,betonlineag,totals,Under,-115.0,51.5
e746bf44bc7bb95a7686770723882d70,2026-09-02T00:45:30Z,2026-09-04T00:00:00Z,Minnesota Golden Gophers,Eastern Illinois Panthers,135,,betmgm,spreads,Eastern Illinois Panthers,-108.0,42.5
e746bf44bc7bb95a7686770723882d70,2026-09-02T00:45:30Z,2026-09-04T00:00:00Z,Minnesota Golden Gophers,Eastern Illinois Panthers,135,,betmgm,spreads,Minnesota Golden Gophers,-110.0,-42.5
e746bf44bc7bb95a7686770723882d70,2026-09-02T00:45:30Z,2026-09-04T00:00:00Z,Minnesota Golden Gophers,Eastern Illinois Panthers,135,,betmgm,totals,Over,-112.0,51.5
e746bf44bc7bb95a7686770723882d70,2026-09-02T00:45:30Z,2026-09-04T00:00:00Z,Minnesota Golden Gophers,Eastern Illinois Panthers,135,,betmgm,totals,Under,-105.0,51.5
86e3c86de584357bb263fa4ae819ed30,2026-09-02T00:45:30Z,2026-09-04T01:00:00Z,Utah Utes,Idaho Vandals,254,,fanduel,spreads,Idaho Vandals,-105.0,34.5
86e3c86de584357bb263fa4ae819ed30,2026-09-02T00:45:30Z,2026-09-04T01:00:00Z,Utah Utes,Idaho Vandals,254,,fanduel,spreads,Utah Utes,-115.0,-34.5
86e3c86de584357bb263fa4ae819ed30,2026-09-02T00:45:30Z,2026-09-04T01:00:00Z,Utah Utes,Idaho Vandals,254,,fanduel,totals,Over,-110.0,57.5
86e3c86de584357bb263fa4ae819ed30,2026-09-02T00:45:30Z,2026-09-04T01:00:00Z,Utah Utes,Idaho Vandals,254,,fanduel,totals,Under,-110.0,57.5
86e3c86de584357bb263fa4ae819ed30,2026-09-02T00:45:30Z,2026-09-04T01:00:00Z,Utah Utes,Idaho Vandals,254,,draftkings,h2h,Idaho Vandals,5000.0,
86e3c86de584357bb263fa4ae819ed30,2026-09-02T00:45:30Z,2026-09-04T01:00:00Z,Utah Utes,Idaho Vandals,254,,draftkings,h2h,Utah Utes,-100000.0,
86e3c86de584357bb263fa4ae819ed30,2026-09-02T00:45:30Z,2026-09-04T01:00:00Z,Utah Utes,Idaho Vandals,254,,draftkings,spreads,Idaho Vandals,-115.0,35.5
86e3c86de584357bb263fa4ae819ed30,2026-09-02T00:45:30Z,2026-09-04T01:00:00Z,Utah Utes,Idaho Vandals,254,,draftkings,spreads,Utah Utes,-105.0,-35.5
86e3c86de584357bb263fa4ae819ed30,2026-09-02T00:45:30Z,2026-09-04T01:00:00Z,Utah Utes,Idaho Vandals,254,,draftkings,totals,Over,-110.0,57.5
86e3c86de584357bb263fa4ae819ed30,2026-09-02T00:45:30Z,2026-09-04T01:00:00Z,Utah Utes,Idaho Vandals,254,,draftkings,totals,Under,-110.0,57.5
86e3c86de584357bb263fa4ae819ed30,2026-09-02T00:45:30Z,2026-09-04T01:00:00Z,Utah Utes,Idaho Vandals,254,,betrivers,spreads,Idaho Vandals,-113.0,34.5
86e3c86de584357bb263fa4ae819ed30,2026-09-02T00:45:30Z,2026-09-04T01:00:00Z,Utah Utes,Idaho Vandals,254,,betrivers,spreads,Utah Utes,-109.0,-34.5
86e3c86de584357bb263fa4ae819ed30,2026-09-02T00:45:30Z,2026-09-04T01:00:00Z,Utah Utes,Idaho Vandals,254,,betrivers,totals,Over,-113.0,57.5
86e3c86de584357bb263fa4ae819ed30,2026-09-02T00:45:30Z,2026-09-04T01:00:00Z,Utah Utes,Idaho Vandals,254,,betrivers,totals,Under,-110.0,57.5
86e3c86de584357bb263fa4ae819ed30,2026-09-02T00:45:30Z,2026-09-04T01:00:00Z,Utah Utes,Idaho Vandals,254,,betonlineag,spreads,Idaho Vandals,-112.0,35.0
86e3c86de584357bb263fa4ae819ed30,2026-09-02T00:45:30Z,2026-09-04T01:00:00Z,Utah Utes,Idaho Vandals,254,,betonlineag,spreads,Utah Utes,-118.0,-35.0
86e3c86de584357bb263fa4ae819ed30,2026-09-02T00:45:30Z,2026-09-04T01:00:00Z,Utah Utes,Idaho Vandals,254,,betonlineag,totals,Over,-120.0,57.5
86e3c86de584357bb263fa4ae819ed30,2026-09-02T00:45:30Z,2026-09-04T01:00:00Z,Utah Utes,Idaho Vandals,254,,betonlineag,totals,Under,-110.0,57.5
86e3c86de584357bb263fa4ae819ed30,2026-09-02T00:45:30Z,2026-09-04T01:00:00Z,Utah Utes,Idaho Vandals,254,,betmgm,h2h,Idaho Vandals,5500.0,
86e3c86de584357bb263fa4ae819ed30,2026-09-02T00:45:30Z,2026-09-04T01:00:00Z,Utah Utes,Idaho Vandals,254,,betmgm,h2h,Utah Utes,-100000.0,
86e3c86de584357bb263fa4ae819ed30,2026-09-02T00:45:30Z,2026-09-04T01:00:00Z,Utah Utes,Idaho Vandals,254,,betmgm,spreads,Idaho Vandals,-105.0,34.5
86e3c86de584357bb263fa4ae819ed30,2026-09-02T00:45:30Z,2026-09-04T01:00:00Z,Utah Utes,Idaho Vandals,254,,betmgm,spreads,Utah Utes,-112.0,-34.5
86e3c86de584357bb263fa4ae819ed30,2026-09-02T00:45:30Z,2026-09-04T01:00:00Z,Utah Utes,Idaho Vandals,254,,betmgm,totals,Over,-110.0,57.5
86e3c86de584357bb263fa4ae819ed30,2026-09-02T00:45:30Z,2026-09-04T01:00:00Z,Utah Utes,Idaho Vandals,254,,betmgm,totals,Under,-108.0,57.5
1697069330d0343bdf7930ac0b0c3863,2026-09-02T00:45:30Z,2026-09-04T01:00:00Z,Illinois Fighting Illini,UAB Blazers,356,5.0,draftkings,h2h,Illinois Fighting Illini,-4500.0,
1697069330d0343bdf7930ac0b0c3863,2026-09-02T00:45:30Z,2026-09-04T01:00:00Z,Illinois Fighting Illini,UAB Blazers,356,5.0,draftkings,h2h,UAB Blazers,1700.0,
1697069330d0343bdf7930ac0b0c3863,2026-09-02T00:45:30Z,2026-09-04T01:00:00Z,Illinois Fighting Illini,UAB Blazers,356,5.0,draftkings,spreads,Illinois Fighting Illini,-112.0,-27.5
1697069330d0343bdf7930ac0b0c3863,2026-09-02T00:45:30Z,2026-09-04T01:00:00Z,Illinois Fighting Illini,UAB Blazers,356,5.0,draftkings,spreads,UAB Blazers,-108.0,27.5
1697069330d0343bdf7930ac0b0c3863,2026-09-02T00:45:30Z,2026-09-04T01:00:00Z,Illinois Fighting Illini,UAB Blazers,356,5.0,draftkings,totals,Over,-118.0,54.5
1697069330d0343bdf7930ac0b0c3863,2026-09-02T00:45:30Z,2026-09-04T01:00:00Z,Illinois Fighting Illini,UAB Blazers,356,5.0,draftkings,totals,Under,-102.0,54.5
1697069330d0343bdf7930ac0b0c3863,2026-09-02T00:45:30Z,2026-09-04T01:00:00Z,Illinois Fighting Illini,UAB Blazers,356,5.0,betus,spreads,Illinois Fighting Illini,-110.0,-27.5
1697069330d0343bdf7930ac0b0c3863,2026-09-02T00:45:30Z,2026-09-04T01:00:00Z,Illinois Fighting Illini,UAB Blazers,356,5.0,betus,spreads,UAB Blazers,-110.0,27.5
1697069330d0343bdf7930ac0b0c3863,2026-09-02T00:45:30Z,2026-09-04T01:00:00Z,Illinois Fighting Illini,UAB Blazers,356,5.0,betus,totals,Over,-110.0,55.0
1697069330d0343bdf7930ac0b0c3863,2026-09-02T00:45:30Z,2026-09-04T01:00:00Z,Illinois Fighting Illini,UAB Blazers,356,5.0,betus,totals,Under,-110.0,55.0
1697069330d0343bdf7930ac0b0c3863,2026-09-02T00:45:30Z,2026-09-04T01:00:00Z,Illinois Fighting Illini,UAB Blazers,356,5.0,betonlineag,h2h,Illinois Fighting Illini,-5000.0,
1697069330d0343bdf7930ac0b0c3863,2026-09-02T00:45:30Z,2026-09-04T01:00:00Z,Illinois Fighting Illini,UAB Blazers,356,5.0,betonlineag,h2h,UAB Blazers,1550.0,
1697069330d0343bdf7930ac0b0c3863,2026-09-02T00:45:30Z,2026-09-04T01:00:00Z,Illinois Fighting Illini,UAB Blazers,356,5.0,betonlineag,spreads,Illinois Fighting Illini,-110.0,-27.5
1697069330d0343bdf7930ac0b0c3863,2026-09-02T00:45:30Z,2026-09-04T01:00:00Z,Illinois Fighting Illini,UAB Blazers,356,5.0,betonlineag,spreads,UAB Blazers,-110.0,27.5
1697069330d0343bdf7930ac0b0c3863,2026-09-02T00:45:30Z,2026-09-04T01:00:00Z,Illinois Fighting Illini,UAB Blazers,356,5.0,betonlineag,totals,Over,-110.0,55.0
1697069330d0343bdf7930ac0b0c3863,2026-09-02T00:45:30Z,2026-09-04T01:00:00Z,Illinois Fighting Illini,UAB Blazers,356,5.0,betonlineag,totals,Under,-110.0,55.0
1697069330d0343bdf7930ac0b0c3863,2026-09-02T00:45:30Z,2026-09-04T01:00:00Z,Illinois Fighting Illini,UAB Blazers,356,5.0,lowvig,h2h,Illinois Fighting Illini,-5000.0,
1697069330d0343bdf7930ac0b0c3863,2026-09-02T00:45:30Z,2026-09-04T01:00:00Z,Illinois Fighting Illini,UAB Blazers,356,5.0,lowvig,h2h,UAB Blazers,1550.0,
1697069330d0343bdf7930ac0b0c3863,2026-09-02T00:45:30Z,2026-09-04T01:00:00Z,Illinois Fighting Illini,UAB Blazers,356,5.0,lowvig,spreads,Illinois Fighting Illini,-106.0,-27.5
1697069330d0343bdf7930ac0b0c3863,2026-09-02T00:45:30Z,2026-09-04T01:00:00Z,Illinois Fighting Illini,UAB Blazers,356,5.0,lowvig,spreads,UAB Blazers,-106.0,27.5
1697069330d0343bdf7930ac0b0c3863,2026-09-02T00:45:30Z,2026-09-04T01:00:00Z,Illinois Fighting Illini,UAB Blazers,356,5.0,lowvig,totals,Over,-108.0,55.0
1697069330d0343bdf7930ac0b0c3863,2026-09-02T00:45:30Z,2026-09-04T01:00:00Z,Illinois Fighting Illini,UAB Blazers,356,5.0,lowvig,totals,Under,-108.0,55.0
1697069330d0343bdf7930ac0b0c3863,2026-09-02T00:45:30Z,2026-09-04T01:00:00Z,Illinois Fighting Illini,UAB Blazers,356,5.0,fanduel,h2h,Illinois Fighting Illini,-7000.0,
1697069330d0343bdf7930ac0b0c3863,2026-09-02T00:45:30Z,2026-09-04T01:00:00Z,Illinois Fighting Illini,UAB Blazers,356,5.0,fanduel,h2h,UAB Blazers,2000.0,
1697069330d0343bdf7930ac0b0c3863,2026-09-02T00:45:30Z,2026-09-04T01:00:00Z,Illinois Fighting Illini,UAB Blazers,356,5.0,fanduel,spreads,Illinois Fighting Illini,-115.0,-27.5
1697069330d0343bdf7930ac0b0c3863,2026-09-02T00:45:30Z,2026-09-04T01:00:00Z,Illinois Fighting Illini,UAB Blazers,356,5.0,fanduel,spreads,UAB Blazers,-105.0,27.5
1697069330d0343bdf7930ac0b0c3863,2026-09-02T00:45:30Z,2026-09-04T01:00:00Z,Illinois Fighting Illini,UAB Blazers,356,5.0,fanduel,totals,Over,-106.0,54.5
1697069330d0343bdf7930ac0b0c3863,2026-09-02T00:45:30Z,2026-09-04T01:00:00Z,Illinois Fighting Illini,UAB Blazers,356,5.0,fanduel,totals,Under,-114.0,54.5
1697069330d0343bdf7930ac0b0c3863,2026-09-02T00:45:30Z,2026-09-04T01:00:00Z,Illinois Fighting Illini,UAB Blazers,356,5.0,betmgm,h2h,Illinois Fighting Illini,-5000.0,
1697069330d0343bdf7930ac0b0c3863,2026-09-02T00:45:30Z,2026-09-04T01:00:00Z,Illinois Fighting Illini,UAB Blazers,356,5.0,betmgm,h2h,UAB Blazers,1900.0,
1697069330d0343bdf7930ac0b0c3863,2026-09-02T00:45:30Z,2026-09-04T01:00:00Z,Illinois Fighting Illini,UAB Blazers,356,5.0,betmgm,spreads,Illinois Fighting Illini,-110.0,-27.5
1697069330d0343bdf7930ac0b0c3863,2026-09-02T00:45:30Z,2026-09-04T01:00:00Z,Illinois Fighting Illini,UAB Blazers,356,5.0,betmgm,spreads,UAB Blazers,-108.0,27.5
1697069330d0343bdf7930ac0b0c3863,2026-09-02T00:45:30Z,2026-09-04T01:00:00Z,Illinois Fighting Illini,UAB Blazers,356,5.0,betmgm,totals,Over,-112.0,54.5
1697069330d0343bdf7930ac0b0c3863,2026-09-02T00:45:30Z,2026-09-04T01:00:00Z,Illinois Fighting Illini,UAB Blazers,356,5.0,betmgm,totals,Under,-105.0,54.5
1697069330d0343bdf7930ac0b0c3863,2026-09-02T00:45:30Z,2026-09-04T01:00:00Z,Illinois Fighting Illini,UAB Blazers,356,5.0,mybookieag,h2h,Illinois Fighting Illini,-4000.0,
1697069330d0343bdf7930ac0b0c3863,2026-09-02T00:45:30Z,2026-09-04T01:00:00Z,Illinois Fighting Illini,UAB Blazers,356,5.0,mybookieag,h2h,UAB Blazers,1250.0,
1697069330d0343bdf7930ac0b0c3863,2026-09-02T00:45:30Z,2026-09-04T01:00:00Z,Illinois Fighting Illini,UAB Blazers,356,5.0,mybookieag,spreads,Illinois Fighting Illini,-110.0,-28.0
1697069330d0343bdf7930ac0b0c3863,2026-09-02T00:45:30Z,2026-09-04T01:00:00Z,Illinois Fighting Illini,UAB Blazers,356,5.0,mybookieag,spreads,UAB Blazers,-110.0,28.0
1697069330d0343bdf7930ac0b0c3863,2026-09-02T00:45:30Z,2026-09-04T01:00:00Z,Illinois Fighting Illini,UAB Blazers,356,5.0,mybookieag,totals,Over,-110.0,55.0
1697069330d0343bdf7930ac0b0c3863,2026-09-02T00:45:30Z,2026-09-04T01:00:00Z,Illinois Fighting Illini,UAB Blazers,356,5.0,mybookieag,totals,Under,-110.0,55.0
1697069330d0343bdf7930ac0b0c3863,2026-09-02T00:45:30Z,2026-09-04T01:00:00Z,Illinois Fighting Illini,UAB Blazers,356,5.0,betrivers,spreads,Illinois Fighting Illini,-108.0,-28.0
1697069330d0343bdf7930ac0b0c3863,2026-09-02T00:45:30Z,2026-09-04T01:00:00Z,Illinois Fighting Illini,UAB Blazers,356,5.0,betrivers,spreads,UAB Blazers,-115.0,28.0
1697069330d0343bdf7930ac0b0c3863,2026-09-02T00:45:30Z,2026-09-04T01:00:00Z,Illinois Fighting Illini,UAB Blazers,356,5.0,betrivers,totals,Over,-114.0,54.5
1697069330d0343bdf7930ac0b0c3863,2026-09-02T00:45:30Z,2026-09-04T01:00:00Z,Illinois Fighting Illini,UAB Blazers,356,5.0,betrivers,totals,Under,-109.0,54.5
1697069330d0343bdf7930ac0b0c3863,2026-09-02T00:45:30Z,2026-09-04T01:00:00Z,Illinois Fighting Illini,UAB Blazers,356,5.0,bovada,h2h,Illinois Fighting Illini,-6500.0,
1697069330d0343bdf7930ac0b0c3863,2026-09-02T00:45:30Z,2026-09-04T01:00:00Z,Illinois Fighting Illini,UAB Blazers,356,5.0,bovada,h2h,UAB Blazers,1300.0,
1697069330d0343bdf7930ac0b0c3863,2026-09-02T00:45:30Z,2026-09-04T01:00:00Z,Illinois Fighting Illini,UAB Blazers,356,5.0,bovada,spreads,Illinois Fighting Illini,100.0,-28.0
1697069330d0343bdf7930ac0b0c3863,2026-09-02T00:45:30Z,2026-09-04T01:00:00Z,Illinois Fighting Illini,UAB Blazers,356,5.0,bovada,spreads,UAB Blazers,-120.0,28.0
1697069330d0343bdf7930ac0b0c3863,2026-09-02T00:45:30Z,2026-09-04T01:00:00Z,Illinois Fighting Illini,UAB Blazers,356,5.0,bovada,totals,Over,-115.0,54.5
1697069330d0343bdf7930ac0b0c3863,2026-09-02T00:45:30Z,2026-09-04T01:00:00Z,Illinois Fighting Illini,UAB Blazers,356,5.0,bovada,totals,Under,-105.0,54.5
f089e3d943a34a9c4fe1808568b96529,2026-09-02T03:00:56Z,2026-09-03T23:00:00Z,Wake Forest Demon Deacons,Akron Zips,154,2006.0,draftkings,h2h,Akron Zips,1300.0,
f089e3d943a34a9c4fe1808568b96529,2026-09-02T03:00:56Z,2026-09-03T23:00:00Z,Wake Forest Demon Deacons,Akron Zips,154,2006.0,draftkings,h2h,Wake Forest Demon Deacons,-2800.0,
f089e3d943a34a9c4fe1808568b96529,2026-09-02T03:00:56Z,2026-09-03T23:00:00Z,Wake Forest Demon Deacons,Akron Zips,154,2006.0,draftkings,spreads,Akron Zips,100.0,23.5
f089e3d943a34a9c4fe1808568b96529,2026-09-02T03:00:56Z,2026-09-03T23:00:00Z,Wake Forest Demon Deacons,Akron Zips,154,2006.0,draftkings,spreads,Wake Forest Demon Deacons,-120.0,-23.5
f089e3d943a34a9c4fe1808568b96529,2026-09-02T03:00:56Z,2026-09-03T23:00:00Z,Wake Forest Demon Deacons,Akron Zips,154,2006.0,draftkings,totals,Over,-105.0,48.5
f089e3d943a34a9c4fe1808568b96529,2026-09-02T03:00:56Z,2026-09-03T23:00:00Z,Wake Forest Demon Deacons,Akron Zips,154,2006.0,draftkings,totals,Under,-115.0,48.5
f089e3d943a34a9c4fe1808568b96529,2026-09-02T03:00:56Z,2026-09-03T23:00:00Z,Wake Forest Demon Deacons,Akron Zips,154,2006.0,betonlineag,h2h,Akron Zips,1256.0,
f089e3d943a34a9c4fe1808568b96529,2026-09-02T03:00:56Z,2026-09-03T23:00:00Z,Wake Forest Demon Deacons,Akron Zips,154,2006.0,betonlineag,h2h,Wake Forest Demon Deacons,-3000.0,
f089e3d943a34a9c4fe1808568b96529,2026-09-02T03:00:56Z,2026-09-03T23:00:00Z,Wake Forest Demon Deacons,Akron Zips,154,2006.0,betonlineag,spreads,Akron Zips,-108.0,24.0
f089e3d943a34a9c4fe1808568b96529,2026-09-02T03:00:56Z,2026-09-03T23:00:00Z,Wake Forest Demon Deacons,Akron Zips,154,2006.0,betonlineag,spreads,Wake Forest Demon Deacons,-112.0,-24.0
f089e3d943a34a9c4fe1808568b96529,2026-09-02T03:00:56Z,2026-09-03T23:00:00Z,Wake Forest Demon Deacons,Akron Zips,154,2006.0,betonlineag,totals,Over,-110.0,48.5
f089e3d943a34a9c4fe1808568b96529,2026-09-02T03:00:56Z,2026-09-03T23:00:00Z,Wake Forest Demon Deacons,Akron Zips,154,2006.0,betonlineag,totals,Under,-110.0,48.5
f089e3d943a34a9c4fe1808568b96529,2026-09-02T03:00:56Z,2026-09-03T23:00:00Z,Wake Forest Demon Deacons,Akron Zips,154,2006.0,lowvig,h2h,Akron Zips,1256.0,
f089e3d943a34a9c4fe1808568b96529,2026-09-02T03:00:56Z,2026-09-03T23:00:00Z,Wake Forest Demon Deacons,Akron Zips,154,2006.0,lowvig,h2h,Wake Forest Demon Deacons,-3000.0,
f089e3d943a34a9c4fe1808568b96529,2026-09-02T03:00:56Z,2026-09-03T23:00:00Z,Wake Forest Demon Deacons,Akron Zips,154,2006.0,lowvig,spreads,Akron Zips,-104.0,24.0
f089e3d943a34a9c4fe1808568b96529,2026-09-02T03:00:56Z,2026-09-03T23:00:00Z,Wake Forest Demon Deacons,Akron Zips,154,2006.0,lowvig,spreads,Wake Forest Demon Deacons,-108.0,-24.0
f089e3d943a34a9c4fe1808568b96529,2026-09-02T03:00:56Z,2026-09-03T23:00:00Z,Wake Forest Demon Deacons,Akron Zips,154,2006.0,lowvig,totals,Over,-108.0,48.5
f089e3d943a34a9c4fe1808568b96529,2026-09-02T03:00:56Z,2026-09-03T23:00:00Z,Wake Forest Demon Deacons,Akron Zips,154,2006.0,lowvig,totals,Under,-108.0,48.5
f089e3d943a34a9c4fe1808568b96529,2026-09-02T03:00:56Z,2026-09-03T23:00:00Z,Wake Forest Demon Deacons,Akron Zips,154,2006.0,betus,h2h,Akron Zips,1250.0,
f089e3d943a34a9c4fe1808568b96529,2026-09-02T03:00:56Z,2026-09-03T23:00:00Z,Wake Forest Demon Deacons,Akron Zips,154,2006.0,betus,h2h,Wake Forest Demon Deacons,-2800.0,
f089e3d943a34a9c4fe1808568b96529,2026-09-02T03:00:56Z,2026-09-03T23:00:00Z,Wake Forest Demon Deacons,Akron Zips,154,2006.0,betus,spreads,Akron Zips,-110.0,24.0
f089e3d943a34a9c4fe1808568b96529,2026-09-02T03:00:56Z,2026-09-03T23:00:00Z,Wake Forest Demon Deacons,Akron Zips,154,2006.0,betus,spreads,Wake Forest Demon Deacons,-110.0,-24.0
f089e3d943a34a9c4fe1808568b96529,2026-09-02T03:00:56Z,2026-09-03T23:00:00Z,Wake Forest Demon Deacons,Akron Zips,154,2006.0,betus,totals,Over,-110.0,48.5
f089e3d943a34a9c4fe1808568b96529,2026-09-02T03:00:56Z,2026-09-03T23:00:00Z,Wake Forest Demon Deacons,Akron Zips,154,2006.0,betus,totals,Under,-110.0,48.5
f089e3d943a34a9c4fe1808568b96529,2026-09-02T03:00:56Z,2026-09-03T23:00:00Z,Wake Forest Demon Deacons,Akron Zips,154,2006.0,bovada,h2h,Akron Zips,1000.0,
f089e3d943a34a9c4fe1808568b96529,2026-09-02T03:00:56Z,2026-09-03T23:00:00Z,Wake Forest Demon Deacons,Akron Zips,154,2006.0,bovada,h2h,Wake Forest Demon Deacons,-2500.0,
f089e3d943a34a9c4fe1808568b96529,2026-09-02T03:00:56Z,2026-09-03T23:00:00Z,Wake Forest Demon Deacons,Akron Zips,154,2006.0,bovada,spreads,Akron Zips,-115.0,24.5
f089e3d943a34a9c4fe1808568b96529,2026-09-02T03:00:56Z,2026-09-03T23:00:00Z,Wake Forest Demon Deacons,Akron Zips,154,2006.0,bovada,spreads,Wake Forest Demon Deacons,-105.0,-24.5
f089e3d943a34a9c4fe1808568b96529,2026-09-02T03:00:56Z,2026-09-03T23:00:00Z,Wake Forest Demon Deacons,Akron Zips,154,2006.0,bovada,totals,Over,-110.0,48.5
f089e3d943a34a9c4fe1808568b96529,2026-09-02T03:00:56Z,2026-09-03T23:00:00Z,Wake Forest Demon Deacons,Akron Zips,154,2006.0,bovada,totals,Under,-110.0,48.5
f089e3d943a34a9c4fe1808568b96529,2026-09-02T03:00:56Z,2026-09-03T23:00:00Z,Wake Forest Demon Deacons,Akron Zips,154,2006.0,fanduel,h2h,Akron Zips,1400.0,
f089e3d943a34a9c4fe1808568b96529,2026-09-02T03:00:56Z,2026-09-03T23:00:00Z,Wake Forest Demon Deacons,Akron Zips,154,2006.0,fanduel,h2h,Wake Forest Demon Deacons,-4000.0,
f089e3d943a34a9c4fe1808568b96529,2026-09-02T03:00:56Z,2026-09-03T23:00:00Z,Wake Forest Demon Deacons,Akron Zips,154,2006.0,fanduel,spreads,Akron Zips,-115.0,24.5
f089e3d943a34a9c4fe1808568b96529,2026-09-02T03:00:56Z,2026-09-03T23:00:00Z,Wake Forest Demon Deacons,Akron Zips,154,2006.0,fanduel,spreads,Wake Forest Demon Deacons,-105.0,-24.5
f089e3d943a34a9c4fe1808568b96529,2026-09-02T03:00:56Z,2026-09-03T23:00:00Z,Wake Forest Demon Deacons,Akron Zips,154,2006.0,fanduel,totals,Over,-110.0,48.5
f089e3d943a34a9c4fe1808568b96529,2026-09-02T03:00:56Z,2026-09-03T23:00:00Z,Wake Forest Demon Deacons,Akron Zips,154,2006.0,fanduel,totals,Under,-110.0,48.5
f089e3d943a34a9c4fe1808568b96529,2026-09-02T03:00:56Z,2026-09-03T23:00:00Z,Wake Forest Demon Deacons,Akron Zips,154,2006.0,betmgm,h2h,Akron Zips,1400.0,
f089e3d943a34a9c4fe1808568b96529,2026-09-02T03:00:56Z,2026-09-03T23:00:00Z,Wake Forest Demon Deacons,Akron Zips,154,2006.0,betmgm,h2h,Wake Forest Demon Deacons,-2500.0,
f089e3d943a34a9c4fe1808568b96529,2026-09-02T03:00:56Z,2026-09-03T23:00:00Z,Wake Forest Demon Deacons,Akron Zips,154,2006.0,betmgm,spreads,Akron Zips,-108.0,24.0
f089e3d943a34a9c4fe1808568b96529,2026-09-02T03:00:56Z,2026-09-03T23:00:00Z,Wake Forest Demon Deacons,Akron Zips,154,2006.0,betmgm,spreads,Wake Forest Demon Deacons,-110.0,-24.0
f089e3d943a34a9c4fe1808568b96529,2026-09-02T03:00:56Z,2026-09-03T23:00:00Z,Wake Forest Demon Deacons,Akron Zips,154,2006.0,betmgm,totals,Over,-108.0,48.5
f089e3d943a34a9c4fe1808568b96529,2026-09-02T03:00:56Z,2026-09-03T23:00:00Z,Wake Forest Demon Deacons,Akron Zips,154,2006.0,betmgm,totals,Under,-110.0,48.5
f089e3d943a34a9c4fe1808568b96529,2026-09-02T03:00:56Z,2026-09-03T23:00:00Z,Wake Forest Demon Deacons,Akron Zips,154,2006.0,betrivers,h2h,Akron Zips,1400.0,
f089e3d943a34a9c4fe1808568b96529,2026-09-02T03:00:56Z,2026-09-03T23:00:00Z,Wake Forest Demon Deacons,Akron Zips,154,2006.0,betrivers,h2h,Wake Forest Demon Deacons,-10000.0,
f089e3d943a34a9c4fe1808568b96529,2026-09-02T03:00:56Z,2026-09-03T23:00:00Z,Wake Forest Demon Deacons,Akron Zips,154,2006.0,betrivers,spreads,Akron Zips,-110.0,24.0
f089e3d943a34a9c4fe1808568b96529,2026-09-02T03:00:56Z,2026-09-03T23:00:00Z,Wake Forest Demon Deacons,Akron Zips,154,2006.0,betrivers,spreads,Wake Forest Demon Deacons,-113.0,-24.0
f089e3d943a34a9c4fe1808568b96529,2026-09-02T03:00:56Z,2026-09-03T23:00:00Z,Wake Forest Demon Deacons,Akron Zips,154,2006.0,betrivers,totals,Over,-115.0,48.0
f089e3d943a34a9c4fe1808568b96529,2026-09-02T03:00:56Z,2026-09-03T23:00:00Z,Wake Forest Demon Deacons,Akron Zips,154,2006.0,betrivers,totals,Under,-108.0,48.0
f089e3d943a34a9c4fe1808568b96529,2026-09-02T03:00:56Z,2026-09-03T23:00:00Z,Wake Forest Demon Deacons,Akron Zips,154,2006.0,mybookieag,h2h,Akron Zips,1130.0,
f089e3d943a34a9c4fe1808568b96529,2026-09-02T03:00:56Z,2026-09-03T23:00:00Z,Wake Forest Demon Deacons,Akron Zips,154,2006.0,mybookieag,h2h,Wake Forest Demon Deacons,-3366.0,
f089e3d943a34a9c4fe1808568b96529,2026-09-02T03:00:56Z,2026-09-03T23:00:00Z,Wake Forest Demon Deacons,Akron Zips,154,2006.0,mybookieag,spreads,Akron Zips,-110.0,24.0
f089e3d943a34a9c4fe1808568b96529,2026-09-02T03:00:56Z,2026-09-03T23:00:00Z,Wake Forest Demon Deacons,Akron Zips,154,2006.0,mybookieag,spreads,Wake Forest Demon Deacons,-110.0,-24.0
f089e3d943a34a9c4fe1808568b96529,2026-09-02T03:00:56Z,2026-09-03T23:00:00Z,Wake Forest Demon Deacons,Akron Zips,154,2006.0,mybookieag,totals,Over,-110.0,48.5
f089e3d943a34a9c4fe1808568b96529,2026-09-02T03:00:56Z,2026-09-03T23:00:00Z,Wake Forest Demon Deacons,Akron Zips,154,2006.0,mybookieag,totals,Under,-110.0,48.5
2f02052c3228ed6d9dc2e8ff8cdf5cdd,2026-09-02T03:00:56Z,2026-09-03T23:00:00Z,Buffalo Bulls,Albany,2084,,fanduel,h2h,Albany,890.0,
2f02052c3228ed6d9dc2e8ff8cdf5cdd,2026-09-02T03:00:56Z,2026-09-03T23:00:00Z,Buffalo Bulls,Albany,2084,,fanduel,h2h,Buffalo Bulls,-1700.0,
2f02052c3228ed6d9dc2e8ff8cdf5cdd,2026-09-02T03:00:56Z,2026-09-03T23:00:00Z,Buffalo Bulls,Albany,2084,,fanduel,spreads,Albany,-108.0,18.5
2f02052c3228ed6d9dc2e8ff8cdf5cdd,2026-09-02T03:00:56Z,2026-09-03T23:00:00Z,Buffalo Bulls,Albany,2084,,fanduel,spreads,Buffalo Bulls,-112.0,-18.5
2f02052c3228ed6d9dc2e8ff8cdf5cdd,2026-09-02T03:00:56Z,2026-09-03T23:00:00Z,Buffalo Bulls,Albany,2084,,fanduel,totals,Over,-110.0,48.5
2f02052c3228ed6d9dc2e8ff8cdf5cdd,2026-09-02T03:00:56Z,2026-09-03T23:00:00Z,Buffalo Bulls,Albany,2084,,fanduel,totals,Under,-110.0,48.5
2f02052c3228ed6d9dc2e8ff8cdf5cdd,2026-09-02T03:00:56Z,2026-09-03T23:00:00Z,Buffalo Bulls,Albany,2084,,draftkings,h2h,Albany,750.0,
2f02052c3228ed6d9dc2e8ff8cdf5cdd,2026-09-02T03:00:56Z,2026-09-03T23:00:00Z,Buffalo Bulls,Albany,2084,,draftkings,h2h,Buffalo Bulls,-1200.0,
2f02052c3228ed6d9dc2e8ff8cdf5cdd,2026-09-02T03:00:56Z,2026-09-03T23:00:00Z,Buffalo Bulls,Albany,2084,,draftkings,spreads,Albany,-108.0,18.5
2f02052c3228ed6d9dc2e8ff8cdf5cdd,2026-09-02T03:00:56Z,2026-09-03T23:00:00Z,Buffalo Bulls,Albany,2084,,draftkings,spreads,Buffalo Bulls,-112.0,-18.5
2f02052c3228ed6d9dc2e8ff8cdf5cdd,2026-09-02T03:00:56Z,2026-09-03T23:00:00Z,Buffalo Bulls,Albany,2084,,draftkings,totals,Over,-108.0,48.5
2f02052c3228ed6d9dc2e8ff8cdf5cdd,2026-09-02T03:00:56Z,2026-09-03T23:00:00Z,Buffalo Bulls,Albany,2084,,draftkings,totals,Under,-112.0,48.5
2f02052c3228ed6d9dc2e8ff8cdf5cdd,2026-09-02T03:00:56Z,2026-09-03T23:00:00Z,Buffalo Bulls,Albany,2084,,betrivers,h2h,Albany,850.0,
2f02052c3228ed6d9dc2e8ff8cdf5cdd,2026-09-02T03:00:56Z,2026-09-03T23:00:00Z,Buffalo Bulls,Albany,2084,,betrivers,h2h,Buffalo Bulls,-2000.0,
2f02052c3228ed6d9dc2e8ff8cdf5cdd,2026-09-02T03:00:56Z,2026-09-03T23:00:00Z,Buffalo Bulls,Albany,2084,,betrivers,spreads,Albany,-112.0,18.5
2f02052c3228ed6d9dc2e8ff8cdf5cdd,2026-09-02T03:00:56Z,2026-09-03T23:00:00Z,Buffalo Bulls,Albany,2084,,betrivers,spreads,Buffalo Bulls,-112.0,-18.5
2f02052c3228ed6d9dc2e8ff8cdf5cdd,2026-09-02T03:00:56Z,2026-09-03T23:00:00Z,Buffalo Bulls,Albany,2084,,betrivers,totals,Over,-113.0,48.0
2f02052c3228ed6d9dc2e8ff8cdf5cdd,2026-09-02T03:00:56Z,2026-09-03T23:00:00Z,Buffalo Bulls,Albany,2084,,betrivers,totals,Under,-110.0,48.0
2f02052c3228ed6d9dc2e8ff8cdf5cdd,2026-09-02T03:00:56Z,2026-09-03T23:00:00Z,Buffalo Bulls,Albany,2084,,lowvig,spreads,Albany,-130.0,19.5
2f02052c3228ed6d9dc2e8ff8cdf5cdd,2026-09-02T03:00:56Z,2026-09-03T23:00:00Z,Buffalo Bulls,Albany,2084,,lowvig,spreads,Buffalo Bulls,-101.0,-19.5
2f02052c3228ed6d9dc2e8ff8cdf5cdd,2026-09-02T03:00:56Z,2026-09-03T23:00:00Z,Buffalo Bulls,Albany,2084,,lowvig,totals,Over,-115.0,47.5
2f02052c3228ed6d9dc2e8ff8cdf5cdd,2026-09-02T03:00:56Z,2026-09-03T23:00:00Z,Buffalo Bulls,Albany,2084,,lowvig,totals,Under,-115.0,47.5
2f02052c3228ed6d9dc2e8ff8cdf5cdd,2026-09-02T03:00:56Z,2026-09-03T23:00:00Z,Buffalo Bulls,Albany,2084,,betonlineag,spreads,Albany,-130.0,19.5
2f02052c3228ed6d9dc2e8ff8cdf5cdd,2026-09-02T03:00:56Z,2026-09-03T23:00:00Z,Buffalo Bulls,Albany,2084,,betonlineag,spreads,Buffalo Bulls,-101.0,-19.5
2f02052c3228ed6d9dc2e8ff8cdf5cdd,2026-09-02T03:00:56Z,2026-09-03T23:00:00Z,Buffalo Bulls,Albany,2084,,betonlineag,totals,Over,-115.0,47.5
2f02052c3228ed6d9dc2e8ff8cdf5cdd,2026-09-02T03:00:56Z,2026-09-03T23:00:00Z,Buffalo Bulls,Albany,2084,,betonlineag,totals,Under,-115.0,47.5
2f02052c3228ed6d9dc2e8ff8cdf5cdd,2026-09-02T03:00:56Z,2026-09-03T23:00:00Z,Buffalo Bulls,Albany,2084,,betmgm,h2h,Albany,950.0,
2f02052c3228ed6d9dc2e8ff8cdf5cdd,2026-09-02T03:00:56Z,2026-09-03T23:00:00Z,Buffalo Bulls,Albany,2084,,betmgm,h2h,Buffalo Bulls,-1400.0,
2f02052c3228ed6d9dc2e8ff8cdf5cdd,2026-09-02T03:00:56Z,2026-09-03T23:00:00Z,Buffalo Bulls,Albany,2084,,betmgm,spreads,Albany,-110.0,18.5
2f02052c3228ed6d9dc2e8ff8cdf5cdd,2026-09-02T03:00:56Z,2026-09-03T23:00:00Z,Buffalo Bulls,Albany,2084,,betmgm,spreads,Buffalo Bulls,-108.0,-18.5
2f02052c3228ed6d9dc2e8ff8cdf5cdd,2026-09-02T03:00:56Z,2026-09-03T23:00:00Z,Buffalo Bulls,Albany,2084,,betmgm,totals,Over,-102.0,48.5
2f02052c3228ed6d9dc2e8ff8cdf5cdd,2026-09-02T03:00:56Z,2026-09-03T23:00:00Z,Buffalo Bulls,Albany,2084,,betmgm,totals,Under,-118.0,48.5
d9f49d1967af91e2aade42979e8c65c8,2026-09-02T03:00:56Z,2026-09-03T23:00:00Z,UCF Knights,Bethune-Cookman Wildcats,2116,,fanduel,spreads,Bethune-Cookman Wildcats,-110.0,42.5
d9f49d1967af91e2aade42979e8c65c8,2026-09-02T03:00:56Z,2026-09-03T23:00:00Z,UCF Knights,Bethune-Cookman Wildcats,2116,,fanduel,spreads,UCF Knights,-110.0,-42.5
d9f49d1967af91e2aade42979e8c65c8,2026-09-02T03:00:56Z,2026-09-03T23:00:00Z,UCF Knights,Bethune-Cookman Wildcats,2116,,fanduel,totals,Over,-114.0,58.5
d9f49d1967af91e2aade42979e8c65c8,2026-09-02T03:00:56Z,2026-09-03T23:00:00Z,UCF Knights,Bethune-Cookman Wildcats,2116,,fanduel,totals,Under,-106.0,58.5
d9f49d1967af91e2aade42979e8c65c8,2026-09-02T03:00:56Z,2026-09-03T23:00:00Z,UCF Knights,Bethune-Cookman Wildcats,2116,,draftkings,spreads,Bethune-Cookman Wildcats,-108.0,42.5
d9f49d1967af91e2aade42979e8c65c8,2026-09-02T03:00:56Z,2026-09-03T23:00:00Z,UCF Knights,Bethune-Cookman Wildcats,2116,,draftkings,spreads,UCF Knights,-112.0,-42.5
d9f49d1967af91e2aade42979e8c65c8,2026-09-02T03:00:56Z,2026-09-03T23:00:00Z,UCF Knights,Bethune-Cookman Wildcats,2116,,draftkings,totals,Over,-105.0,59.5
d9f49d1967af91e2aade42979e8c65c8,2026-09-02T03:00:56Z,2026-09-03T23:00:00Z,UCF Knights,Bethune-Cookman Wildcats,2116,,draftkings,totals,Under,-115.0,59.5
d9f49d1967af91e2aade42979e8c65c8,2026-09-02T03:00:56Z,2026-09-03T23:00:00Z,UCF Knights,Bethune-Cookman Wildcats,2116,,betrivers,spreads,Bethune-Cookman Wildcats,-110.0,42.5
d9f49d1967af91e2aade42979e8c65c8,2026-09-02T03:00:56Z,2026-09-03T23:00:00Z,UCF Knights,Bethune-Cookman Wildcats,2116,,betrivers,spreads,UCF Knights,-113.0,-42.5
d9f49d1967af91e2aade42979e8c65c8,2026-09-02T03:00:56Z,2026-09-03T23:00:00Z,UCF Knights,Bethune-Cookman Wildcats,2116,,betrivers,totals,Over,-109.0,59.0
d9f49d1967af91e2aade42979e8c65c8,2026-09-02T03:00:56Z,2026-09-03T23:00:00Z,UCF Knights,Bethune-Cookman Wildcats,2116,,betrivers,totals,Under,-114.0,59.0
d9f49d1967af91e2aade42979e8c65c8,2026-09-02T03:00:56Z,2026-09-03T23:00:00Z,UCF Knights,Bethune-Cookman Wildcats,2116,,lowvig,spreads,Bethune-Cookman Wildcats,-115.0,42.5
d9f49d1967af91e2aade42979e8c65c8,2026-09-02T03:00:56Z,2026-09-03T23:00:00Z,UCF Knights,Bethune-Cookman Wildcats,2116,,lowvig,spreads,UCF Knights,-115.0,-42.5
d9f49d1967af91e2aade42979e8c65c8,2026-09-02T03:00:56Z,2026-09-03T23:00:00Z,UCF Knights,Bethune-Cookman Wildcats,2116,,lowvig,totals,Over,-120.0,59.0
d9f49d1967af91e2aade42979e8c65c8,2026-09-02T03:00:56Z,2026-09-03T23:00:00Z,UCF Knights,Bethune-Cookman Wildcats,2116,,lowvig,totals,Under,-110.0,59.0
d9f49d1967af91e2aade42979e8c65c8,2026-09-02T03:00:56Z,2026-09-03T23:00:00Z,UCF Knights,Bethune-Cookman Wildcats,2116,,betonlineag,spreads,Bethune-Cookman Wildcats,-115.0,42.5
d9f49d1967af91e2aade42979e8c65c8,2026-09-02T03:00:56Z,2026-09-03T23:00:00Z,UCF Knights,Bethune-Cookman Wildcats,2116,,betonlineag,spreads,UCF Knights,-115.0,-42.5
d9f49d1967af91e2aade42979e8c65c8,2026-09-02T03:00:56Z,2026-09-03T23:00:00Z,UCF Knights,Bethune-Cookman Wildcats,2116,,betonlineag,totals,Over,-120.0,59.0
d9f49d1967af91e2aade42979e8c65c8,2026-09-02T03:00:56Z,2026-09-03T23:00:00Z,UCF Knights,Bethune-Cookman Wildcats,2116,,betonlineag,totals,Under,-110.0,59.0
99279326548a5f5399cc9a2efe27a057,2026-09-02T03:00:56Z,2026-09-03T23:00:00Z,Delaware Blue Hens,Merrimack Warriors,48,,fanduel,h2h,Delaware Blue Hens,-10000.0,
99279326548a5f5399cc9a2efe27a057,2026-09-02T03:00:56Z,2026-09-03T23:00:00Z,Delaware Blue Hens,Merrimack Warriors,48,,fanduel,h2h,Merrimack Warriors,2400.0,
99279326548a5f5399cc9a2efe27a057,2026-09-02T03:00:56Z,2026-09-03T23:00:00Z,Delaware Blue Hens,Merrimack Warriors,48,,fanduel,spreads,Delaware Blue Hens,-115.0,-28.5
99279326548a5f5399cc9a2efe27a057,2026-09-02T03:00:56Z,2026-09-03T23:00:00Z,Delaware Blue Hens,Merrimack Warriors,48,,fanduel,spreads,Merrimack Warriors,-105.0,28.5
99279326548a5f5399cc9a2efe27a057,2026-09-02T03:00:56Z,2026-09-03T23:00:00Z,Delaware Blue Hens,Merrimack Warriors,48,,fanduel,totals,Over,-110.0,56.5
99279326548a5f5399cc9a2efe27a057,2026-09-02T03:00:56Z,2026-09-03T23:00:00Z,Delaware Blue Hens,Merrimack Warriors,48,,fanduel,totals,Under,-110.0,56.5
99279326548a5f5399cc9a2efe27a057,2026-09-02T03:00:56Z,2026-09-03T23:00:00Z,Delaware Blue Hens,Merrimack Warriors,48,,betrivers,spreads,Delaware Blue Hens,-110.0,-28.5
99279326548a5f5399cc9a2efe27a057,2026-09-02T03:00:56Z,2026-09-03T23:00:00Z,Delaware Blue Hens,Merrimack Warriors,48,,betrivers,spreads,Merrimack Warriors,-112.0,28.5
99279326548a5f5399cc9a2efe27a057,2026-09-02T03:00:56Z,2026-09-03T23:00:00Z,Delaware Blue Hens,Merrimack Warriors,48,,betrivers,totals,Over,-112.0,56.5
99279326548a5f5399cc9a2efe27a057,2026-09-02T03:00:56Z,2026-09-03T23:00:00Z,Delaware Blue Hens,Merrimack Warriors,48,,betrivers,totals,Under,-112.0,56.5
99279326548a5f5399cc9a2efe27a057,2026-09-02T03:00:56Z,2026-09-03T23:00:00Z,Delaware Blue Hens,Merrimack Warriors,48,,lowvig,spreads,Delaware Blue Hens,-125.0,-28.5
99279326548a5f5399cc9a2efe27a057,2026-09-02T03:00:56Z,2026-09-03T23:00:00Z,Delaware Blue Hens,Merrimack Warriors,48,,lowvig,spreads,Merrimack Warriors,-105.0,28.5
99279326548a5f5399cc9a2efe27a057,2026-09-02T03:00:56Z,2026-09-03T23:00:00Z,Delaware Blue Hens,Merrimack Warriors,48,,lowvig,totals,Over,-115.0,55.5
99279326548a5f5399cc9a2efe27a057,2026-09-02T03:00:56Z,2026-09-03T23:00:00Z,Delaware Blue Hens,Merrimack Warriors,48,,lowvig,totals,Under,-115.0,55.5
99279326548a5f5399cc9a2efe27a057,2026-09-02T03:00:56Z,2026-09-03T23:00:00Z,Delaware Blue Hens,Merrimack Warriors,48,,betonlineag,spreads,Delaware Blue Hens,-125.0,-28.5
99279326548a5f5399cc9a2efe27a057,2026-09-02T03:00:56Z,2026-09-03T23:00:00Z,Delaware Blue Hens,Merrimack Warriors,48,,betonlineag,spreads,Merrimack Warriors,-105.0,28.5
99279326548a5f5399cc9a2efe27a057,2026-09-02T03:00:56Z,2026-09-03T23:00:00Z,Delaware Blue Hens,Merrimack Warriors,48,,betonlineag,totals,Over,-115.0,55.5
99279326548a5f5399cc9a2efe27a057,2026-09-02T03:00:56Z,2026-09-03T23:00:00Z,Delaware Blue Hens,Merrimack Warriors,48,,betonlineag,totals,Under,-115.0,55.5
99279326548a5f5399cc9a2efe27a057,2026-09-02T03:00:56Z,2026-09-03T23:00:00Z,Delaware Blue Hens,Merrimack Warriors,48,,betmgm,h2h,Delaware Blue Hens,-10000.0,
99279326548a5f5399cc9a2efe27a057,2026-09-02T03:00:56Z,2026-09-03T23:00:00Z,Delaware Blue Hens,Merrimack Warriors,48,,betmgm,h2h,Merrimack Warriors,3000.0,
99279326548a5f5399cc9a2efe27a057,2026-09-02T03:00:56Z,2026-09-03T23:00:00Z,Delaware Blue Hens,Merrimack Warriors,48,,betmgm,spreads,Delaware Blue Hens,-108.0,-29.0
99279326548a5f5399cc9a2efe27a057,2026-09-02T03:00:56Z,2026-09-03T23:00:00Z,Delaware Blue Hens,Merrimack Warriors,48,,betmgm,spreads,Merrimack Warriors,-110.0,29.0
99279326548a5f5399cc9a2efe27a057,2026-09-02T03:00:56Z,2026-09-03T23:00:00Z,Delaware Blue Hens,Merrimack Warriors,48,,betmgm,totals,Over,-112.0,55.5
99279326548a5f5399cc9a2efe27a057,2026-09-02T03:00:56Z,2026-09-03T23:00:00Z,Delaware Blue Hens,Merrimack Warriors,48,,betmgm,totals,Under,-105.0,55.5
018e668269a3b5dc4055758ca86b1062,2026-09-02T03:00:56Z,2026-09-03T23:00:00Z,Kennesaw State Owls,West Georgia Wolves,338,,fanduel,h2h,Kennesaw State Owls,-3500.0,
018e668269a3b5dc4055758ca86b1062,2026-09-02T03:00:56Z,2026-09-03T23:00:00Z,Kennesaw State Owls,West Georgia Wolves,338,,fanduel,h2h,West Georgia Wolves,1200.0,
018e668269a3b5dc4055758ca86b1062,2026-09-02T03:00:56Z,2026-09-03T23:00:00Z,Kennesaw State Owls,West Georgia Wolves,338,,fanduel,spreads,Kennesaw State Owls,-114.0,-23.5
018e668269a3b5dc4055758ca86b1062,2026-09-02T03:00:56Z,2026-09-03T23:00:00Z,Kennesaw State Owls,West Georgia Wolves,338,,fanduel,spreads,West Georgia Wolves,-106.0,23.5
018e668269a3b5dc4055758ca86b1062,2026-09-02T03:00:56Z,2026-09-03T23:00:00Z,Kennesaw State Owls,West Georgia Wolves,338,,fanduel,totals,Over,-114.0,51.5
018e668269a3b5dc4055758ca86b1062,2026-09-02T03:00:56Z,2026-09-03T23:00:00Z,Kennesaw State Owls,West Georgia Wolves,338,,fanduel,totals,Under,-106.0,51.5
018e668269a3b5dc4055758ca86b1062,2026-09-02T03:00:56Z,2026-09-03T23:00:00Z,Kennesaw State Owls,West Georgia Wolves,338,,draftkings,h2h,Kennesaw State Owls,-4000.0,
018e668269a3b5dc4055758ca86b1062,2026-09-02T03:00:56Z,2026-09-03T23:00:00Z,Kennesaw State Owls,West Georgia Wolves,338,,draftkings,h2h,West Georgia Wolves,1600.0,
018e668269a3b5dc4055758ca86b1062,2026-09-02T03:00:56Z,2026-09-03T23:00:00Z,Kennesaw State Owls,West Georgia Wolves,338,,draftkings,spreads,Kennesaw State Owls,-115.0,-23.5
018e668269a3b5dc4055758ca86b1062,2026-09-02T03:00:56Z,2026-09-03T23:00:00Z,Kennesaw State Owls,West Georgia Wolves,338,,draftkings,spreads,West Georgia Wolves,-105.0,23.5
018e668269a3b5dc4055758ca86b1062,2026-09-02T03:00:56Z,2026-09-03T23:00:00Z,Kennesaw State Owls,West Georgia Wolves,338,,draftkings,totals,Over,-115.0,51.5
018e668269a3b5dc4055758ca86b1062,2026-09-02T03:00:56Z,2026-09-03T23:00:00Z,Kennesaw State Owls,West Georgia Wolves,338,,draftkings,totals,Under,-105.0,51.5
018e668269a3b5dc4055758ca86b1062,2026-09-02T03:00:56Z,2026-09-03T23:00:00Z,Kennesaw State Owls,West Georgia Wolves,338,,betrivers,spreads,Kennesaw State Owls,-110.0,-23.5
018e668269a3b5dc4055758ca86b1062,2026-09-02T03:00:56Z,2026-09-03T23:00:00Z,Kennesaw State Owls,West Georgia Wolves,338,,betrivers,spreads,West Georgia Wolves,-113.0,23.5
018e668269a3b5dc4055758ca86b1062,2026-09-02T03:00:56Z,2026-09-03T23:00:00Z,Kennesaw State Owls,West Georgia Wolves,338,,betrivers,totals,Over,-115.0,51.5
018e668269a3b5dc4055758ca86b1062,2026-09-02T03:00:56Z,2026-09-03T23:00:00Z,Kennesaw State Owls,West Georgia Wolves,338,,betrivers,totals,Under,-108.0,51.5
018e668269a3b5dc4055758ca86b1062,2026-09-02T03:00:56Z,2026-09-03T23:00:00Z,Kennesaw State Owls,West Georgia Wolves,338,,lowvig,spreads,Kennesaw State Owls,-120.0,-23.5
018e668269a3b5dc4055758ca86b1062,2026-09-02T03:00:56Z,2026-09-03T23:00:00Z,Kennesaw State Owls,West Georgia Wolves,338,,lowvig,spreads,West Georgia Wolves,-110.0,23.5
018e668269a3b5dc4055758ca86b1062,2026-09-02T03:00:56Z,2026-09-03T23:00:00Z,Kennesaw State Owls,West Georgia Wolves,338,,lowvig,totals,Over,-115.0,51.5
018e668269a3b5dc4055758ca86b1062,2026-09-02T03:00:56Z,2026-09-03T23:00:00Z,Kennesaw State Owls,West Georgia Wolves,338,,lowvig,totals,Under,-115.0,51.5
018e668269a3b5dc4055758ca86b1062,2026-09-02T03:00:56Z,2026-09-03T23:00:00Z,Kennesaw State Owls,West Georgia Wolves,338,,betonlineag,spreads,Kennesaw State Owls,-120.0,-23.5
018e668269a3b5dc4055758ca86b1062,2026-09-02T03:00:56Z,2026-09-03T23:00:00Z,Kennesaw State Owls,West Georgia Wolves,338,,betonlineag,spreads,West Georgia Wolves,-110.0,23.5
018e668269a3b5dc4055758ca86b1062,2026-09-02T03:00:56Z,2026-09-03T23:00:00Z,Kennesaw State Owls,West Georgia Wolves,338,,betonlineag,totals,Over,-115.0,51.5
018e668269a3b5dc4055758ca86b1062,2026-09-02T03:00:56Z,2026-09-03T23:00:00Z,Kennesaw State Owls,West Georgia Wolves,338,,betonlineag,totals,Under,-115.0,51.5
018e668269a3b5dc4055758ca86b1062,2026-09-02T03:00:56Z,2026-09-03T23:00:00Z,Kennesaw State Owls,West Georgia Wolves,338,,betmgm,h2h,Kennesaw State Owls,-3000.0,
018e668269a3b5dc4055758ca86b1062,2026-09-02T03:00:56Z,2026-09-03T23:00:00Z,Kennesaw State Owls,West Georgia Wolves,338,,betmgm,h2h,West Georgia Wolves,1500.0,
018e668269a3b5dc4055758ca86b1062,2026-09-02T03:00:56Z,2026-09-03T23:00:00Z,Kennesaw State Owls,West Georgia Wolves,338,,betmgm,spreads,Kennesaw State Owls,-112.0,-23.5
018e668269a3b5dc4055758ca86b1062,2026-09-02T03:00:56Z,2026-09-03T23:00:00Z,Kennesaw State Owls,West Georgia Wolves,338,,betmgm,spreads,West Georgia Wolves,-105.0,23.5
018e668269a3b5dc4055758ca86b1062,2026-09-02T03:00:56Z,2026-09-03T23:00:00Z,Kennesaw State Owls,West Georgia Wolves,338,,betmgm,totals,Over,-110.0,51.5
018e668269a3b5dc4055758ca86b1062,2026-09-02T03:00:56Z,2026-09-03T23:00:00Z,Kennesaw State Owls,West Georgia Wolves,338,,betmgm,totals,Under,-108.0,51.5
64cf9eedef7f4c7a764860a59f3c4329,2026-09-02T03:00:56Z,2026-09-04T00:00:00Z,Missouri Tigers,Arkansas Pine Bluff Golden Lions,142,,fanduel,spreads,Arkansas Pine Bluff Golden Lions,-115.0,54.5
64cf9eedef7f4c7a764860a59f3c4329,2026-09-02T03:00:56Z,2026-09-04T00:00:00Z,Missouri Tigers,Arkansas Pine Bluff Golden Lions,142,,fanduel,spreads,Missouri Tigers,-105.0,-54.5
64cf9eedef7f4c7a764860a59f3c4329,2026-09-02T03:00:56Z,2026-09-04T00:00:00Z,Missouri Tigers,Arkansas Pine Bluff Golden Lions,142,,fanduel,totals,Over,-115.0,60.5
64cf9eedef7f4c7a764860a59f3c4329,2026-09-02T03:00:56Z,2026-09-04T00:00:00Z,Missouri Tigers,Arkansas Pine Bluff Golden Lions,142,,fanduel,totals,Under,-105.0,60.5
64cf9eedef7f4c7a764860a59f3c4329,2026-09-02T03:00:56Z,2026-09-04T00:00:00Z,Missouri Tigers,Arkansas Pine Bluff Golden Lions,142,,draftkings,spreads,Arkansas Pine Bluff Golden Lions,-115.0,54.5
64cf9eedef7f4c7a764860a59f3c4329,2026-09-02T03:00:56Z,2026-09-04T00:00:00Z,Missouri Tigers,Arkansas Pine Bluff Golden Lions,142,,draftkings,spreads,Missouri Tigers,-105.0,-54.5
64cf9eedef7f4c7a764860a59f3c4329,2026-09-02T03:00:56Z,2026-09-04T00:00:00Z,Missouri Tigers,Arkansas Pine Bluff Golden Lions,142,,draftkings,totals,Over,-115.0,60.5
64cf9eedef7f4c7a764860a59f3c4329,2026-09-02T03:00:56Z,2026-09-04T00:00:00Z,Missouri Tigers,Arkansas Pine Bluff Golden Lions,142,,draftkings,totals,Under,-105.0,60.5
64cf9eedef7f4c7a764860a59f3c4329,2026-09-02T03:00:56Z,2026-09-04T00:00:00Z,Missouri Tigers,Arkansas Pine Bluff Golden Lions,142,,betrivers,spreads,Arkansas Pine Bluff Golden Lions,-110.0,54.5
64cf9eedef7f4c7a764860a59f3c4329,2026-09-02T03:00:56Z,2026-09-04T00:00:00Z,Missouri Tigers,Arkansas Pine Bluff Golden Lions,142,,betrivers,spreads,Missouri Tigers,-113.0,-54.5
64cf9eedef7f4c7a764860a59f3c4329,2026-09-02T03:00:56Z,2026-09-04T00:00:00Z,Missouri Tigers,Arkansas Pine Bluff Golden Lions,142,,betrivers,totals,Over,-112.0,61.0
64cf9eedef7f4c7a764860a59f3c4329,2026-09-02T03:00:56Z,2026-09-04T00:00:00Z,Missouri Tigers,Arkansas Pine Bluff Golden Lions,142,,betrivers,totals,Under,-112.0,61.0
64cf9eedef7f4c7a764860a59f3c4329,2026-09-02T03:00:56Z,2026-09-04T00:00:00Z,Missouri Tigers,Arkansas Pine Bluff Golden Lions,142,,lowvig,spreads,Arkansas Pine Bluff Golden Lions,-115.0,55.0
64cf9eedef7f4c7a764860a59f3c4329,2026-09-02T03:00:56Z,2026-09-04T00:00:00Z,Missouri Tigers,Arkansas Pine Bluff Golden Lions,142,,lowvig,spreads,Missouri Tigers,-115.0,-55.0
64cf9eedef7f4c7a764860a59f3c4329,2026-09-02T03:00:56Z,2026-09-04T00:00:00Z,Missouri Tigers,Arkansas Pine Bluff Golden Lions,142,,lowvig,totals,Over,-115.0,60.5
64cf9eedef7f4c7a764860a59f3c4329,2026-09-02T03:00:56Z,2026-09-04T00:00:00Z,Missouri Tigers,Arkansas Pine Bluff Golden Lions,142,,lowvig,totals,Under,-115.0,60.5
64cf9eedef7f4c7a764860a59f3c4329,2026-09-02T03:00:56Z,2026-09-04T00:00:00Z,Missouri Tigers,Arkansas Pine Bluff Golden Lions,142,,betonlineag,spreads,Arkansas Pine Bluff Golden Lions,-115.0,55.0
64cf9eedef7f4c7a764860a59f3c4329,2026-09-02T03:00:56Z,2026-09-04T00:00:00Z,Missouri Tigers,Arkansas Pine Bluff Golden Lions,142,,betonlineag,spreads,Missouri Tigers,-115.0,-55.0
64cf9eedef7f4c7a764860a59f3c4329,2026-09-02T03:00:56Z,2026-09-04T00:00:00Z,Missouri Tigers,Arkansas Pine Bluff Golden Lions,142,,betonlineag,totals,Over,-115.0,60.5
64cf9eedef7f4c7a764860a59f3c4329,2026-09-02T03:00:56Z,2026-09-04T00:00:00Z,Missouri Tigers,Arkansas Pine Bluff Golden Lions,142,,betonlineag,totals,Under,-115.0,60.5
64cf9eedef7f4c7a764860a59f3c4329,2026-09-02T03:00:56Z,2026-09-04T00:00:00Z,Missouri Tigers,Arkansas Pine Bluff Golden Lions,142,,betmgm,spreads,Arkansas Pine Bluff Golden Lions,-110.0,53.5
64cf9eedef7f4c7a764860a59f3c4329,2026-09-02T03:00:56Z,2026-09-04T00:00:00Z,Missouri Tigers,Arkansas Pine Bluff Golden Lions,142,,betmgm,spreads,Missouri Tigers,-108.0,-53.5
64cf9eedef7f4c7a764860a59f3c4329,2026-09-02T03:00:56Z,2026-09-04T00:00:00Z,Missouri Tigers,Arkansas Pine Bluff Golden Lions,142,,betmgm,totals,Over,-110.0,60.5
64cf9eedef7f4c7a764860a59f3c4329,2026-09-02T03:00:56Z,2026-09-04T00:00:00Z,Missouri Tigers,Arkansas Pine Bluff Golden Lions,142,,betmgm,totals,Under,-108.0,60.5
1d6daad1c93bf7e5ae16be1db12e27d5,2026-09-02T03:00:56Z,2026-09-04T00:00:00Z,Georgia Tech Yellow Jackets,Colorado Buffaloes,59,38.0,draftkings,h2h,Colorado Buffaloes,205.0,
1d6daad1c93bf7e5ae16be1db12e27d5,2026-09-02T03:00:56Z,2026-09-04T00:00:00Z,Georgia Tech Yellow Jackets,Colorado Buffaloes,59,38.0,draftkings,h2h,Georgia Tech Yellow Jackets,-250.0,
1d6daad1c93bf7e5ae16be1db12e27d5,2026-09-02T03:00:56Z,2026-09-04T00:00:00Z,Georgia Tech Yellow Jackets,Colorado Buffaloes,59,38.0,draftkings,spreads,Colorado Buffaloes,-105.0,6.5
1d6daad1c93bf7e5ae16be1db12e27d5,2026-09-02T03:00:56Z,2026-09-04T00:00:00Z,Georgia Tech Yellow Jackets,Colorado Buffaloes,59,38.0,draftkings,spreads,Georgia Tech Yellow Jackets,-115.0,-6.5
1d6daad1c93bf7e5ae16be1db12e27d5,2026-09-02T03:00:56Z,2026-09-04T00:00:00Z,Georgia Tech Yellow Jackets,Colorado Buffaloes,59,38.0,draftkings,totals,Over,-115.0,50.5
1d6daad1c93bf7e5ae16be1db12e27d5,2026-09-02T03:00:56Z,2026-09-04T00:00:00Z,Georgia Tech Yellow Jackets,Colorado Buffaloes,59,38.0,draftkings,totals,Under,-105.0,50.5
1d6daad1c93bf7e5ae16be1db12e27d5,2026-09-02T03:00:56Z,2026-09-04T00:00:00Z,Georgia Tech Yellow Jackets,Colorado Buffaloes,59,38.0,betonlineag,h2h,Colorado Buffaloes,195.0,
1d6daad1c93bf7e5ae16be1db12e27d5,2026-09-02T03:00:56Z,2026-09-04T00:00:00Z,Georgia Tech Yellow Jackets,Colorado Buffaloes,59,38.0,betonlineag,h2h,Georgia Tech Yellow Jackets,-235.0,
1d6daad1c93bf7e5ae16be1db12e27d5,2026-09-02T03:00:56Z,2026-09-04T00:00:00Z,Georgia Tech Yellow Jackets,Colorado Buffaloes,59,38.0,betonlineag,spreads,Colorado Buffaloes,-103.0,6.5
1d6daad1c93bf7e5ae16be1db12e27d5,2026-09-02T03:00:56Z,2026-09-04T00:00:00Z,Georgia Tech Yellow Jackets,Colorado Buffaloes,59,38.0,betonlineag,spreads,Georgia Tech Yellow Jackets,-117.0,-6.5
1d6daad1c93bf7e5ae16be1db12e27d5,2026-09-02T03:00:56Z,2026-09-04T00:00:00Z,Georgia Tech Yellow Jackets,Colorado Buffaloes,59,38.0,betonlineag,totals,Over,-105.0,51.0
1d6daad1c93bf7e5ae16be1db12e27d5,2026-09-02T03:00:56Z,2026-09-04T00:00:00Z,Georgia Tech Yellow Jackets,Colorado Buffaloes,59,38.0,betonlineag,totals,Under,-115.0,51.0
1d6daad1c93bf7e5ae16be1db12e27d5,2026-09-02T03:00:56Z,2026-09-04T00:00:00Z,Georgia Tech Yellow Jackets,Colorado Buffaloes,59,38.0,lowvig,h2h,Colorado Buffaloes,195.0,
1d6daad1c93bf7e5ae16be1db12e27d5,2026-09-02T03:00:56Z,2026-09-04T00:00:00Z,Georgia Tech Yellow Jackets,Colorado Buffaloes,59,38.0,lowvig,h2h,Georgia Tech Yellow Jackets,-235.0,
1d6daad1c93bf7e5ae16be1db12e27d5,2026-09-02T03:00:56Z,2026-09-04T00:00:00Z,Georgia Tech Yellow Jackets,Colorado Buffaloes,59,38.0,lowvig,spreads,Colorado Buffaloes,101.0,6.5
1d6daad1c93bf7e5ae16be1db12e27d5,2026-09-02T03:00:56Z,2026-09-04T00:00:00Z,Georgia Tech Yellow Jackets,Colorado Buffaloes,59,38.0,lowvig,spreads,Georgia Tech Yellow Jackets,-113.0,-6.5
1d6daad1c93bf7e5ae16be1db12e27d5,2026-09-02T03:00:56Z,2026-09-04T00:00:00Z,Georgia Tech Yellow Jackets,Colorado Buffaloes,59,38.0,lowvig,totals,Over,-103.0,51.0
1d6daad1c93bf7e5ae16be1db12e27d5,2026-09-02T03:00:56Z,2026-09-04T00:00:00Z,Georgia Tech Yellow Jackets,Colorado Buffaloes,59,38.0,lowvig,totals,Under,-114.0,51.0
1d6daad1c93bf7e5ae16be1db12e27d5,2026-09-02T03:00:56Z,2026-09-04T00:00:00Z,Georgia Tech Yellow Jackets,Colorado Buffaloes,59,38.0,betus,h2h,Colorado Buffaloes,200.0,
1d6daad1c93bf7e5ae16be1db12e27d5,2026-09-02T03:00:56Z,2026-09-04T00:00:00Z,Georgia Tech Yellow Jackets,Colorado Buffaloes,59,38.0,betus,h2h,Georgia Tech Yellow Jackets,-235.0,
1d6daad1c93bf7e5ae16be1db12e27d5,2026-09-02T03:00:56Z,2026-09-04T00:00:00Z,Georgia Tech Yellow Jackets,Colorado Buffaloes,59,38.0,betus,spreads,Colorado Buffaloes,-105.0,6.5
1d6daad1c93bf7e5ae16be1db12e27d5,2026-09-02T03:00:56Z,2026-09-04T00:00:00Z,Georgia Tech Yellow Jackets,Colorado Buffaloes,59,38.0,betus,spreads,Georgia Tech Yellow Jackets,-115.0,-6.5
1d6daad1c93bf7e5ae16be1db12e27d5,2026-09-02T03:00:56Z,2026-09-04T00:00:00Z,Georgia Tech Yellow Jackets,Colorado Buffaloes,59,38.0,betus,totals,Over,-110.0,50.5
1d6daad1c93bf7e5ae16be1db12e27d5,2026-09-02T03:00:56Z,2026-09-04T00:00:00Z,Georgia Tech Yellow Jackets,Colorado Buffaloes,59,38.0,betus,totals,Under,-110.0,50.5
1d6daad1c93bf7e5ae16be1db12e27d5,2026-09-02T03:00:56Z,2026-09-04T00:00:00Z,Georgia Tech Yellow Jackets,Colorado Buffaloes,59,38.0,bovada,h2h,Colorado Buffaloes,210.0,
1d6daad1c93bf7e5ae16be1db12e27d5,2026-09-02T03:00:56Z,2026-09-04T00:00:00Z,Georgia Tech Yellow Jackets,Colorado Buffaloes,59,38.0,bovada,h2h,Georgia Tech Yellow Jackets,-250.0,
1d6daad1c93bf7e5ae16be1db12e27d5,2026-09-02T03:00:56Z,2026-09-04T00:00:00Z,Georgia Tech Yellow Jackets,Colorado Buffaloes,59,38.0,bovada,spreads,Colorado Buffaloes,-105.0,6.5
1d6daad1c93bf7e5ae16be1db12e27d5,2026-09-02T03:00:56Z,2026-09-04T00:00:00Z,Georgia Tech Yellow Jackets,Colorado Buffaloes,59,38.0,bovada,spreads,Georgia Tech Yellow Jackets,-115.0,-6.5
1d6daad1c93bf7e5ae16be1db12e27d5,2026-09-02T03:00:56Z,2026-09-04T00:00:00Z,Georgia Tech Yellow Jackets,Colorado Buffaloes,59,38.0,bovada,totals,Over,-105.0,51.0
1d6daad1c93bf7e5ae16be1db12e27d5,2026-09-02T03:00:56Z,2026-09-04T00:00:00Z,Georgia Tech Yellow Jackets,Colorado Buffaloes,59,38.0,bovada,totals,Under,-115.0,51.0
1d6daad1c93bf7e5ae16be1db12e27d5,2026-09-02T03:00:56Z,2026-09-04T00:00:00Z,Georgia Tech Yellow Jackets,Colorado Buffaloes,59,38.0,fanduel,h2h,Colorado Buffaloes,205.0,
1d6daad1c93bf7e5ae16be1db12e27d5,2026-09-02T03:00:56Z,2026-09-04T00:00:00Z,Georgia Tech Yellow Jackets,Colorado Buffaloes,59,38.0,fanduel,h2h,Georgia Tech Yellow Jackets,-255.0,
1d6daad1c93bf7e5ae16be1db12e27d5,2026-09-02T03:00:56Z,2026-09-04T00:00:00Z,Georgia Tech Yellow Jackets,Colorado Buffaloes,59,38.0,fanduel,spreads,Colorado Buffaloes,-102.0,6.5
1d6daad1c93bf7e5ae16be1db12e27d5,2026-09-02T03:00:56Z,2026-09-04T00:00:00Z,Georgia Tech Yellow Jackets,Colorado Buffaloes,59,38.0,fanduel,spreads,Georgia Tech Yellow Jackets,-120.0,-6.5
1d6daad1c93bf7e5ae16be1db12e27d5,2026-09-02T03:00:56Z,2026-09-04T00:00:00Z,Georgia Tech Yellow Jackets,Colorado Buffaloes,59,38.0,fanduel,totals,Over,-114.0,50.5
1d6daad1c93bf7e5ae16be1db12e27d5,2026-09-02T03:00:56Z,2026-09-04T00:00:00Z,Georgia Tech Yellow Jackets,Colorado Buffaloes,59,38.0,fanduel,totals,Under,-106.0,50.5
1d6daad1c93bf7e5ae16be1db12e27d5,2026-09-02T03:00:56Z,2026-09-04T00:00:00Z,Georgia Tech Yellow Jackets,Colorado Buffaloes,59,38.0,betmgm,h2h,Colorado Buffaloes,200.0,
1d6daad1c93bf7e5ae16be1db12e27d5,2026-09-02T03:00:56Z,2026-09-04T00:00:00Z,Georgia Tech Yellow Jackets,Colorado Buffaloes,59,38.0,betmgm,h2h,Georgia Tech Yellow Jackets,-235.0,
1d6daad1c93bf7e5ae16be1db12e27d5,2026-09-02T03:00:56Z,2026-09-04T00:00:00Z,Georgia Tech Yellow Jackets,Colorado Buffaloes,59,38.0,betmgm,spreads,Colorado Buffaloes,-108.0,6.5
1d6daad1c93bf7e5ae16be1db12e27d5,2026-09-02T03:00:56Z,2026-09-04T00:00:00Z,Georgia Tech Yellow Jackets,Colorado Buffaloes,59,38.0,betmgm,spreads,Georgia Tech Yellow Jackets,-110.0,-6.5
1d6daad1c93bf7e5ae16be1db12e27d5,2026-09-02T03:00:56Z,2026-09-04T00:00:00Z,Georgia Tech Yellow Jackets,Colorado Buffaloes,59,38.0,betmgm,totals,Over,-115.0,50.5
1d6daad1c93bf7e5ae16be1db12e27d5,2026-09-02T03:00:56Z,2026-09-04T00:00:00Z,Georgia Tech Yellow Jackets,Colorado Buffaloes,59,38.0,betmgm,totals,Under,-105.0,50.5
1d6daad1c93bf7e5ae16be1db12e27d5,2026-09-02T03:00:56Z,2026-09-04T00:00:00Z,Georgia Tech Yellow Jackets,Colorado Buffaloes,59,38.0,betrivers,h2h,Colorado Buffaloes,205.0,
1d6daad1c93bf7e5ae16be1db12e27d5,2026-09-02T03:00:56Z,2026-09-04T00:00:00Z,Georgia Tech Yellow Jackets,Colorado Buffaloes,59,38.0,betrivers,h2h,Georgia Tech Yellow Jackets,-265.0,
1d6daad1c93bf7e5ae16be1db12e27d5,2026-09-02T03:00:56Z,2026-09-04T00:00:00Z,Georgia Tech Yellow Jackets,Colorado Buffaloes,59,38.0,betrivers,spreads,Colorado Buffaloes,-108.0,6.5
1d6daad1c93bf7e5ae16be1db12e27d5,2026-09-02T03:00:56Z,2026-09-04T00:00:00Z,Georgia Tech Yellow Jackets,Colorado Buffaloes,59,38.0,betrivers,spreads,Georgia Tech Yellow Jackets,-115.0,-6.5
1d6daad1c93bf7e5ae16be1db12e27d5,2026-09-02T03:00:56Z,2026-09-04T00:00:00Z,Georgia Tech Yellow Jackets,Colorado Buffaloes,59,38.0,betrivers,totals,Over,-109.0,50.5
1d6daad1c93bf7e5ae16be1db12e27d5,2026-09-02T03:00:56Z,2026-09-04T00:00:00Z,Georgia Tech Yellow Jackets,Colorado Buffaloes,59,38.0,betrivers,totals,Under,-114.0,50.5
1d6daad1c93bf7e5ae16be1db12e27d5,2026-09-02T03:00:56Z,2026-09-04T00:00:00Z,Georgia Tech Yellow Jackets,Colorado Buffaloes,59,38.0,mybookieag,h2h,Colorado Buffaloes,208.0,
1d6daad1c93bf7e5ae16be1db12e27d5,2026-09-02T03:00:56Z,2026-09-04T00:00:00Z,Georgia Tech Yellow Jackets,Colorado Buffaloes,59,38.0,mybookieag,h2h,Georgia Tech Yellow Jackets,-265.0,
1d6daad1c93bf7e5ae16be1db12e27d5,2026-09-02T03:00:56Z,2026-09-04T00:00:00Z,Georgia Tech Yellow Jackets,Colorado Buffaloes,59,38.0,mybookieag,spreads,Colorado Buffaloes,-110.0,6.5
1d6daad1c93bf7e5ae16be1db12e27d5,2026-09-02T03:00:56Z,2026-09-04T00:00:00Z,Georgia Tech Yellow Jackets,Colorado Buffaloes,59,38.0,mybookieag,spreads,Georgia Tech Yellow Jackets,-110.0,-6.5
1d6daad1c93bf7e5ae16be1db12e27d5,2026-09-02T03:00:56Z,2026-09-04T00:00:00Z,Georgia Tech Yellow Jackets,Colorado Buffaloes,59,38.0,mybookieag,totals,Over,-110.0,50.5
1d6daad1c93bf7e5ae16be1db12e27d5,2026-09-02T03:00:56Z,2026-09-04T00:00:00Z,Georgia Tech Yellow Jackets,Colorado Buffaloes,59,38.0,mybookieag,totals,Under,-110.0,50.5
e746bf44bc7bb95a7686770723882d70,2026-09-02T03:00:56Z,2026-09-04T00:00:00Z,Minnesota Golden Gophers,Eastern Illinois Panthers,135,,fanduel,spreads,Eastern Illinois Panthers,-112.0,42.5
e746bf44bc7bb95a7686770723882d70,2026-09-02T03:00:56Z,2026-09-04T00:00:00Z,Minnesota Golden Gophers,Eastern Illinois Panthers,135,,fanduel,spreads,Minnesota Golden Gophers,-108.0,-42.5
e746bf44bc7bb95a7686770723882d70,2026-09-02T03:00:56Z,2026-09-04T00:00:00Z,Minnesota Golden Gophers,Eastern Illinois Panthers,135,,fanduel,totals,Over,-105.0,51.5
e746bf44bc7bb95a7686770723882d70,2026-09-02T03:00:56Z,2026-09-04T00:00:00Z,Minnesota Golden Gophers,Eastern Illinois Panthers,135,,fanduel,totals,Under,-115.0,51.5
e746bf44bc7bb95a7686770723882d70,2026-09-02T03:00:56Z,2026-09-04T00:00:00Z,Minnesota Golden Gophers,Eastern Illinois Panthers,135,,draftkings,spreads,Eastern Illinois Panthers,-110.0,42.5
e746bf44bc7bb95a7686770723882d70,2026-09-02T03:00:56Z,2026-09-04T00:00:00Z,Minnesota Golden Gophers,Eastern Illinois Panthers,135,,draftkings,spreads,Minnesota Golden Gophers,-110.0,-42.5
e746bf44bc7bb95a7686770723882d70,2026-09-02T03:00:56Z,2026-09-04T00:00:00Z,Minnesota Golden Gophers,Eastern Illinois Panthers,135,,draftkings,totals,Over,-105.0,51.5
e746bf44bc7bb95a7686770723882d70,2026-09-02T03:00:56Z,2026-09-04T00:00:00Z,Minnesota Golden Gophers,Eastern Illinois Panthers,135,,draftkings,totals,Under,-115.0,51.5
e746bf44bc7bb95a7686770723882d70,2026-09-02T03:00:56Z,2026-09-04T00:00:00Z,Minnesota Golden Gophers,Eastern Illinois Panthers,135,,betrivers,spreads,Eastern Illinois Panthers,-109.0,42.0
e746bf44bc7bb95a7686770723882d70,2026-09-02T03:00:56Z,2026-09-04T00:00:00Z,Minnesota Golden Gophers,Eastern Illinois Panthers,135,,betrivers,spreads,Minnesota Golden Gophers,-113.0,-42.0
e746bf44bc7bb95a7686770723882d70,2026-09-02T03:00:56Z,2026-09-04T00:00:00Z,Minnesota Golden Gophers,Eastern Illinois Panthers,135,,betrivers,totals,Over,-113.0,51.0
e746bf44bc7bb95a7686770723882d70,2026-09-02T03:00:56Z,2026-09-04T00:00:00Z,Minnesota Golden Gophers,Eastern Illinois Panthers,135,,betrivers,totals,Under,-110.0,51.0
e746bf44bc7bb95a7686770723882d70,2026-09-02T03:00:56Z,2026-09-04T00:00:00Z,Minnesota Golden Gophers,Eastern Illinois Panthers,135,,betonlineag,spreads,Eastern Illinois Panthers,-115.0,42.5
e746bf44bc7bb95a7686770723882d70,2026-09-02T03:00:56Z,2026-09-04T00:00:00Z,Minnesota Golden Gophers,Eastern Illinois Panthers,135,,betonlineag,spreads,Minnesota Golden Gophers,-115.0,-42.5
e746bf44bc7bb95a7686770723882d70,2026-09-02T03:00:56Z,2026-09-04T00:00:00Z,Minnesota Golden Gophers,Eastern Illinois Panthers,135,,betonlineag,totals,Over,-115.0,51.5
e746bf44bc7bb95a7686770723882d70,2026-09-02T03:00:56Z,2026-09-04T00:00:00Z,Minnesota Golden Gophers,Eastern Illinois Panthers,135,,betonlineag,totals,Under,-115.0,51.5
e746bf44bc7bb95a7686770723882d70,2026-09-02T03:00:56Z,2026-09-04T00:00:00Z,Minnesota Golden Gophers,Eastern Illinois Panthers,135,,betmgm,spreads,Eastern Illinois Panthers,-108.0,42.5
e746bf44bc7bb95a7686770723882d70,2026-09-02T03:00:56Z,2026-09-04T00:00:00Z,Minnesota Golden Gophers,Eastern Illinois Panthers,135,,betmgm,spreads,Minnesota Golden Gophers,-110.0,-42.5
e746bf44bc7bb95a7686770723882d70,2026-09-02T03:00:56Z,2026-09-04T00:00:00Z,Minnesota Golden Gophers,Eastern Illinois Panthers,135,,betmgm,totals,Over,-112.0,51.5
e746bf44bc7bb95a7686770723882d70,2026-09-02T03:00:56Z,2026-09-04T00:00:00Z,Minnesota Golden Gophers,Eastern Illinois Panthers,135,,betmgm,totals,Under,-105.0,51.5
86e3c86de584357bb263fa4ae819ed30,2026-09-02T03:00:56Z,2026-09-04T01:00:00Z,Utah Utes,Idaho Vandals,254,,fanduel,spreads,Idaho Vandals,-105.0,34.5
86e3c86de584357bb263fa4ae819ed30,2026-09-02T03:00:56Z,2026-09-04T01:00:00Z,Utah Utes,Idaho Vandals,254,,fanduel,spreads,Utah Utes,-115.0,-34.5
86e3c86de584357bb263fa4ae819ed30,2026-09-02T03:00:56Z,2026-09-04T01:00:00Z,Utah Utes,Idaho Vandals,254,,fanduel,totals,Over,-110.0,57.5
86e3c86de584357bb263fa4ae819ed30,2026-09-02T03:00:56Z,2026-09-04T01:00:00Z,Utah Utes,Idaho Vandals,254,,fanduel,totals,Under,-110.0,57.5
86e3c86de584357bb263fa4ae819ed30,2026-09-02T03:00:56Z,2026-09-04T01:00:00Z,Utah Utes,Idaho Vandals,254,,draftkings,h2h,Idaho Vandals,5000.0,
86e3c86de584357bb263fa4ae819ed30,2026-09-02T03:00:56Z,2026-09-04T01:00:00Z,Utah Utes,Idaho Vandals,254,,draftkings,h2h,Utah Utes,-100000.0,
86e3c86de584357bb263fa4ae819ed30,2026-09-02T03:00:56Z,2026-09-04T01:00:00Z,Utah Utes,Idaho Vandals,254,,draftkings,spreads,Idaho Vandals,-115.0,35.5
86e3c86de584357bb263fa4ae819ed30,2026-09-02T03:00:56Z,2026-09-04T01:00:00Z,Utah Utes,Idaho Vandals,254,,draftkings,spreads,Utah Utes,-105.0,-35.5
86e3c86de584357bb263fa4ae819ed30,2026-09-02T03:00:56Z,2026-09-04T01:00:00Z,Utah Utes,Idaho Vandals,254,,draftkings,totals,Over,-110.0,57.5
86e3c86de584357bb263fa4ae819ed30,2026-09-02T03:00:56Z,2026-09-04T01:00:00Z,Utah Utes,Idaho Vandals,254,,draftkings,totals,Under,-110.0,57.5
86e3c86de584357bb263fa4ae819ed30,2026-09-02T03:00:56Z,2026-09-04T01:00:00Z,Utah Utes,Idaho Vandals,254,,betrivers,spreads,Idaho Vandals,-113.0,34.5
86e3c86de584357bb263fa4ae819ed30,2026-09-02T03:00:56Z,2026-09-04T01:00:00Z,Utah Utes,Idaho Vandals,254,,betrivers,spreads,Utah Utes,-109.0,-34.5
86e3c86de584357bb263fa4ae819ed30,2026-09-02T03:00:56Z,2026-09-04T01:00:00Z,Utah Utes,Idaho Vandals,254,,betrivers,totals,Over,-113.0,57.5
86e3c86de584357bb263fa4ae819ed30,2026-09-02T03:00:56Z,2026-09-04T01:00:00Z,Utah Utes,Idaho Vandals,254,,betrivers,totals,Under,-110.0,57.5
86e3c86de584357bb263fa4ae819ed30,2026-09-02T03:00:56Z,2026-09-04T01:00:00Z,Utah Utes,Idaho Vandals,254,,betonlineag,spreads,Idaho Vandals,-112.0,35.0
86e3c86de584357bb263fa4ae819ed30,2026-09-02T03:00:56Z,2026-09-04T01:00:00Z,Utah Utes,Idaho Vandals,254,,betonlineag,spreads,Utah Utes,-118.0,-35.0
86e3c86de584357bb263fa4ae819ed30,2026-09-02T03:00:56Z,2026-09-04T01:00:00Z,Utah Utes,Idaho Vandals,254,,betonlineag,totals,Over,-120.0,57.5
86e3c86de584357bb263fa4ae819ed30,2026-09-02T03:00:56Z,2026-09-04T01:00:00Z,Utah Utes,Idaho Vandals,254,,betonlineag,totals,Under,-110.0,57.5
86e3c86de584357bb263fa4ae819ed30,2026-09-02T03:00:56Z,2026-09-04T01:00:00Z,Utah Utes,Idaho Vandals,254,,betmgm,h2h,Idaho Vandals,5500.0,
86e3c86de584357bb263fa4ae819ed30,2026-09-02T03:00:56Z,2026-09-04T01:00:00Z,Utah Utes,Idaho Vandals,254,,betmgm,h2h,Utah Utes,-100000.0,
86e3c86de584357bb263fa4ae819ed30,2026-09-02T03:00:56Z,2026-09-04T01:00:00Z,Utah Utes,Idaho Vandals,254,,betmgm,spreads,Idaho Vandals,-105.0,34.5
86e3c86de584357bb263fa4ae819ed30,2026-09-02T03:00:56Z,2026-09-04T01:00:00Z,Utah Utes,Idaho Vandals,254,,betmgm,spreads,Utah Utes,-112.0,-34.5
86e3c86de584357bb263fa4ae819ed30,2026-09-02T03:00:56Z,2026-09-04T01:00:00Z,Utah Utes,Idaho Vandals,254,,betmgm,totals,Over,-110.0,57.5
86e3c86de584357bb263fa4ae819ed30,2026-09-02T03:00:56Z,2026-09-04T01:00:00Z,Utah Utes,Idaho Vandals,254,,betmgm,totals,Under,-108.0,57.5
1697069330d0343bdf7930ac0b0c3863,2026-09-02T03:00:56Z,2026-09-04T01:00:00Z,Illinois Fighting Illini,UAB Blazers,356,5.0,draftkings,h2h,Illinois Fighting Illini,-4500.0,
1697069330d0343bdf7930ac0b0c3863,2026-09-02T03:00:56Z,2026-09-04T01:00:00Z,Illinois Fighting Illini,UAB Blazers,356,5.0,draftkings,h2h,UAB Blazers,1700.0,
1697069330d0343bdf7930ac0b0c3863,2026-09-02T03:00:56Z,2026-09-04T01:00:00Z,Illinois Fighting Illini,UAB Blazers,356,5.0,draftkings,spreads,Illinois Fighting Illini,-112.0,-27.5
1697069330d0343bdf7930ac0b0c3863,2026-09-02T03:00:56Z,2026-09-04T01:00:00Z,Illinois Fighting Illini,UAB Blazers,356,5.0,draftkings,spreads,UAB Blazers,-108.0,27.5
1697069330d0343bdf7930ac0b0c3863,2026-09-02T03:00:56Z,2026-09-04T01:00:00Z,Illinois Fighting Illini,UAB Blazers,356,5.0,draftkings,totals,Over,-118.0,54.5
1697069330d0343bdf7930ac0b0c3863,2026-09-02T03:00:56Z,2026-09-04T01:00:00Z,Illinois Fighting Illini,UAB Blazers,356,5.0,draftkings,totals,Under,-102.0,54.5
1697069330d0343bdf7930ac0b0c3863,2026-09-02T03:00:56Z,2026-09-04T01:00:00Z,Illinois Fighting Illini,UAB Blazers,356,5.0,betus,spreads,Illinois Fighting Illini,-110.0,-27.5
1697069330d0343bdf7930ac0b0c3863,2026-09-02T03:00:56Z,2026-09-04T01:00:00Z,Illinois Fighting Illini,UAB Blazers,356,5.0,betus,spreads,UAB Blazers,-110.0,27.5
1697069330d0343bdf7930ac0b0c3863,2026-09-02T03:00:56Z,2026-09-04T01:00:00Z,Illinois Fighting Illini,UAB Blazers,356,5.0,betus,totals,Over,-110.0,55.0
1697069330d0343bdf7930ac0b0c3863,2026-09-02T03:00:56Z,2026-09-04T01:00:00Z,Illinois Fighting Illini,UAB Blazers,356,5.0,betus,totals,Under,-110.0,55.0
1697069330d0343bdf7930ac0b0c3863,2026-09-02T03:00:56Z,2026-09-04T01:00:00Z,Illinois Fighting Illini,UAB Blazers,356,5.0,betonlineag,h2h,Illinois Fighting Illini,-5000.0,
1697069330d0343bdf7930ac0b0c3863,2026-09-02T03:00:56Z,2026-09-04T01:00:00Z,Illinois Fighting Illini,UAB Blazers,356,5.0,betonlineag,h2h,UAB Blazers,1550.0,
1697069330d0343bdf7930ac0b0c3863,2026-09-02T03:00:56Z,2026-09-04T01:00:00Z,Illinois Fighting Illini,UAB Blazers,356,5.0,betonlineag,spreads,Illinois Fighting Illini,-110.0,-27.5
1697069330d0343bdf7930ac0b0c3863,2026-09-02T03:00:56Z,2026-09-04T01:00:00Z,Illinois Fighting Illini,UAB Blazers,356,5.0,betonlineag,spreads,UAB Blazers,-110.0,27.5
1697069330d0343bdf7930ac0b0c3863,2026-09-02T03:00:56Z,2026-09-04T01:00:00Z,Illinois Fighting Illini,UAB Blazers,356,5.0,betonlineag,totals,Over,-110.0,55.0
1697069330d0343bdf7930ac0b0c3863,2026-09-02T03:00:56Z,2026-09-04T01:00:00Z,Illinois Fighting Illini,UAB Blazers,356,5.0,betonlineag,totals,Under,-110.0,55.0
1697069330d0343bdf7930ac0b0c3863,2026-09-02T03:00:56Z,2026-09-04T01:00:00Z,Illinois Fighting Illini,UAB Blazers,356,5.0,lowvig,h2h,Illinois Fighting Illini,-5000.0,
1697069330d0343bdf7930ac0b0c3863,2026-09-02T03:00:56Z,2026-09-04T01:00:00Z,Illinois Fighting Illini,UAB Blazers,356,5.0,lowvig,h2h,UAB Blazers,1550.0,
1697069330d0343bdf7930ac0b0c3863,2026-09-02T03:00:56Z,2026-09-04T01:00:00Z,Illinois Fighting Illini,UAB Blazers,356,5.0,lowvig,spreads,Illinois Fighting Illini,-106.0,-27.5
1697069330d0343bdf7930ac0b0c3863,2026-09-02T03:00:56Z,2026-09-04T01:00:00Z,Illinois Fighting Illini,UAB Blazers,356,5.0,lowvig,spreads,UAB Blazers,-106.0,27.5
1697069330d0343bdf7930ac0b0c3863,2026-09-02T03:00:56Z,2026-09-04T01:00:00Z,Illinois Fighting Illini,UAB Blazers,356,5.0,lowvig,totals,Over,-108.0,55.0
1697069330d0343bdf7930ac0b0c3863,2026-09-02T03:00:56Z,2026-09-04T01:00:00Z,Illinois Fighting Illini,UAB Blazers,356,5.0,lowvig,totals,Under,-108.0,55.0
1697069330d0343bdf7930ac0b0c3863,2026-09-02T03:00:56Z,2026-09-04T01:00:00Z,Illinois Fighting Illini,UAB Blazers,356,5.0,fanduel,h2h,Illinois Fighting Illini,-7000.0,
1697069330d0343bdf7930ac0b0c3863,2026-09-02T03:00:56Z,2026-09-04T01:00:00Z,Illinois Fighting Illini,UAB Blazers,356,5.0,fanduel,h2h,UAB Blazers,2000.0,
1697069330d0343bdf7930ac0b0c3863,2026-09-02T03:00:56Z,2026-09-04T01:00:00Z,Illinois Fighting Illini,UAB Blazers,356,5.0,fanduel,spreads,Illinois Fighting Illini,-115.0,-27.5
1697069330d0343bdf7930ac0b0c3863,2026-09-02T03:00:56Z,2026-09-04T01:00:00Z,Illinois Fighting Illini,UAB Blazers,356,5.0,fanduel,spreads,UAB Blazers,-105.0,27.5
1697069330d0343bdf7930ac0b0c3863,2026-09-02T03:00:56Z,2026-09-04T01:00:00Z,Illinois Fighting Illini,UAB Blazers,356,5.0,fanduel,totals,Over,-110.0,54.5
1697069330d0343bdf7930ac0b0c3863,2026-09-02T03:00:56Z,2026-09-04T01:00:00Z,Illinois Fighting Illini,UAB Blazers,356,5.0,fanduel,totals,Under,-110.0,54.5
1697069330d0343bdf7930ac0b0c3863,2026-09-02T03:00:56Z,2026-09-04T01:00:00Z,Illinois Fighting Illini,UAB Blazers,356,5.0,betmgm,h2h,Illinois Fighting Illini,-5000.0,
1697069330d0343bdf7930ac0b0c3863,2026-09-02T03:00:56Z,2026-09-04T01:00:00Z,Illinois Fighting Illini,UAB Blazers,356,5.0,betmgm,h2h,UAB Blazers,1900.0,
1697069330d0343bdf7930ac0b0c3863,2026-09-02T03:00:56Z,2026-09-04T01:00:00Z,Illinois Fighting Illini,UAB Blazers,356,5.0,betmgm,spreads,Illinois Fighting Illini,-110.0,-27.5
1697069330d0343bdf7930ac0b0c3863,2026-09-02T03:00:56Z,2026-09-04T01:00:00Z,Illinois Fighting Illini,UAB Blazers,356,5.0,betmgm,spreads,UAB Blazers,-108.0,27.5
1697069330d0343bdf7930ac0b0c3863,2026-09-02T03:00:56Z,2026-09-04T01:00:00Z,Illinois Fighting Illini,UAB Blazers,356,5.0,betmgm,totals,Over,-115.0,54.5
1697069330d0343bdf7930ac0b0c3863,2026-09-02T03:00:56Z,2026-09-04T01:00:00Z,Illinois Fighting Illini,UAB Blazers,356,5.0,betmgm,totals,Under,-105.0,54.5
1697069330d0343bdf7930ac0b0c3863,2026-09-02T03:00:56Z,2026-09-04T01:00:00Z,Illinois Fighting Illini,UAB Blazers,356,5.0,mybookieag,h2h,Illinois Fighting Illini,-4000.0,
1697069330d0343bdf7930ac0b0c3863,2026-09-02T03:00:56Z,2026-09-04T01:00:00Z,Illinois Fighting Illini,UAB Blazers,356,5.0,mybookieag,h2h,UAB Blazers,1250.0,
1697069330d0343bdf7930ac0b0c3863,2026-09-02T03:00:56Z,2026-09-04T01:00:00Z,Illinois Fighting Illini,UAB Blazers,356,5.0,mybookieag,spreads,Illinois Fighting Illini,-110.0,-28.0
1697069330d0343bdf7930ac0b0c3863,2026-09-02T03:00:56Z,2026-09-04T01:00:00Z,Illinois Fighting Illini,UAB Blazers,356,5.0,mybookieag,spreads,UAB Blazers,-110.0,28.0
1697069330d0343bdf7930ac0b0c3863,2026-09-02T03:00:56Z,2026-09-04T01:00:00Z,Illinois Fighting Illini,UAB Blazers,356,5.0,mybookieag,totals,Over,-110.0,55.0
1697069330d0343bdf7930ac0b0c3863,2026-09-02T03:00:56Z,2026-09-04T01:00:00Z,Illinois Fighting Illini,UAB Blazers,356,5.0,mybookieag,totals,Under,-110.0,55.0
1697069330d0343bdf7930ac0b0c3863,2026-09-02T03:00:56Z,2026-09-04T01:00:00Z,Illinois Fighting Illini,UAB Blazers,356,5.0,betrivers,spreads,Illinois Fighting Illini,-108.0,-28.0
1697069330d0343bdf7930ac0b0c3863,2026-09-02T03:00:56Z,2026-09-04T01:00:00Z,Illinois Fighting Illini,UAB Blazers,356,5.0,betrivers,spreads,UAB Blazers,-115.0,28.0
1697069330d0343bdf7930ac0b0c3863,2026-09-02T03:00:56Z,2026-09-04T01:00:00Z,Illinois Fighting Illini,UAB Blazers,356,5.0,betrivers,totals,Over,-114.0,54.5
1697069330d0343bdf7930ac0b0c3863,2026-09-02T03:00:56Z,2026-09-04T01:00:00Z,Illinois Fighting Illini,UAB Blazers,356,5.0,betrivers,totals,Under,-109.0,54.5
1697069330d0343bdf7930ac0b0c3863,2026-09-02T03:00:56Z,2026-09-04T01:00:00Z,Illinois Fighting Illini,UAB Blazers,356,5.0,bovada,h2h,Illinois Fighting Illini,-7500.0,
1697069330d0343bdf7930ac0b0c3863,2026-09-02T03:00:56Z,2026-09-04T01:00:00Z,Illinois Fighting Illini,UAB Blazers,356,5.0,bovada,h2h,UAB Blazers,1400.0,
1697069330d0343bdf7930ac0b0c3863,2026-09-02T03:00:56Z,2026-09-04T01:00:00Z,Illinois Fighting Illini,UAB Blazers,356,5.0,bovada,spreads,Illinois Fighting Illini,-105.0,-28.0
1697069330d0343bdf7930ac0b0c3863,2026-09-02T03:00:56Z,2026-09-04T01:00:00Z,Illinois Fighting Illini,UAB Blazers,356,5.0,bovada,spreads,UAB Blazers,-115.0,28.0
1697069330d0343bdf7930ac0b0c3863,2026-09-02T03:00:56Z,2026-09-04T01:00:00Z,Illinois Fighting Illini,UAB Blazers,356,5.0,bovada,totals,Over,-115.0,54.5
1697069330d0343bdf7930ac0b0c3863,2026-09-02T03:00:56Z,2026-09-04T01:00:00Z,Illinois Fighting Illini,UAB Blazers,356,5.0,bovada,totals,Under,-105.0,54.5
f089e3d943a34a9c4fe1808568b96529,2026-09-02T17:03:47Z,2026-09-03T23:00:00Z,Wake Forest Demon Deacons,Akron Zips,154,2006.0,draftkings,h2h,Akron Zips,1400.0,
f089e3d943a34a9c4fe1808568b96529,2026-09-02T17:03:47Z,2026-09-03T23:00:00Z,Wake Forest Demon Deacons,Akron Zips,154,2006.0,draftkings,h2h,Wake Forest Demon Deacons,-3200.0,
f089e3d943a34a9c4fe1808568b96529,2026-09-02T17:03:47Z,2026-09-03T23:00:00Z,Wake Forest Demon Deacons,Akron Zips,154,2006.0,draftkings,spreads,Akron Zips,-110.0,24.5
f089e3d943a34a9c4fe1808568b96529,2026-09-02T17:03:47Z,2026-09-03T23:00:00Z,Wake Forest Demon Deacons,Akron Zips,154,2006.0,draftkings,spreads,Wake Forest Demon Deacons,-110.0,-24.5
f089e3d943a34a9c4fe1808568b96529,2026-09-02T17:03:47Z,2026-09-03T23:00:00Z,Wake Forest Demon Deacons,Akron Zips,154,2006.0,draftkings,totals,Over,-108.0,48.5
f089e3d943a34a9c4fe1808568b96529,2026-09-02T17:03:47Z,2026-09-03T23:00:00Z,Wake Forest Demon Deacons,Akron Zips,154,2006.0,draftkings,totals,Under,-112.0,48.5
f089e3d943a34a9c4fe1808568b96529,2026-09-02T17:03:47Z,2026-09-03T23:00:00Z,Wake Forest Demon Deacons,Akron Zips,154,2006.0,betonlineag,h2h,Akron Zips,1256.0,
f089e3d943a34a9c4fe1808568b96529,2026-09-02T17:03:47Z,2026-09-03T23:00:00Z,Wake Forest Demon Deacons,Akron Zips,154,2006.0,betonlineag,h2h,Wake Forest Demon Deacons,-3000.0,
f089e3d943a34a9c4fe1808568b96529,2026-09-02T17:03:47Z,2026-09-03T23:00:00Z,Wake Forest Demon Deacons,Akron Zips,154,2006.0,betonlineag,spreads,Akron Zips,-104.0,24.0
f089e3d943a34a9c4fe1808568b96529,2026-09-02T17:03:47Z,2026-09-03T23:00:00Z,Wake Forest Demon Deacons,Akron Zips,154,2006.0,betonlineag,spreads,Wake Forest Demon Deacons,-116.0,-24.0
f089e3d943a34a9c4fe1808568b96529,2026-09-02T17:03:47Z,2026-09-03T23:00:00Z,Wake Forest Demon Deacons,Akron Zips,154,2006.0,betonlineag,totals,Over,-110.0,48.5
f089e3d943a34a9c4fe1808568b96529,2026-09-02T17:03:47Z,2026-09-03T23:00:00Z,Wake Forest Demon Deacons,Akron Zips,154,2006.0,betonlineag,totals,Under,-110.0,48.5
f089e3d943a34a9c4fe1808568b96529,2026-09-02T17:03:47Z,2026-09-03T23:00:00Z,Wake Forest Demon Deacons,Akron Zips,154,2006.0,lowvig,h2h,Akron Zips,1256.0,
f089e3d943a34a9c4fe1808568b96529,2026-09-02T17:03:47Z,2026-09-03T23:00:00Z,Wake Forest Demon Deacons,Akron Zips,154,2006.0,lowvig,h2h,Wake Forest Demon Deacons,-3000.0,
f089e3d943a34a9c4fe1808568b96529,2026-09-02T17:03:47Z,2026-09-03T23:00:00Z,Wake Forest Demon Deacons,Akron Zips,154,2006.0,lowvig,spreads,Akron Zips,100.0,24.0
f089e3d943a34a9c4fe1808568b96529,2026-09-02T17:03:47Z,2026-09-03T23:00:00Z,Wake Forest Demon Deacons,Akron Zips,154,2006.0,lowvig,spreads,Wake Forest Demon Deacons,-112.0,-24.0
f089e3d943a34a9c4fe1808568b96529,2026-09-02T17:03:47Z,2026-09-03T23:00:00Z,Wake Forest Demon Deacons,Akron Zips,154,2006.0,lowvig,totals,Over,-108.0,48.5
f089e3d943a34a9c4fe1808568b96529,2026-09-02T17:03:47Z,2026-09-03T23:00:00Z,Wake Forest Demon Deacons,Akron Zips,154,2006.0,lowvig,totals,Under,-108.0,48.5
f089e3d943a34a9c4fe1808568b96529,2026-09-02T17:03:47Z,2026-09-03T23:00:00Z,Wake Forest Demon Deacons,Akron Zips,154,2006.0,betus,h2h,Akron Zips,1300.0,
f089e3d943a34a9c4fe1808568b96529,2026-09-02T17:03:47Z,2026-09-03T23:00:00Z,Wake Forest Demon Deacons,Akron Zips,154,2006.0,betus,h2h,Wake Forest Demon Deacons,-2850.0,
f089e3d943a34a9c4fe1808568b96529,2026-09-02T17:03:47Z,2026-09-03T23:00:00Z,Wake Forest Demon Deacons,Akron Zips,154,2006.0,betus,spreads,Akron Zips,-110.0,24.5
f089e3d943a34a9c4fe1808568b96529,2026-09-02T17:03:47Z,2026-09-03T23:00:00Z,Wake Forest Demon Deacons,Akron Zips,154,2006.0,betus,spreads,Wake Forest Demon Deacons,-110.0,-24.5
f089e3d943a34a9c4fe1808568b96529,2026-09-02T17:03:47Z,2026-09-03T23:00:00Z,Wake Forest Demon Deacons,Akron Zips,154,2006.0,betus,totals,Over,-110.0,48.5
f089e3d943a34a9c4fe1808568b96529,2026-09-02T17:03:47Z,2026-09-03T23:00:00Z,Wake Forest Demon Deacons,Akron Zips,154,2006.0,betus,totals,Under,-110.0,48.5
f089e3d943a34a9c4fe1808568b96529,2026-09-02T17:03:47Z,2026-09-03T23:00:00Z,Wake Forest Demon Deacons,Akron Zips,154,2006.0,bovada,h2h,Akron Zips,1100.0,
f089e3d943a34a9c4fe1808568b96529,2026-09-02T17:03:47Z,2026-09-03T23:00:00Z,Wake Forest Demon Deacons,Akron Zips,154,2006.0,bovada,h2h,Wake Forest Demon Deacons,-2800.0,
f089e3d943a34a9c4fe1808568b96529,2026-09-02T17:03:47Z,2026-09-03T23:00:00Z,Wake Forest Demon Deacons,Akron Zips,154,2006.0,bovada,spreads,Akron Zips,-110.0,24.5
f089e3d943a34a9c4fe1808568b96529,2026-09-02T17:03:47Z,2026-09-03T23:00:00Z,Wake Forest Demon Deacons,Akron Zips,154,2006.0,bovada,spreads,Wake Forest Demon Deacons,-110.0,-24.5
f089e3d943a34a9c4fe1808568b96529,2026-09-02T17:03:47Z,2026-09-03T23:00:00Z,Wake Forest Demon Deacons,Akron Zips,154,2006.0,bovada,totals,Over,-110.0,48.5
f089e3d943a34a9c4fe1808568b96529,2026-09-02T17:03:47Z,2026-09-03T23:00:00Z,Wake Forest Demon Deacons,Akron Zips,154,2006.0,bovada,totals,Under,-110.0,48.5
f089e3d943a34a9c4fe1808568b96529,2026-09-02T17:03:47Z,2026-09-03T23:00:00Z,Wake Forest Demon Deacons,Akron Zips,154,2006.0,fanduel,h2h,Akron Zips,1400.0,
f089e3d943a34a9c4fe1808568b96529,2026-09-02T17:03:47Z,2026-09-03T23:00:00Z,Wake Forest Demon Deacons,Akron Zips,154,2006.0,fanduel,h2h,Wake Forest Demon Deacons,-4000.0,
f089e3d943a34a9c4fe1808568b96529,2026-09-02T17:03:47Z,2026-09-03T23:00:00Z,Wake Forest Demon Deacons,Akron Zips,154,2006.0,fanduel,spreads,Akron Zips,-115.0,24.5
f089e3d943a34a9c4fe1808568b96529,2026-09-02T17:03:47Z,2026-09-03T23:00:00Z,Wake Forest Demon Deacons,Akron Zips,154,2006.0,fanduel,spreads,Wake Forest Demon Deacons,-105.0,-24.5
f089e3d943a34a9c4fe1808568b96529,2026-09-02T17:03:47Z,2026-09-03T23:00:00Z,Wake Forest Demon Deacons,Akron Zips,154,2006.0,fanduel,totals,Over,-115.0,47.5
f089e3d943a34a9c4fe1808568b96529,2026-09-02T17:03:47Z,2026-09-03T23:00:00Z,Wake Forest Demon Deacons,Akron Zips,154,2006.0,fanduel,totals,Under,-105.0,47.5
f089e3d943a34a9c4fe1808568b96529,2026-09-02T17:03:47Z,2026-09-03T23:00:00Z,Wake Forest Demon Deacons,Akron Zips,154,2006.0,betmgm,h2h,Akron Zips,1500.0,
f089e3d943a34a9c4fe1808568b96529,2026-09-02T17:03:47Z,2026-09-03T23:00:00Z,Wake Forest Demon Deacons,Akron Zips,154,2006.0,betmgm,h2h,Wake Forest Demon Deacons,-3000.0,
f089e3d943a34a9c4fe1808568b96529,2026-09-02T17:03:47Z,2026-09-03T23:00:00Z,Wake Forest Demon Deacons,Akron Zips,154,2006.0,betmgm,spreads,Akron Zips,-110.0,24.5
f089e3d943a34a9c4fe1808568b96529,2026-09-02T17:03:47Z,2026-09-03T23:00:00Z,Wake Forest Demon Deacons,Akron Zips,154,2006.0,betmgm,spreads,Wake Forest Demon Deacons,-108.0,-24.5
f089e3d943a34a9c4fe1808568b96529,2026-09-02T17:03:47Z,2026-09-03T23:00:00Z,Wake Forest Demon Deacons,Akron Zips,154,2006.0,betmgm,totals,Over,-105.0,48.5
f089e3d943a34a9c4fe1808568b96529,2026-09-02T17:03:47Z,2026-09-03T23:00:00Z,Wake Forest Demon Deacons,Akron Zips,154,2006.0,betmgm,totals,Under,-115.0,48.5
f089e3d943a34a9c4fe1808568b96529,2026-09-02T17:03:47Z,2026-09-03T23:00:00Z,Wake Forest Demon Deacons,Akron Zips,154,2006.0,betrivers,h2h,Akron Zips,1400.0,
f089e3d943a34a9c4fe1808568b96529,2026-09-02T17:03:47Z,2026-09-03T23:00:00Z,Wake Forest Demon Deacons,Akron Zips,154,2006.0,betrivers,h2h,Wake Forest Demon Deacons,-10000.0,
f089e3d943a34a9c4fe1808568b96529,2026-09-02T17:03:47Z,2026-09-03T23:00:00Z,Wake Forest Demon Deacons,Akron Zips,154,2006.0,betrivers,spreads,Akron Zips,-112.0,24.0
f089e3d943a34a9c4fe1808568b96529,2026-09-02T17:03:47Z,2026-09-03T23:00:00Z,Wake Forest Demon Deacons,Akron Zips,154,2006.0,betrivers,spreads,Wake Forest Demon Deacons,-112.0,-24.0
f089e3d943a34a9c4fe1808568b96529,2026-09-02T17:03:47Z,2026-09-03T23:00:00Z,Wake Forest Demon Deacons,Akron Zips,154,2006.0,betrivers,totals,Over,-108.0,48.0
f089e3d943a34a9c4fe1808568b96529,2026-09-02T17:03:47Z,2026-09-03T23:00:00Z,Wake Forest Demon Deacons,Akron Zips,154,2006.0,betrivers,totals,Under,-115.0,48.0
f089e3d943a34a9c4fe1808568b96529,2026-09-02T17:03:47Z,2026-09-03T23:00:00Z,Wake Forest Demon Deacons,Akron Zips,154,2006.0,mybookieag,h2h,Akron Zips,1130.0,
f089e3d943a34a9c4fe1808568b96529,2026-09-02T17:03:47Z,2026-09-03T23:00:00Z,Wake Forest Demon Deacons,Akron Zips,154,2006.0,mybookieag,h2h,Wake Forest Demon Deacons,-3366.0,
f089e3d943a34a9c4fe1808568b96529,2026-09-02T17:03:47Z,2026-09-03T23:00:00Z,Wake Forest Demon Deacons,Akron Zips,154,2006.0,mybookieag,spreads,Akron Zips,-110.0,24.5
f089e3d943a34a9c4fe1808568b96529,2026-09-02T17:03:47Z,2026-09-03T23:00:00Z,Wake Forest Demon Deacons,Akron Zips,154,2006.0,mybookieag,spreads,Wake Forest Demon Deacons,-110.0,-24.5
f089e3d943a34a9c4fe1808568b96529,2026-09-02T17:03:47Z,2026-09-03T23:00:00Z,Wake Forest Demon Deacons,Akron Zips,154,2006.0,mybookieag,totals,Over,-110.0,48.5
f089e3d943a34a9c4fe1808568b96529,2026-09-02T17:03:47Z,2026-09-03T23:00:00Z,Wake Forest Demon Deacons,Akron Zips,154,2006.0,mybookieag,totals,Under,-110.0,48.5
2f02052c3228ed6d9dc2e8ff8cdf5cdd,2026-09-02T17:03:47Z,2026-09-03T23:00:00Z,Buffalo Bulls,Albany,2084,,fanduel,h2h,Albany,890.0,
2f02052c3228ed6d9dc2e8ff8cdf5cdd,2026-09-02T17:03:47Z,2026-09-03T23:00:00Z,Buffalo Bulls,Albany,2084,,fanduel,h2h,Buffalo Bulls,-1700.0,
2f02052c3228ed6d9dc2e8ff8cdf5cdd,2026-09-02T17:03:47Z,2026-09-03T23:00:00Z,Buffalo Bulls,Albany,2084,,fanduel,spreads,Albany,-108.0,18.5
2f02052c3228ed6d9dc2e8ff8cdf5cdd,2026-09-02T17:03:47Z,2026-09-03T23:00:00Z,Buffalo Bulls,Albany,2084,,fanduel,spreads,Buffalo Bulls,-112.0,-18.5
2f02052c3228ed6d9dc2e8ff8cdf5cdd,2026-09-02T17:03:47Z,2026-09-03T23:00:00Z,Buffalo Bulls,Albany,2084,,fanduel,totals,Over,-110.0,48.5
2f02052c3228ed6d9dc2e8ff8cdf5cdd,2026-09-02T17:03:47Z,2026-09-03T23:00:00Z,Buffalo Bulls,Albany,2084,,fanduel,totals,Under,-110.0,48.5
2f02052c3228ed6d9dc2e8ff8cdf5cdd,2026-09-02T17:03:47Z,2026-09-03T23:00:00Z,Buffalo Bulls,Albany,2084,,draftkings,h2h,Albany,750.0,
2f02052c3228ed6d9dc2e8ff8cdf5cdd,2026-09-02T17:03:47Z,2026-09-03T23:00:00Z,Buffalo Bulls,Albany,2084,,draftkings,h2h,Buffalo Bulls,-1200.0,
2f02052c3228ed6d9dc2e8ff8cdf5cdd,2026-09-02T17:03:47Z,2026-09-03T23:00:00Z,Buffalo Bulls,Albany,2084,,draftkings,spreads,Albany,-108.0,18.5
2f02052c3228ed6d9dc2e8ff8cdf5cdd,2026-09-02T17:03:47Z,2026-09-03T23:00:00Z,Buffalo Bulls,Albany,2084,,draftkings,spreads,Buffalo Bulls,-112.0,-18.5
2f02052c3228ed6d9dc2e8ff8cdf5cdd,2026-09-02T17:03:47Z,2026-09-03T23:00:00Z,Buffalo Bulls,Albany,2084,,draftkings,totals,Over,-108.0,48.5
2f02052c3228ed6d9dc2e8ff8cdf5cdd,2026-09-02T17:03:47Z,2026-09-03T23:00:00Z,Buffalo Bulls,Albany,2084,,draftkings,totals,Under,-112.0,48.5
2f02052c3228ed6d9dc2e8ff8cdf5cdd,2026-09-02T17:03:47Z,2026-09-03T23:00:00Z,Buffalo Bulls,Albany,2084,,betrivers,h2h,Albany,850.0,
2f02052c3228ed6d9dc2e8ff8cdf5cdd,2026-09-02T17:03:47Z,2026-09-03T23:00:00Z,Buffalo Bulls,Albany,2084,,betrivers,h2h,Buffalo Bulls,-2000.0,
2f02052c3228ed6d9dc2e8ff8cdf5cdd,2026-09-02T17:03:47Z,2026-09-03T23:00:00Z,Buffalo Bulls,Albany,2084,,betrivers,spreads,Albany,-112.0,18.5
2f02052c3228ed6d9dc2e8ff8cdf5cdd,2026-09-02T17:03:47Z,2026-09-03T23:00:00Z,Buffalo Bulls,Albany,2084,,betrivers,spreads,Buffalo Bulls,-112.0,-18.5
2f02052c3228ed6d9dc2e8ff8cdf5cdd,2026-09-02T17:03:47Z,2026-09-03T23:00:00Z,Buffalo Bulls,Albany,2084,,betrivers,totals,Over,-113.0,48.0
2f02052c3228ed6d9dc2e8ff8cdf5cdd,2026-09-02T17:03:47Z,2026-09-03T23:00:00Z,Buffalo Bulls,Albany,2084,,betrivers,totals,Under,-110.0,48.0
2f02052c3228ed6d9dc2e8ff8cdf5cdd,2026-09-02T17:03:47Z,2026-09-03T23:00:00Z,Buffalo Bulls,Albany,2084,,lowvig,spreads,Albany,-125.0,20.5
2f02052c3228ed6d9dc2e8ff8cdf5cdd,2026-09-02T17:03:47Z,2026-09-03T23:00:00Z,Buffalo Bulls,Albany,2084,,lowvig,spreads,Buffalo Bulls,-105.0,-20.5
2f02052c3228ed6d9dc2e8ff8cdf5cdd,2026-09-02T17:03:47Z,2026-09-03T23:00:00Z,Buffalo Bulls,Albany,2084,,lowvig,totals,Over,-115.0,47.5
2f02052c3228ed6d9dc2e8ff8cdf5cdd,2026-09-02T17:03:47Z,2026-09-03T23:00:00Z,Buffalo Bulls,Albany,2084,,lowvig,totals,Under,-115.0,47.5
2f02052c3228ed6d9dc2e8ff8cdf5cdd,2026-09-02T17:03:47Z,2026-09-03T23:00:00Z,Buffalo Bulls,Albany,2084,,betonlineag,spreads,Albany,-125.0,20.5
2f02052c3228ed6d9dc2e8ff8cdf5cdd,2026-09-02T17:03:47Z,2026-09-03T23:00:00Z,Buffalo Bulls,Albany,2084,,betonlineag,spreads,Buffalo Bulls,-105.0,-20.5
2f02052c3228ed6d9dc2e8ff8cdf5cdd,2026-09-02T17:03:47Z,2026-09-03T23:00:00Z,Buffalo Bulls,Albany,2084,,betonlineag,totals,Over,-115.0,47.5
2f02052c3228ed6d9dc2e8ff8cdf5cdd,2026-09-02T17:03:47Z,2026-09-03T23:00:00Z,Buffalo Bulls,Albany,2084,,betonlineag,totals,Under,-115.0,47.5
2f02052c3228ed6d9dc2e8ff8cdf5cdd,2026-09-02T17:03:47Z,2026-09-03T23:00:00Z,Buffalo Bulls,Albany,2084,,betmgm,h2h,Albany,900.0,
2f02052c3228ed6d9dc2e8ff8cdf5cdd,2026-09-02T17:03:47Z,2026-09-03T23:00:00Z,Buffalo Bulls,Albany,2084,,betmgm,h2h,Buffalo Bulls,-1400.0,
2f02052c3228ed6d9dc2e8ff8cdf5cdd,2026-09-02T17:03:47Z,2026-09-03T23:00:00Z,Buffalo Bulls,Albany,2084,,betmgm,spreads,Albany,-108.0,19.0
2f02052c3228ed6d9dc2e8ff8cdf5cdd,2026-09-02T17:03:47Z,2026-09-03T23:00:00Z,Buffalo Bulls,Albany,2084,,betmgm,spreads,Buffalo Bulls,-110.0,-19.0
2f02052c3228ed6d9dc2e8ff8cdf5cdd,2026-09-02T17:03:47Z,2026-09-03T23:00:00Z,Buffalo Bulls,Albany,2084,,betmgm,totals,Over,-102.0,48.5
2f02052c3228ed6d9dc2e8ff8cdf5cdd,2026-09-02T17:03:47Z,2026-09-03T23:00:00Z,Buffalo Bulls,Albany,2084,,betmgm,totals,Under,-118.0,48.5
d9f49d1967af91e2aade42979e8c65c8,2026-09-02T17:03:47Z,2026-09-03T23:00:00Z,UCF Knights,Bethune-Cookman Wildcats,2116,,fanduel,spreads,Bethune-Cookman Wildcats,-110.0,42.5
d9f49d1967af91e2aade42979e8c65c8,2026-09-02T17:03:47Z,2026-09-03T23:00:00Z,UCF Knights,Bethune-Cookman Wildcats,2116,,fanduel,spreads,UCF Knights,-110.0,-42.5
d9f49d1967af91e2aade42979e8c65c8,2026-09-02T17:03:47Z,2026-09-03T23:00:00Z,UCF Knights,Bethune-Cookman Wildcats,2116,,fanduel,totals,Over,-114.0,58.5
d9f49d1967af91e2aade42979e8c65c8,2026-09-02T17:03:47Z,2026-09-03T23:00:00Z,UCF Knights,Bethune-Cookman Wildcats,2116,,fanduel,totals,Under,-106.0,58.5
d9f49d1967af91e2aade42979e8c65c8,2026-09-02T17:03:47Z,2026-09-03T23:00:00Z,UCF Knights,Bethune-Cookman Wildcats,2116,,draftkings,spreads,Bethune-Cookman Wildcats,-108.0,42.5
d9f49d1967af91e2aade42979e8c65c8,2026-09-02T17:03:47Z,2026-09-03T23:00:00Z,UCF Knights,Bethune-Cookman Wildcats,2116,,draftkings,spreads,UCF Knights,-112.0,-42.5
d9f49d1967af91e2aade42979e8c65c8,2026-09-02T17:03:47Z,2026-09-03T23:00:00Z,UCF Knights,Bethune-Cookman Wildcats,2116,,draftkings,totals,Over,-118.0,58.5
d9f49d1967af91e2aade42979e8c65c8,2026-09-02T17:03:47Z,2026-09-03T23:00:00Z,UCF Knights,Bethune-Cookman Wildcats,2116,,draftkings,totals,Under,-102.0,58.5
d9f49d1967af91e2aade42979e8c65c8,2026-09-02T17:03:47Z,2026-09-03T23:00:00Z,UCF Knights,Bethune-Cookman Wildcats,2116,,betrivers,spreads,Bethune-Cookman Wildcats,-110.0,42.5
d9f49d1967af91e2aade42979e8c65c8,2026-09-02T17:03:47Z,2026-09-03T23:00:00Z,UCF Knights,Bethune-Cookman Wildcats,2116,,betrivers,spreads,UCF Knights,-113.0,-42.5
d9f49d1967af91e2aade42979e8c65c8,2026-09-02T17:03:47Z,2026-09-03T23:00:00Z,UCF Knights,Bethune-Cookman Wildcats,2116,,betrivers,totals,Over,-109.0,59.0
d9f49d1967af91e2aade42979e8c65c8,2026-09-02T17:03:47Z,2026-09-03T23:00:00Z,UCF Knights,Bethune-Cookman Wildcats,2116,,betrivers,totals,Under,-114.0,59.0
d9f49d1967af91e2aade42979e8c65c8,2026-09-02T17:03:47Z,2026-09-03T23:00:00Z,UCF Knights,Bethune-Cookman Wildcats,2116,,lowvig,spreads,Bethune-Cookman Wildcats,-115.0,42.5
d9f49d1967af91e2aade42979e8c65c8,2026-09-02T17:03:47Z,2026-09-03T23:00:00Z,UCF Knights,Bethune-Cookman Wildcats,2116,,lowvig,spreads,UCF Knights,-115.0,-42.5
d9f49d1967af91e2aade42979e8c65c8,2026-09-02T17:03:47Z,2026-09-03T23:00:00Z,UCF Knights,Bethune-Cookman Wildcats,2116,,lowvig,totals,Over,-105.0,59.0
d9f49d1967af91e2aade42979e8c65c8,2026-09-02T17:03:47Z,2026-09-03T23:00:00Z,UCF Knights,Bethune-Cookman Wildcats,2116,,lowvig,totals,Under,-125.0,59.0
d9f49d1967af91e2aade42979e8c65c8,2026-09-02T17:03:47Z,2026-09-03T23:00:00Z,UCF Knights,Bethune-Cookman Wildcats,2116,,betonlineag,spreads,Bethune-Cookman Wildcats,-115.0,42.5
d9f49d1967af91e2aade42979e8c65c8,2026-09-02T17:03:47Z,2026-09-03T23:00:00Z,UCF Knights,Bethune-Cookman Wildcats,2116,,betonlineag,spreads,UCF Knights,-115.0,-42.5
d9f49d1967af91e2aade42979e8c65c8,2026-09-02T17:03:47Z,2026-09-03T23:00:00Z,UCF Knights,Bethune-Cookman Wildcats,2116,,betonlineag,totals,Over,-105.0,59.0
d9f49d1967af91e2aade42979e8c65c8,2026-09-02T17:03:47Z,2026-09-03T23:00:00Z,UCF Knights,Bethune-Cookman Wildcats,2116,,betonlineag,totals,Under,-125.0,59.0
d9f49d1967af91e2aade42979e8c65c8,2026-09-02T17:03:47Z,2026-09-03T23:00:00Z,UCF Knights,Bethune-Cookman Wildcats,2116,,betmgm,spreads,Bethune-Cookman Wildcats,-110.0,42.5
d9f49d1967af91e2aade42979e8c65c8,2026-09-02T17:03:47Z,2026-09-03T23:00:00Z,UCF Knights,Bethune-Cookman Wildcats,2116,,betmgm,spreads,UCF Knights,-108.0,-42.5
d9f49d1967af91e2aade42979e8c65c8,2026-09-02T17:03:47Z,2026-09-03T23:00:00Z,UCF Knights,Bethune-Cookman Wildcats,2116,,betmgm,totals,Over,-112.0,58.5
d9f49d1967af91e2aade42979e8c65c8,2026-09-02T17:03:47Z,2026-09-03T23:00:00Z,UCF Knights,Bethune-Cookman Wildcats,2116,,betmgm,totals,Under,-105.0,58.5
99279326548a5f5399cc9a2efe27a057,2026-09-02T17:03:47Z,2026-09-03T23:00:00Z,Delaware Blue Hens,Merrimack Warriors,48,,fanduel,h2h,Delaware Blue Hens,-10000.0,
99279326548a5f5399cc9a2efe27a057,2026-09-02T17:03:47Z,2026-09-03T23:00:00Z,Delaware Blue Hens,Merrimack Warriors,48,,fanduel,h2h,Merrimack Warriors,2400.0,
99279326548a5f5399cc9a2efe27a057,2026-09-02T17:03:47Z,2026-09-03T23:00:00Z,Delaware Blue Hens,Merrimack Warriors,48,,fanduel,spreads,Delaware Blue Hens,-115.0,-28.5
99279326548a5f5399cc9a2efe27a057,2026-09-02T17:03:47Z,2026-09-03T23:00:00Z,Delaware Blue Hens,Merrimack Warriors,48,,fanduel,spreads,Merrimack Warriors,-105.0,28.5
99279326548a5f5399cc9a2efe27a057,2026-09-02T17:03:47Z,2026-09-03T23:00:00Z,Delaware Blue Hens,Merrimack Warriors,48,,fanduel,totals,Over,-110.0,56.5
99279326548a5f5399cc9a2efe27a057,2026-09-02T17:03:47Z,2026-09-03T23:00:00Z,Delaware Blue Hens,Merrimack Warriors,48,,fanduel,totals,Under,-110.0,56.5
99279326548a5f5399cc9a2efe27a057,2026-09-02T17:03:47Z,2026-09-03T23:00:00Z,Delaware Blue Hens,Merrimack Warriors,48,,betrivers,spreads,Delaware Blue Hens,-110.0,-28.5
99279326548a5f5399cc9a2efe27a057,2026-09-02T17:03:47Z,2026-09-03T23:00:00Z,Delaware Blue Hens,Merrimack Warriors,48,,betrivers,spreads,Merrimack Warriors,-112.0,28.5
99279326548a5f5399cc9a2efe27a057,2026-09-02T17:03:47Z,2026-09-03T23:00:00Z,Delaware Blue Hens,Merrimack Warriors,48,,betrivers,totals,Over,-112.0,56.5
99279326548a5f5399cc9a2efe27a057,2026-09-02T17:03:47Z,2026-09-03T23:00:00Z,Delaware Blue Hens,Merrimack Warriors,48,,betrivers,totals,Under,-112.0,56.5
99279326548a5f5399cc9a2efe27a057,2026-09-02T17:03:47Z,2026-09-03T23:00:00Z,Delaware Blue Hens,Merrimack Warriors,48,,lowvig,spreads,Delaware Blue Hens,-125.0,-28.5
99279326548a5f5399cc9a2efe27a057,2026-09-02T17:03:47Z,2026-09-03T23:00:00Z,Delaware Blue Hens,Merrimack Warriors,48,,lowvig,spreads,Merrimack Warriors,-105.0,28.5
99279326548a5f5399cc9a2efe27a057,2026-09-02T17:03:47Z,2026-09-03T23:00:00Z,Delaware Blue Hens,Merrimack Warriors,48,,lowvig,totals,Over,-115.0,55.5
99279326548a5f5399cc9a2efe27a057,2026-09-02T17:03:47Z,2026-09-03T23:00:00Z,Delaware Blue Hens,Merrimack Warriors,48,,lowvig,totals,Under,-115.0,55.5
99279326548a5f5399cc9a2efe27a057,2026-09-02T17:03:47Z,2026-09-03T23:00:00Z,Delaware Blue Hens,Merrimack Warriors,48,,betonlineag,spreads,Delaware Blue Hens,-125.0,-28.5
99279326548a5f5399cc9a2efe27a057,2026-09-02T17:03:47Z,2026-09-03T23:00:00Z,Delaware Blue Hens,Merrimack Warriors,48,,betonlineag,spreads,Merrimack Warriors,-105.0,28.5
99279326548a5f5399cc9a2efe27a057,2026-09-02T17:03:47Z,2026-09-03T23:00:00Z,Delaware Blue Hens,Merrimack Warriors,48,,betonlineag,totals,Over,-115.0,55.5
99279326548a5f5399cc9a2efe27a057,2026-09-02T17:03:47Z,2026-09-03T23:00:00Z,Delaware Blue Hens,Merrimack Warriors,48,,betonlineag,totals,Under,-115.0,55.5
99279326548a5f5399cc9a2efe27a057,2026-09-02T17:03:47Z,2026-09-03T23:00:00Z,Delaware Blue Hens,Merrimack Warriors,48,,betmgm,h2h,Delaware Blue Hens,-10000.0,
99279326548a5f5399cc9a2efe27a057,2026-09-02T17:03:47Z,2026-09-03T23:00:00Z,Delaware Blue Hens,Merrimack Warriors,48,,betmgm,h2h,Merrimack Warriors,3000.0,
99279326548a5f5399cc9a2efe27a057,2026-09-02T17:03:47Z,2026-09-03T23:00:00Z,Delaware Blue Hens,Merrimack Warriors,48,,betmgm,spreads,Delaware Blue Hens,-108.0,-29.0
99279326548a5f5399cc9a2efe27a057,2026-09-02T17:03:47Z,2026-09-03T23:00:00Z,Delaware Blue Hens,Merrimack Warriors,48,,betmgm,spreads,Merrimack Warriors,-110.0,29.0
99279326548a5f5399cc9a2efe27a057,2026-09-02T17:03:47Z,2026-09-03T23:00:00Z,Delaware Blue Hens,Merrimack Warriors,48,,betmgm,totals,Over,-112.0,55.5
99279326548a5f5399cc9a2efe27a057,2026-09-02T17:03:47Z,2026-09-03T23:00:00Z,Delaware Blue Hens,Merrimack Warriors,48,,betmgm,totals,Under,-105.0,55.5
018e668269a3b5dc4055758ca86b1062,2026-09-02T17:03:47Z,2026-09-03T23:00:00Z,Kennesaw State Owls,West Georgia Wolves,338,,fanduel,h2h,Kennesaw State Owls,-2800.0,
018e668269a3b5dc4055758ca86b1062,2026-09-02T17:03:47Z,2026-09-03T23:00:00Z,Kennesaw State Owls,West Georgia Wolves,338,,fanduel,h2h,West Georgia Wolves,1160.0,
018e668269a3b5dc4055758ca86b1062,2026-09-02T17:03:47Z,2026-09-03T23:00:00Z,Kennesaw State Owls,West Georgia Wolves,338,,fanduel,spreads,Kennesaw State Owls,-114.0,-21.5
018e668269a3b5dc4055758ca86b1062,2026-09-02T17:03:47Z,2026-09-03T23:00:00Z,Kennesaw State Owls,West Georgia Wolves,338,,fanduel,spreads,West Georgia Wolves,-106.0,21.5
018e668269a3b5dc4055758ca86b1062,2026-09-02T17:03:47Z,2026-09-03T23:00:00Z,Kennesaw State Owls,West Georgia Wolves,338,,fanduel,totals,Over,-114.0,51.5
018e668269a3b5dc4055758ca86b1062,2026-09-02T17:03:47Z,2026-09-03T23:00:00Z,Kennesaw State Owls,West Georgia Wolves,338,,fanduel,totals,Under,-106.0,51.5
018e668269a3b5dc4055758ca86b1062,2026-09-02T17:03:47Z,2026-09-03T23:00:00Z,Kennesaw State Owls,West Georgia Wolves,338,,draftkings,h2h,Kennesaw State Owls,-4000.0,
018e668269a3b5dc4055758ca86b1062,2026-09-02T17:03:47Z,2026-09-03T23:00:00Z,Kennesaw State Owls,West Georgia Wolves,338,,draftkings,h2h,West Georgia Wolves,1600.0,
018e668269a3b5dc4055758ca86b1062,2026-09-02T17:03:47Z,2026-09-03T23:00:00Z,Kennesaw State Owls,West Georgia Wolves,338,,draftkings,spreads,Kennesaw State Owls,-115.0,-23.5
018e668269a3b5dc4055758ca86b1062,2026-09-02T17:03:47Z,2026-09-03T23:00:00Z,Kennesaw State Owls,West Georgia Wolves,338,,draftkings,spreads,West Georgia Wolves,-105.0,23.5
018e668269a3b5dc4055758ca86b1062,2026-09-02T17:03:47Z,2026-09-03T23:00:00Z,Kennesaw State Owls,West Georgia Wolves,338,,draftkings,totals,Over,-115.0,51.5
018e668269a3b5dc4055758ca86b1062,2026-09-02T17:03:47Z,2026-09-03T23:00:00Z,Kennesaw State Owls,West Georgia Wolves,338,,draftkings,totals,Under,-105.0,51.5
018e668269a3b5dc4055758ca86b1062,2026-09-02T17:03:47Z,2026-09-03T23:00:00Z,Kennesaw State Owls,West Georgia Wolves,338,,betrivers,spreads,Kennesaw State Owls,-114.0,-22.0
018e668269a3b5dc4055758ca86b1062,2026-09-02T17:03:47Z,2026-09-03T23:00:00Z,Kennesaw State Owls,West Georgia Wolves,338,,betrivers,spreads,West Georgia Wolves,-109.0,22.0
018e668269a3b5dc4055758ca86b1062,2026-09-02T17:03:47Z,2026-09-03T23:00:00Z,Kennesaw State Owls,West Georgia Wolves,338,,betrivers,totals,Over,-109.0,51.5
018e668269a3b5dc4055758ca86b1062,2026-09-02T17:03:47Z,2026-09-03T23:00:00Z,Kennesaw State Owls,West Georgia Wolves,338,,betrivers,totals,Under,-114.0,51.5
018e668269a3b5dc4055758ca86b1062,2026-09-02T17:03:47Z,2026-09-03T23:00:00Z,Kennesaw State Owls,West Georgia Wolves,338,,lowvig,spreads,Kennesaw State Owls,-110.0,-21.0
018e668269a3b5dc4055758ca86b1062,2026-09-02T17:03:47Z,2026-09-03T23:00:00Z,Kennesaw State Owls,West Georgia Wolves,338,,lowvig,spreads,West Georgia Wolves,-120.0,21.0
018e668269a3b5dc4055758ca86b1062,2026-09-02T17:03:47Z,2026-09-03T23:00:00Z,Kennesaw State Owls,West Georgia Wolves,338,,lowvig,totals,Over,-115.0,51.5
018e668269a3b5dc4055758ca86b1062,2026-09-02T17:03:47Z,2026-09-03T23:00:00Z,Kennesaw State Owls,West Georgia Wolves,338,,lowvig,totals,Under,-115.0,51.5
018e668269a3b5dc4055758ca86b1062,2026-09-02T17:03:47Z,2026-09-03T23:00:00Z,Kennesaw State Owls,West Georgia Wolves,338,,betonlineag,spreads,Kennesaw State Owls,-110.0,-21.0
018e668269a3b5dc4055758ca86b1062,2026-09-02T17:03:47Z,2026-09-03T23:00:00Z,Kennesaw State Owls,West Georgia Wolves,338,,betonlineag,spreads,West Georgia Wolves,-120.0,21.0
018e668269a3b5dc4055758ca86b1062,2026-09-02T17:03:47Z,2026-09-03T23:00:00Z,Kennesaw State Owls,West Georgia Wolves,338,,betonlineag,totals,Over,-115.0,51.5
018e668269a3b5dc4055758ca86b1062,2026-09-02T17:03:47Z,2026-09-03T23:00:00Z,Kennesaw State Owls,West Georgia Wolves,338,,betonlineag,totals,Under,-115.0,51.5
018e668269a3b5dc4055758ca86b1062,2026-09-02T17:03:47Z,2026-09-03T23:00:00Z,Kennesaw State Owls,West Georgia Wolves,338,,betmgm,h2h,Kennesaw State Owls,-2500.0,
018e668269a3b5dc4055758ca86b1062,2026-09-02T17:03:47Z,2026-09-03T23:00:00Z,Kennesaw State Owls,West Georgia Wolves,338,,betmgm,h2h,West Georgia Wolves,1450.0,
018e668269a3b5dc4055758ca86b1062,2026-09-02T17:03:47Z,2026-09-03T23:00:00Z,Kennesaw State Owls,West Georgia Wolves,338,,betmgm,spreads,Kennesaw State Owls,-108.0,-22.5
018e668269a3b5dc4055758ca86b1062,2026-09-02T17:03:47Z,2026-09-03T23:00:00Z,Kennesaw State Owls,West Georgia Wolves,338,,betmgm,spreads,West Georgia Wolves,-110.0,22.5
018e668269a3b5dc4055758ca86b1062,2026-09-02T17:03:47Z,2026-09-03T23:00:00Z,Kennesaw State Owls,West Georgia Wolves,338,,betmgm,totals,Over,-112.0,51.5
018e668269a3b5dc4055758ca86b1062,2026-09-02T17:03:47Z,2026-09-03T23:00:00Z,Kennesaw State Owls,West Georgia Wolves,338,,betmgm,totals,Under,-108.0,51.5
64cf9eedef7f4c7a764860a59f3c4329,2026-09-02T17:03:47Z,2026-09-04T00:00:00Z,Missouri Tigers,Arkansas Pine Bluff Golden Lions,142,,fanduel,spreads,Arkansas Pine Bluff Golden Lions,-115.0,54.5
64cf9eedef7f4c7a764860a59f3c4329,2026-09-02T17:03:47Z,2026-09-04T00:00:00Z,Missouri Tigers,Arkansas Pine Bluff Golden Lions,142,,fanduel,spreads,Missouri Tigers,-105.0,-54.5
64cf9eedef7f4c7a764860a59f3c4329,2026-09-02T17:03:47Z,2026-09-04T00:00:00Z,Missouri Tigers,Arkansas Pine Bluff Golden Lions,142,,fanduel,totals,Over,-115.0,60.5
64cf9eedef7f4c7a764860a59f3c4329,2026-09-02T17:03:47Z,2026-09-04T00:00:00Z,Missouri Tigers,Arkansas Pine Bluff Golden Lions,142,,fanduel,totals,Under,-105.0,60.5
64cf9eedef7f4c7a764860a59f3c4329,2026-09-02T17:03:47Z,2026-09-04T00:00:00Z,Missouri Tigers,Arkansas Pine Bluff Golden Lions,142,,draftkings,spreads,Arkansas Pine Bluff Golden Lions,-110.0,54.5
64cf9eedef7f4c7a764860a59f3c4329,2026-09-02T17:03:47Z,2026-09-04T00:00:00Z,Missouri Tigers,Arkansas Pine Bluff Golden Lions,142,,draftkings,spreads,Missouri Tigers,-110.0,-54.5
64cf9eedef7f4c7a764860a59f3c4329,2026-09-02T17:03:47Z,2026-09-04T00:00:00Z,Missouri Tigers,Arkansas Pine Bluff Golden Lions,142,,draftkings,totals,Over,-108.0,61.5
64cf9eedef7f4c7a764860a59f3c4329,2026-09-02T17:03:47Z,2026-09-04T00:00:00Z,Missouri Tigers,Arkansas Pine Bluff Golden Lions,142,,draftkings,totals,Under,-112.0,61.5
64cf9eedef7f4c7a764860a59f3c4329,2026-09-02T17:03:47Z,2026-09-04T00:00:00Z,Missouri Tigers,Arkansas Pine Bluff Golden Lions,142,,betrivers,spreads,Arkansas Pine Bluff Golden Lions,-110.0,54.5
64cf9eedef7f4c7a764860a59f3c4329,2026-09-02T17:03:47Z,2026-09-04T00:00:00Z,Missouri Tigers,Arkansas Pine Bluff Golden Lions,142,,betrivers,spreads,Missouri Tigers,-113.0,-54.5
64cf9eedef7f4c7a764860a59f3c4329,2026-09-02T17:03:47Z,2026-09-04T00:00:00Z,Missouri Tigers,Arkansas Pine Bluff Golden Lions,142,,betrivers,totals,Over,-112.0,61.0
64cf9eedef7f4c7a764860a59f3c4329,2026-09-02T17:03:47Z,2026-09-04T00:00:00Z,Missouri Tigers,Arkansas Pine Bluff Golden Lions,142,,betrivers,totals,Under,-112.0,61.0
64cf9eedef7f4c7a764860a59f3c4329,2026-09-02T17:03:47Z,2026-09-04T00:00:00Z,Missouri Tigers,Arkansas Pine Bluff Golden Lions,142,,lowvig,spreads,Arkansas Pine Bluff Golden Lions,-115.0,55.0
64cf9eedef7f4c7a764860a59f3c4329,2026-09-02T17:03:47Z,2026-09-04T00:00:00Z,Missouri Tigers,Arkansas Pine Bluff Golden Lions,142,,lowvig,spreads,Missouri Tigers,-115.0,-55.0
64cf9eedef7f4c7a764860a59f3c4329,2026-09-02T17:03:47Z,2026-09-04T00:00:00Z,Missouri Tigers,Arkansas Pine Bluff Golden Lions,142,,lowvig,totals,Over,-125.0,61.5
64cf9eedef7f4c7a764860a59f3c4329,2026-09-02T17:03:47Z,2026-09-04T00:00:00Z,Missouri Tigers,Arkansas Pine Bluff Golden Lions,142,,lowvig,totals,Under,-105.0,61.5
64cf9eedef7f4c7a764860a59f3c4329,2026-09-02T17:03:47Z,2026-09-04T00:00:00Z,Missouri Tigers,Arkansas Pine Bluff Golden Lions,142,,betonlineag,spreads,Arkansas Pine Bluff Golden Lions,-115.0,55.0
64cf9eedef7f4c7a764860a59f3c4329,2026-09-02T17:03:47Z,2026-09-04T00:00:00Z,Missouri Tigers,Arkansas Pine Bluff Golden Lions,142,,betonlineag,spreads,Missouri Tigers,-115.0,-55.0
64cf9eedef7f4c7a764860a59f3c4329,2026-09-02T17:03:47Z,2026-09-04T00:00:00Z,Missouri Tigers,Arkansas Pine Bluff Golden Lions,142,,betonlineag,totals,Over,-125.0,61.5
64cf9eedef7f4c7a764860a59f3c4329,2026-09-02T17:03:47Z,2026-09-04T00:00:00Z,Missouri Tigers,Arkansas Pine Bluff Golden Lions,142,,betonlineag,totals,Under,-105.0,61.5
64cf9eedef7f4c7a764860a59f3c4329,2026-09-02T17:03:47Z,2026-09-04T00:00:00Z,Missouri Tigers,Arkansas Pine Bluff Golden Lions,142,,betmgm,spreads,Arkansas Pine Bluff Golden Lions,-110.0,54.5
64cf9eedef7f4c7a764860a59f3c4329,2026-09-02T17:03:47Z,2026-09-04T00:00:00Z,Missouri Tigers,Arkansas Pine Bluff Golden Lions,142,,betmgm,spreads,Missouri Tigers,-108.0,-54.5
64cf9eedef7f4c7a764860a59f3c4329,2026-09-02T17:03:47Z,2026-09-04T00:00:00Z,Missouri Tigers,Arkansas Pine Bluff Golden Lions,142,,betmgm,totals,Over,-110.0,61.5
64cf9eedef7f4c7a764860a59f3c4329,2026-09-02T17:03:47Z,2026-09-04T00:00:00Z,Missouri Tigers,Arkansas Pine Bluff Golden Lions,142,,betmgm,totals,Under,-108.0,61.5
1d6daad1c93bf7e5ae16be1db12e27d5,2026-09-02T17:03:47Z,2026-09-04T00:00:00Z,Georgia Tech Yellow Jackets,Colorado Buffaloes,59,38.0,draftkings,h2h,Colorado Buffaloes,205.0,
1d6daad1c93bf7e5ae16be1db12e27d5,2026-09-02T17:03:47Z,2026-09-04T00:00:00Z,Georgia Tech Yellow Jackets,Colorado Buffaloes,59,38.0,draftkings,h2h,Georgia Tech Yellow Jackets,-250.0,
1d6daad1c93bf7e5ae16be1db12e27d5,2026-09-02T17:03:47Z,2026-09-04T00:00:00Z,Georgia Tech Yellow Jackets,Colorado Buffaloes,59,38.0,draftkings,spreads,Colorado Buffaloes,-105.0,6.5
1d6daad1c93bf7e5ae16be1db12e27d5,2026-09-02T17:03:47Z,2026-09-04T00:00:00Z,Georgia Tech Yellow Jackets,Colorado Buffaloes,59,38.0,draftkings,spreads,Georgia Tech Yellow Jackets,-115.0,-6.5
1d6daad1c93bf7e5ae16be1db12e27d5,2026-09-02T17:03:47Z,2026-09-04T00:00:00Z,Georgia Tech Yellow Jackets,Colorado Buffaloes,59,38.0,draftkings,totals,Over,-102.0,51.5
1d6daad1c93bf7e5ae16be1db12e27d5,2026-09-02T17:03:47Z,2026-09-04T00:00:00Z,Georgia Tech Yellow Jackets,Colorado Buffaloes,59,38.0,draftkings,totals,Under,-118.0,51.5
1d6daad1c93bf7e5ae16be1db12e27d5,2026-09-02T17:03:47Z,2026-09-04T00:00:00Z,Georgia Tech Yellow Jackets,Colorado Buffaloes,59,38.0,betonlineag,h2h,Colorado Buffaloes,192.0,
1d6daad1c93bf7e5ae16be1db12e27d5,2026-09-02T17:03:47Z,2026-09-04T00:00:00Z,Georgia Tech Yellow Jackets,Colorado Buffaloes,59,38.0,betonlineag,h2h,Georgia Tech Yellow Jackets,-230.0,
1d6daad1c93bf7e5ae16be1db12e27d5,2026-09-02T17:03:47Z,2026-09-04T00:00:00Z,Georgia Tech Yellow Jackets,Colorado Buffaloes,59,38.0,betonlineag,spreads,Colorado Buffaloes,-107.0,6.5
1d6daad1c93bf7e5ae16be1db12e27d5,2026-09-02T17:03:47Z,2026-09-04T00:00:00Z,Georgia Tech Yellow Jackets,Colorado Buffaloes,59,38.0,betonlineag,spreads,Georgia Tech Yellow Jackets,-113.0,-6.5
1d6daad1c93bf7e5ae16be1db12e27d5,2026-09-02T17:03:47Z,2026-09-04T00:00:00Z,Georgia Tech Yellow Jackets,Colorado Buffaloes,59,38.0,betonlineag,totals,Over,-105.0,51.0
1d6daad1c93bf7e5ae16be1db12e27d5,2026-09-02T17:03:47Z,2026-09-04T00:00:00Z,Georgia Tech Yellow Jackets,Colorado Buffaloes,59,38.0,betonlineag,totals,Under,-115.0,51.0
1d6daad1c93bf7e5ae16be1db12e27d5,2026-09-02T17:03:47Z,2026-09-04T00:00:00Z,Georgia Tech Yellow Jackets,Colorado Buffaloes,59,38.0,lowvig,h2h,Colorado Buffaloes,192.0,
1d6daad1c93bf7e5ae16be1db12e27d5,2026-09-02T17:03:47Z,2026-09-04T00:00:00Z,Georgia Tech Yellow Jackets,Colorado Buffaloes,59,38.0,lowvig,h2h,Georgia Tech Yellow Jackets,-230.0,
1d6daad1c93bf7e5ae16be1db12e27d5,2026-09-02T17:03:47Z,2026-09-04T00:00:00Z,Georgia Tech Yellow Jackets,Colorado Buffaloes,59,38.0,lowvig,spreads,Colorado Buffaloes,-103.0,6.5
1d6daad1c93bf7e5ae16be1db12e27d5,2026-09-02T17:03:47Z,2026-09-04T00:00:00Z,Georgia Tech Yellow Jackets,Colorado Buffaloes,59,38.0,lowvig,spreads,Georgia Tech Yellow Jackets,-109.0,-6.5
1d6daad1c93bf7e5ae16be1db12e27d5,2026-09-02T17:03:47Z,2026-09-04T00:00:00Z,Georgia Tech Yellow Jackets,Colorado Buffaloes,59,38.0,lowvig,totals,Over,-103.0,51.0
1d6daad1c93bf7e5ae16be1db12e27d5,2026-09-02T17:03:47Z,2026-09-04T00:00:00Z,Georgia Tech Yellow Jackets,Colorado Buffaloes,59,38.0,lowvig,totals,Under,-114.0,51.0
1d6daad1c93bf7e5ae16be1db12e27d5,2026-09-02T17:03:47Z,2026-09-04T00:00:00Z,Georgia Tech Yellow Jackets,Colorado Buffaloes,59,38.0,betus,h2h,Colorado Buffaloes,195.0,
1d6daad1c93bf7e5ae16be1db12e27d5,2026-09-02T17:03:47Z,2026-09-04T00:00:00Z,Georgia Tech Yellow Jackets,Colorado Buffaloes,59,38.0,betus,h2h,Georgia Tech Yellow Jackets,-230.0,
1d6daad1c93bf7e5ae16be1db12e27d5,2026-09-02T17:03:47Z,2026-09-04T00:00:00Z,Georgia Tech Yellow Jackets,Colorado Buffaloes,59,38.0,betus,spreads,Colorado Buffaloes,-105.0,6.5
1d6daad1c93bf7e5ae16be1db12e27d5,2026-09-02T17:03:47Z,2026-09-04T00:00:00Z,Georgia Tech Yellow Jackets,Colorado Buffaloes,59,38.0,betus,spreads,Georgia Tech Yellow Jackets,-115.0,-6.5
1d6daad1c93bf7e5ae16be1db12e27d5,2026-09-02T17:03:47Z,2026-09-04T00:00:00Z,Georgia Tech Yellow Jackets,Colorado Buffaloes,59,38.0,betus,totals,Over,-110.0,50.5
1d6daad1c93bf7e5ae16be1db12e27d5,2026-09-02T17:03:47Z,2026-09-04T00:00:00Z,Georgia Tech Yellow Jackets,Colorado Buffaloes,59,38.0,betus,totals,Under,-110.0,50.5
1d6daad1c93bf7e5ae16be1db12e27d5,2026-09-02T17:03:47Z,2026-09-04T00:00:00Z,Georgia Tech Yellow Jackets,Colorado Buffaloes,59,38.0,bovada,h2h,Colorado Buffaloes,210.0,
1d6daad1c93bf7e5ae16be1db12e27d5,2026-09-02T17:03:47Z,2026-09-04T00:00:00Z,Georgia Tech Yellow Jackets,Colorado Buffaloes,59,38.0,bovada,h2h,Georgia Tech Yellow Jackets,-250.0,
1d6daad1c93bf7e5ae16be1db12e27d5,2026-09-02T17:03:47Z,2026-09-04T00:00:00Z,Georgia Tech Yellow Jackets,Colorado Buffaloes,59,38.0,bovada,spreads,Colorado Buffaloes,-105.0,6.5
1d6daad1c93bf7e5ae16be1db12e27d5,2026-09-02T17:03:47Z,2026-09-04T00:00:00Z,Georgia Tech Yellow Jackets,Colorado Buffaloes,59,38.0,bovada,spreads,Georgia Tech Yellow Jackets,-115.0,-6.5
1d6daad1c93bf7e5ae16be1db12e27d5,2026-09-02T17:03:47Z,2026-09-04T00:00:00Z,Georgia Tech Yellow Jackets,Colorado Buffaloes,59,38.0,bovada,totals,Over,-105.0,51.0
1d6daad1c93bf7e5ae16be1db12e27d5,2026-09-02T17:03:47Z,2026-09-04T00:00:00Z,Georgia Tech Yellow Jackets,Colorado Buffaloes,59,38.0,bovada,totals,Under,-115.0,51.0
1d6daad1c93bf7e5ae16be1db12e27d5,2026-09-02T17:03:47Z,2026-09-04T00:00:00Z,Georgia Tech Yellow Jackets,Colorado Buffaloes,59,38.0,fanduel,h2h,Colorado Buffaloes,205.0,
1d6daad1c93bf7e5ae16be1db12e27d5,2026-09-02T17:03:47Z,2026-09-04T00:00:00Z,Georgia Tech Yellow Jackets,Colorado Buffaloes,59,38.0,fanduel,h2h,Georgia Tech Yellow Jackets,-255.0,
1d6daad1c93bf7e5ae16be1db12e27d5,2026-09-02T17:03:47Z,2026-09-04T00:00:00Z,Georgia Tech Yellow Jackets,Colorado Buffaloes,59,38.0,fanduel,spreads,Colorado Buffaloes,-102.0,6.5
1d6daad1c93bf7e5ae16be1db12e27d5,2026-09-02T17:03:47Z,2026-09-04T00:00:00Z,Georgia Tech Yellow Jackets,Colorado Buffaloes,59,38.0,fanduel,spreads,Georgia Tech Yellow Jackets,-120.0,-6.5
1d6daad1c93bf7e5ae16be1db12e27d5,2026-09-02T17:03:47Z,2026-09-04T00:00:00Z,Georgia Tech Yellow Jackets,Colorado Buffaloes,59,38.0,fanduel,totals,Over,-115.0,50.5
1d6daad1c93bf7e5ae16be1db12e27d5,2026-09-02T17:03:47Z,2026-09-04T00:00:00Z,Georgia Tech Yellow Jackets,Colorado Buffaloes,59,38.0,fanduel,totals,Under,-105.0,50.5
1d6daad1c93bf7e5ae16be1db12e27d5,2026-09-02T17:03:47Z,2026-09-04T00:00:00Z,Georgia Tech Yellow Jackets,Colorado Buffaloes,59,38.0,betmgm,h2h,Colorado Buffaloes,200.0,
1d6daad1c93bf7e5ae16be1db12e27d5,2026-09-02T17:03:47Z,2026-09-04T00:00:00Z,Georgia Tech Yellow Jackets,Colorado Buffaloes,59,38.0,betmgm,h2h,Georgia Tech Yellow Jackets,-235.0,
1d6daad1c93bf7e5ae16be1db12e27d5,2026-09-02T17:03:47Z,2026-09-04T00:00:00Z,Georgia Tech Yellow Jackets,Colorado Buffaloes,59,38.0,betmgm,spreads,Colorado Buffaloes,-108.0,6.5
1d6daad1c93bf7e5ae16be1db12e27d5,2026-09-02T17:03:47Z,2026-09-04T00:00:00Z,Georgia Tech Yellow Jackets,Colorado Buffaloes,59,38.0,betmgm,spreads,Georgia Tech Yellow Jackets,-110.0,-6.5
1d6daad1c93bf7e5ae16be1db12e27d5,2026-09-02T17:03:47Z,2026-09-04T00:00:00Z,Georgia Tech Yellow Jackets,Colorado Buffaloes,59,38.0,betmgm,totals,Over,-115.0,50.5
1d6daad1c93bf7e5ae16be1db12e27d5,2026-09-02T17:03:47Z,2026-09-04T00:00:00Z,Georgia Tech Yellow Jackets,Colorado Buffaloes,59,38.0,betmgm,totals,Under,-105.0,50.5
1d6daad1c93bf7e5ae16be1db12e27d5,2026-09-02T17:03:47Z,2026-09-04T00:00:00Z,Georgia Tech Yellow Jackets,Colorado Buffaloes,59,38.0,betrivers,h2h,Colorado Buffaloes,200.0,
1d6daad1c93bf7e5ae16be1db12e27d5,2026-09-02T17:03:47Z,2026-09-04T00:00:00Z,Georgia Tech Yellow Jackets,Colorado Buffaloes,59,38.0,betrivers,h2h,Georgia Tech Yellow Jackets,-265.0,
1d6daad1c93bf7e5ae16be1db12e27d5,2026-09-02T17:03:47Z,2026-09-04T00:00:00Z,Georgia Tech Yellow Jackets,Colorado Buffaloes,59,38.0,betrivers,spreads,Colorado Buffaloes,-112.0,6.5
1d6daad1c93bf7e5ae16be1db12e27d5,2026-09-02T17:03:47Z,2026-09-04T00:00:00Z,Georgia Tech Yellow Jackets,Colorado Buffaloes,59,38.0,betrivers,spreads,Georgia Tech Yellow Jackets,-112.0,-6.5
1d6daad1c93bf7e5ae16be1db12e27d5,2026-09-02T17:03:47Z,2026-09-04T00:00:00Z,Georgia Tech Yellow Jackets,Colorado Buffaloes,59,38.0,betrivers,totals,Over,-113.0,50.5
1d6daad1c93bf7e5ae16be1db12e27d5,2026-09-02T17:03:47Z,2026-09-04T00:00:00Z,Georgia Tech Yellow Jackets,Colorado Buffaloes,59,38.0,betrivers,totals,Under,-110.0,50.5
1d6daad1c93bf7e5ae16be1db12e27d5,2026-09-02T17:03:47Z,2026-09-04T00:00:00Z,Georgia Tech Yellow Jackets,Colorado Buffaloes,59,38.0,mybookieag,h2h,Colorado Buffaloes,208.0,
1d6daad1c93bf7e5ae16be1db12e27d5,2026-09-02T17:03:47Z,2026-09-04T00:00:00Z,Georgia Tech Yellow Jackets,Colorado Buffaloes,59,38.0,mybookieag,h2h,Georgia Tech Yellow Jackets,-265.0,
1d6daad1c93bf7e5ae16be1db12e27d5,2026-09-02T17:03:47Z,2026-09-04T00:00:00Z,Georgia Tech Yellow Jackets,Colorado Buffaloes,59,38.0,mybookieag,spreads,Colorado Buffaloes,-110.0,6.5
1d6daad1c93bf7e5ae16be1db12e27d5,2026-09-02T17:03:47Z,2026-09-04T00:00:00Z,Georgia Tech Yellow Jackets,Colorado Buffaloes,59,38.0,mybookieag,spreads,Georgia Tech Yellow Jackets,-110.0,-6.5
1d6daad1c93bf7e5ae16be1db12e27d5,2026-09-02T17:03:47Z,2026-09-04T00:00:00Z,Georgia Tech Yellow Jackets,Colorado Buffaloes,59,38.0,mybookieag,totals,Over,-110.0,50.5
1d6daad1c93bf7e5ae16be1db12e27d5,2026-09-02T17:03:47Z,2026-09-04T00:00:00Z,Georgia Tech Yellow Jackets,Colorado Buffaloes,59,38.0,mybookieag,totals,Under,-110.0,50.5
e746bf44bc7bb95a7686770723882d70,2026-09-02T17:03:47Z,2026-09-04T00:00:00Z,Minnesota Golden Gophers,Eastern Illinois Panthers,135,,fanduel,spreads,Eastern Illinois Panthers,-112.0,42.5
e746bf44bc7bb95a7686770723882d70,2026-09-02T17:03:47Z,2026-09-04T00:00:00Z,Minnesota Golden Gophers,Eastern Illinois Panthers,135,,fanduel,spreads,Minnesota Golden Gophers,-108.0,-42.5
e746bf44bc7bb95a7686770723882d70,2026-09-02T17:03:47Z,2026-09-04T00:00:00Z,Minnesota Golden Gophers,Eastern Illinois Panthers,135,,fanduel,totals,Over,-105.0,51.5
e746bf44bc7bb95a7686770723882d70,2026-09-02T17:03:47Z,2026-09-04T00:00:00Z,Minnesota Golden Gophers,Eastern Illinois Panthers,135,,fanduel,totals,Under,-115.0,51.5
e746bf44bc7bb95a7686770723882d70,2026-09-02T17:03:47Z,2026-09-04T00:00:00Z,Minnesota Golden Gophers,Eastern Illinois Panthers,135,,draftkings,spreads,Eastern Illinois Panthers,-110.0,42.5
e746bf44bc7bb95a7686770723882d70,2026-09-02T17:03:47Z,2026-09-04T00:00:00Z,Minnesota Golden Gophers,Eastern Illinois Panthers,135,,draftkings,spreads,Minnesota Golden Gophers,-110.0,-42.5
e746bf44bc7bb95a7686770723882d70,2026-09-02T17:03:47Z,2026-09-04T00:00:00Z,Minnesota Golden Gophers,Eastern Illinois Panthers,135,,draftkings,totals,Over,-105.0,51.5
e746bf44bc7bb95a7686770723882d70,2026-09-02T17:03:47Z,2026-09-04T00:00:00Z,Minnesota Golden Gophers,Eastern Illinois Panthers,135,,draftkings,totals,Under,-115.0,51.5
e746bf44bc7bb95a7686770723882d70,2026-09-02T17:03:47Z,2026-09-04T00:00:00Z,Minnesota Golden Gophers,Eastern Illinois Panthers,135,,betrivers,spreads,Eastern Illinois Panthers,-109.0,42.0
e746bf44bc7bb95a7686770723882d70,2026-09-02T17:03:47Z,2026-09-04T00:00:00Z,Minnesota Golden Gophers,Eastern Illinois Panthers,135,,betrivers,spreads,Minnesota Golden Gophers,-113.0,-42.0
e746bf44bc7bb95a7686770723882d70,2026-09-02T17:03:47Z,2026-09-04T00:00:00Z,Minnesota Golden Gophers,Eastern Illinois Panthers,135,,betrivers,totals,Over,-113.0,51.0
e746bf44bc7bb95a7686770723882d70,2026-09-02T17:03:47Z,2026-09-04T00:00:00Z,Minnesota Golden Gophers,Eastern Illinois Panthers,135,,betrivers,totals,Under,-110.0,51.0
e746bf44bc7bb95a7686770723882d70,2026-09-02T17:03:47Z,2026-09-04T00:00:00Z,Minnesota Golden Gophers,Eastern Illinois Panthers,135,,betonlineag,spreads,Eastern Illinois Panthers,-115.0,42.5
e746bf44bc7bb95a7686770723882d70,2026-09-02T17:03:47Z,2026-09-04T00:00:00Z,Minnesota Golden Gophers,Eastern Illinois Panthers,135,,betonlineag,spreads,Minnesota Golden Gophers,-115.0,-42.5
e746bf44bc7bb95a7686770723882d70,2026-09-02T17:03:47Z,2026-09-04T00:00:00Z,Minnesota Golden Gophers,Eastern Illinois Panthers,135,,betonlineag,totals,Over,-115.0,51.5
e746bf44bc7bb95a7686770723882d70,2026-09-02T17:03:47Z,2026-09-04T00:00:00Z,Minnesota Golden Gophers,Eastern Illinois Panthers,135,,betonlineag,totals,Under,-115.0,51.5
e746bf44bc7bb95a7686770723882d70,2026-09-02T17:03:47Z,2026-09-04T00:00:00Z,Minnesota Golden Gophers,Eastern Illinois Panthers,135,,betmgm,spreads,Eastern Illinois Panthers,-108.0,42.5
e746bf44bc7bb95a7686770723882d70,2026-09-02T17:03:47Z,2026-09-04T00:00:00Z,Minnesota Golden Gophers,Eastern Illinois Panthers,135,,betmgm,spreads,Minnesota Golden Gophers,-110.0,-42.5
e746bf44bc7bb95a7686770723882d70,2026-09-02T17:03:47Z,2026-09-04T00:00:00Z,Minnesota Golden Gophers,Eastern Illinois Panthers,135,,betmgm,totals,Over,-112.0,51.5
e746bf44bc7bb95a7686770723882d70,2026-09-02T17:03:47Z,2026-09-04T00:00:00Z,Minnesota Golden Gophers,Eastern Illinois Panthers,135,,betmgm,totals,Under,-105.0,51.5
86e3c86de584357bb263fa4ae819ed30,2026-09-02T17:03:47Z,2026-09-04T01:00:00Z,Utah Utes,Idaho Vandals,254,,fanduel,spreads,Idaho Vandals,-105.0,34.5
86e3c86de584357bb263fa4ae819ed30,2026-09-02T17:03:47Z,2026-09-04T01:00:00Z,Utah Utes,Idaho Vandals,254,,fanduel,spreads,Utah Utes,-115.0,-34.5
86e3c86de584357bb263fa4ae819ed30,2026-09-02T17:03:47Z,2026-09-04T01:00:00Z,Utah Utes,Idaho Vandals,254,,fanduel,totals,Over,-110.0,57.5
86e3c86de584357bb263fa4ae819ed30,2026-09-02T17:03:47Z,2026-09-04T01:00:00Z,Utah Utes,Idaho Vandals,254,,fanduel,totals,Under,-110.0,57.5
86e3c86de584357bb263fa4ae819ed30,2026-09-02T17:03:47Z,2026-09-04T01:00:00Z,Utah Utes,Idaho Vandals,254,,draftkings,h2h,Idaho Vandals,5000.0,
86e3c86de584357bb263fa4ae819ed30,2026-09-02T17:03:47Z,2026-09-04T01:00:00Z,Utah Utes,Idaho Vandals,254,,draftkings,h2h,Utah Utes,-100000.0,
86e3c86de584357bb263fa4ae819ed30,2026-09-02T17:03:47Z,2026-09-04T01:00:00Z,Utah Utes,Idaho Vandals,254,,draftkings,spreads,Idaho Vandals,-115.0,35.5
86e3c86de584357bb263fa4ae819ed30,2026-09-02T17:03:47Z,2026-09-04T01:00:00Z,Utah Utes,Idaho Vandals,254,,draftkings,spreads,Utah Utes,-105.0,-35.5
86e3c86de584357bb263fa4ae819ed30,2026-09-02T17:03:47Z,2026-09-04T01:00:00Z,Utah Utes,Idaho Vandals,254,,draftkings,totals,Over,-110.0,57.5
86e3c86de584357bb263fa4ae819ed30,2026-09-02T17:03:47Z,2026-09-04T01:00:00Z,Utah Utes,Idaho Vandals,254,,draftkings,totals,Under,-110.0,57.5
86e3c86de584357bb263fa4ae819ed30,2026-09-02T17:03:47Z,2026-09-04T01:00:00Z,Utah Utes,Idaho Vandals,254,,betrivers,spreads,Idaho Vandals,-113.0,34.5
86e3c86de584357bb263fa4ae819ed30,2026-09-02T17:03:47Z,2026-09-04T01:00:00Z,Utah Utes,Idaho Vandals,254,,betrivers,spreads,Utah Utes,-109.0,-34.5
86e3c86de584357bb263fa4ae819ed30,2026-09-02T17:03:47Z,2026-09-04T01:00:00Z,Utah Utes,Idaho Vandals,254,,betrivers,totals,Over,-113.0,57.5
86e3c86de584357bb263fa4ae819ed30,2026-09-02T17:03:47Z,2026-09-04T01:00:00Z,Utah Utes,Idaho Vandals,254,,betrivers,totals,Under,-110.0,57.5
86e3c86de584357bb263fa4ae819ed30,2026-09-02T17:03:47Z,2026-09-04T01:00:00Z,Utah Utes,Idaho Vandals,254,,betonlineag,spreads,Idaho Vandals,-112.0,35.0
86e3c86de584357bb263fa4ae819ed30,2026-09-02T17:03:47Z,2026-09-04T01:00:00Z,Utah Utes,Idaho Vandals,254,,betonlineag,spreads,Utah Utes,-118.0,-35.0
86e3c86de584357bb263fa4ae819ed30,2026-09-02T17:03:47Z,2026-09-04T01:00:00Z,Utah Utes,Idaho Vandals,254,,betonlineag,totals,Over,-120.0,57.5
86e3c86de584357bb263fa4ae819ed30,2026-09-02T17:03:47Z,2026-09-04T01:00:00Z,Utah Utes,Idaho Vandals,254,,betonlineag,totals,Under,-110.0,57.5
86e3c86de584357bb263fa4ae819ed30,2026-09-02T17:03:47Z,2026-09-04T01:00:00Z,Utah Utes,Idaho Vandals,254,,betmgm,h2h,Idaho Vandals,5500.0,
86e3c86de584357bb263fa4ae819ed30,2026-09-02T17:03:47Z,2026-09-04T01:00:00Z,Utah Utes,Idaho Vandals,254,,betmgm,h2h,Utah Utes,-100000.0,
86e3c86de584357bb263fa4ae819ed30,2026-09-02T17:03:47Z,2026-09-04T01:00:00Z,Utah Utes,Idaho Vandals,254,,betmgm,spreads,Idaho Vandals,-105.0,34.5
86e3c86de584357bb263fa4ae819ed30,2026-09-02T17:03:47Z,2026-09-04T01:00:00Z,Utah Utes,Idaho Vandals,254,,betmgm,spreads,Utah Utes,-112.0,-34.5
86e3c86de584357bb263fa4ae819ed30,2026-09-02T17:03:47Z,2026-09-04T01:00:00Z,Utah Utes,Idaho Vandals,254,,betmgm,totals,Over,-110.0,57.5
86e3c86de584357bb263fa4ae819ed30,2026-09-02T17:03:47Z,2026-09-04T01:00:00Z,Utah Utes,Idaho Vandals,254,,betmgm,totals,Under,-108.0,57.5
1697069330d0343bdf7930ac0b0c3863,2026-09-02T17:03:47Z,2026-09-04T01:00:00Z,Illinois Fighting Illini,UAB Blazers,356,5.0,draftkings,h2h,Illinois Fighting Illini,-4500.0,
1697069330d0343bdf7930ac0b0c3863,2026-09-02T17:03:47Z,2026-09-04T01:00:00Z,Illinois Fighting Illini,UAB Blazers,356,5.0,draftkings,h2h,UAB Blazers,1700.0,
1697069330d0343bdf7930ac0b0c3863,2026-09-02T17:03:47Z,2026-09-04T01:00:00Z,Illinois Fighting Illini,UAB Blazers,356,5.0,draftkings,spreads,Illinois Fighting Illini,-112.0,-27.5
1697069330d0343bdf7930ac0b0c3863,2026-09-02T17:03:47Z,2026-09-04T01:00:00Z,Illinois Fighting Illini,UAB Blazers,356,5.0,draftkings,spreads,UAB Blazers,-108.0,27.5
1697069330d0343bdf7930ac0b0c3863,2026-09-02T17:03:47Z,2026-09-04T01:00:00Z,Illinois Fighting Illini,UAB Blazers,356,5.0,draftkings,totals,Over,-112.0,54.5
1697069330d0343bdf7930ac0b0c3863,2026-09-02T17:03:47Z,2026-09-04T01:00:00Z,Illinois Fighting Illini,UAB Blazers,356,5.0,draftkings,totals,Under,-108.0,54.5
1697069330d0343bdf7930ac0b0c3863,2026-09-02T17:03:47Z,2026-09-04T01:00:00Z,Illinois Fighting Illini,UAB Blazers,356,5.0,betus,spreads,Illinois Fighting Illini,-110.0,-27.5
1697069330d0343bdf7930ac0b0c3863,2026-09-02T17:03:47Z,2026-09-04T01:00:00Z,Illinois Fighting Illini,UAB Blazers,356,5.0,betus,spreads,UAB Blazers,-110.0,27.5
1697069330d0343bdf7930ac0b0c3863,2026-09-02T17:03:47Z,2026-09-04T01:00:00Z,Illinois Fighting Illini,UAB Blazers,356,5.0,betus,totals,Over,-110.0,55.0
1697069330d0343bdf7930ac0b0c3863,2026-09-02T17:03:47Z,2026-09-04T01:00:00Z,Illinois Fighting Illini,UAB Blazers,356,5.0,betus,totals,Under,-110.0,55.0
1697069330d0343bdf7930ac0b0c3863,2026-09-02T17:03:47Z,2026-09-04T01:00:00Z,Illinois Fighting Illini,UAB Blazers,356,5.0,betonlineag,h2h,Illinois Fighting Illini,-5000.0,
1697069330d0343bdf7930ac0b0c3863,2026-09-02T17:03:47Z,2026-09-04T01:00:00Z,Illinois Fighting Illini,UAB Blazers,356,5.0,betonlineag,h2h,UAB Blazers,1550.0,
1697069330d0343bdf7930ac0b0c3863,2026-09-02T17:03:47Z,2026-09-04T01:00:00Z,Illinois Fighting Illini,UAB Blazers,356,5.0,betonlineag,spreads,Illinois Fighting Illini,-110.0,-27.5
1697069330d0343bdf7930ac0b0c3863,2026-09-02T17:03:47Z,2026-09-04T01:00:00Z,Illinois Fighting Illini,UAB Blazers,356,5.0,betonlineag,spreads,UAB Blazers,-110.0,27.5
1697069330d0343bdf7930ac0b0c3863,2026-09-02T17:03:47Z,2026-09-04T01:00:00Z,Illinois Fighting Illini,UAB Blazers,356,5.0,betonlineag,totals,Over,-110.0,55.0
1697069330d0343bdf7930ac0b0c3863,2026-09-02T17:03:47Z,2026-09-04T01:00:00Z,Illinois Fighting Illini,UAB Blazers,356,5.0,betonlineag,totals,Under,-110.0,55.0
1697069330d0343bdf7930ac0b0c3863,2026-09-02T17:03:47Z,2026-09-04T01:00:00Z,Illinois Fighting Illini,UAB Blazers,356,5.0,lowvig,h2h,Illinois Fighting Illini,-5000.0,
1697069330d0343bdf7930ac0b0c3863,2026-09-02T17:03:47Z,2026-09-04T01:00:00Z,Illinois Fighting Illini,UAB Blazers,356,5.0,lowvig,h2h,UAB Blazers,1550.0,
1697069330d0343bdf7930ac0b0c3863,2026-09-02T17:03:47Z,2026-09-04T01:00:00Z,Illinois Fighting Illini,UAB Blazers,356,5.0,lowvig,spreads,Illinois Fighting Illini,-106.0,-27.5
1697069330d0343bdf7930ac0b0c3863,2026-09-02T17:03:47Z,2026-09-04T01:00:00Z,Illinois Fighting Illini,UAB Blazers,356,5.0,lowvig,spreads,UAB Blazers,-106.0,27.5
1697069330d0343bdf7930ac0b0c3863,2026-09-02T17:03:47Z,2026-09-04T01:00:00Z,Illinois Fighting Illini,UAB Blazers,356,5.0,lowvig,totals,Over,-108.0,55.0
1697069330d0343bdf7930ac0b0c3863,2026-09-02T17:03:47Z,2026-09-04T01:00:00Z,Illinois Fighting Illini,UAB Blazers,356,5.0,lowvig,totals,Under,-108.0,55.0
1697069330d0343bdf7930ac0b0c3863,2026-09-02T17:03:47Z,2026-09-04T01:00:00Z,Illinois Fighting Illini,UAB Blazers,356,5.0,fanduel,h2h,Illinois Fighting Illini,-4500.0,
1697069330d0343bdf7930ac0b0c3863,2026-09-02T17:03:47Z,2026-09-04T01:00:00Z,Illinois Fighting Illini,UAB Blazers,356,5.0,fanduel,h2h,UAB Blazers,1600.0,
1697069330d0343bdf7930ac0b0c3863,2026-09-02T17:03:47Z,2026-09-04T01:00:00Z,Illinois Fighting Illini,UAB Blazers,356,5.0,fanduel,spreads,Illinois Fighting Illini,-108.0,-27.5
1697069330d0343bdf7930ac0b0c3863,2026-09-02T17:03:47Z,2026-09-04T01:00:00Z,Illinois Fighting Illini,UAB Blazers,356,5.0,fanduel,spreads,UAB Blazers,-112.0,27.5
1697069330d0343bdf7930ac0b0c3863,2026-09-02T17:03:47Z,2026-09-04T01:00:00Z,Illinois Fighting Illini,UAB Blazers,356,5.0,fanduel,totals,Over,-110.0,54.5
1697069330d0343bdf7930ac0b0c3863,2026-09-02T17:03:47Z,2026-09-04T01:00:00Z,Illinois Fighting Illini,UAB Blazers,356,5.0,fanduel,totals,Under,-110.0,54.5
1697069330d0343bdf7930ac0b0c3863,2026-09-02T17:03:47Z,2026-09-04T01:00:00Z,Illinois Fighting Illini,UAB Blazers,356,5.0,betmgm,h2h,Illinois Fighting Illini,-5000.0,
1697069330d0343bdf7930ac0b0c3863,2026-09-02T17:03:47Z,2026-09-04T01:00:00Z,Illinois Fighting Illini,UAB Blazers,356,5.0,betmgm,h2h,UAB Blazers,1850.0,
1697069330d0343bdf7930ac0b0c3863,2026-09-02T17:03:47Z,2026-09-04T01:00:00Z,Illinois Fighting Illini,UAB Blazers,356,5.0,betmgm,spreads,Illinois Fighting Illini,-110.0,-27.5
1697069330d0343bdf7930ac0b0c3863,2026-09-02T17:03:47Z,2026-09-04T01:00:00Z,Illinois Fighting Illini,UAB Blazers,356,5.0,betmgm,spreads,UAB Blazers,-110.0,27.5
1697069330d0343bdf7930ac0b0c3863,2026-09-02T17:03:47Z,2026-09-04T01:00:00Z,Illinois Fighting Illini,UAB Blazers,356,5.0,betmgm,totals,Over,-115.0,54.5
1697069330d0343bdf7930ac0b0c3863,2026-09-02T17:03:47Z,2026-09-04T01:00:00Z,Illinois Fighting Illini,UAB Blazers,356,5.0,betmgm,totals,Under,-105.0,54.5
1697069330d0343bdf7930ac0b0c3863,2026-09-02T17:03:47Z,2026-09-04T01:00:00Z,Illinois Fighting Illini,UAB Blazers,356,5.0,mybookieag,h2h,Illinois Fighting Illini,-4000.0,
1697069330d0343bdf7930ac0b0c3863,2026-09-02T17:03:47Z,2026-09-04T01:00:00Z,Illinois Fighting Illini,UAB Blazers,356,5.0,mybookieag,h2h,UAB Blazers,1250.0,
1697069330d0343bdf7930ac0b0c3863,2026-09-02T17:03:47Z,2026-09-04T01:00:00Z,Illinois Fighting Illini,UAB Blazers,356,5.0,mybookieag,spreads,Illinois Fighting Illini,-110.0,-28.0
1697069330d0343bdf7930ac0b0c3863,2026-09-02T17:03:47Z,2026-09-04T01:00:00Z,Illinois Fighting Illini,UAB Blazers,356,5.0,mybookieag,spreads,UAB Blazers,-110.0,28.0
1697069330d0343bdf7930ac0b0c3863,2026-09-02T17:03:47Z,2026-09-04T01:00:00Z,Illinois Fighting Illini,UAB Blazers,356,5.0,mybookieag,totals,Over,-110.0,55.0
1697069330d0343bdf7930ac0b0c3863,2026-09-02T17:03:47Z,2026-09-04T01:00:00Z,Illinois Fighting Illini,UAB Blazers,356,5.0,mybookieag,totals,Under,-110.0,55.0
1697069330d0343bdf7930ac0b0c3863,2026-09-02T17:03:47Z,2026-09-04T01:00:00Z,Illinois Fighting Illini,UAB Blazers,356,5.0,betrivers,spreads,Illinois Fighting Illini,-115.0,-27.5
1697069330d0343bdf7930ac0b0c3863,2026-09-02T17:03:47Z,2026-09-04T01:00:00Z,Illinois Fighting Illini,UAB Blazers,356,5.0,betrivers,spreads,UAB Blazers,-108.0,27.5
1697069330d0343bdf7930ac0b0c3863,2026-09-02T17:03:47Z,2026-09-04T01:00:00Z,Illinois Fighting Illini,UAB Blazers,356,5.0,betrivers,totals,Over,-114.0,54.5
1697069330d0343bdf7930ac0b0c3863,2026-09-02T17:03:47Z,2026-09-04T01:00:00Z,Illinois Fighting Illini,UAB Blazers,356,5.0,betrivers,totals,Under,-109.0,54.5
1697069330d0343bdf7930ac0b0c3863,2026-09-02T17:03:47Z,2026-09-04T01:00:00Z,Illinois Fighting Illini,UAB Blazers,356,5.0,bovada,h2h,Illinois Fighting Illini,-6500.0,
1697069330d0343bdf7930ac0b0c3863,2026-09-02T17:03:47Z,2026-09-04T01:00:00Z,Illinois Fighting Illini,UAB Blazers,356,5.0,bovada,h2h,UAB Blazers,1300.0,
1697069330d0343bdf7930ac0b0c3863,2026-09-02T17:03:47Z,2026-09-04T01:00:00Z,Illinois Fighting Illini,UAB Blazers,356,5.0,bovada,spreads,Illinois Fighting Illini,-115.0,-27.5
1697069330d0343bdf7930ac0b0c3863,2026-09-02T17:03:47Z,2026-09-04T01:00:00Z,Illinois Fighting Illini,UAB Blazers,356,5.0,bovada,spreads,UAB Blazers,-105.0,27.5
1697069330d0343bdf7930ac0b0c3863,2026-09-02T17:03:47Z,2026-09-04T01:00:00Z,Illinois Fighting Illini,UAB Blazers,356,5.0,bovada,totals,Over,-105.0,54.5
1697069330d0343bdf7930ac0b0c3863,2026-09-02T17:03:47Z,2026-09-04T01:00:00Z,Illinois Fighting Illini,UAB Blazers,356,5.0,bovada,totals,Under,-115.0,54.5
e564afb0a5ab84ab43befa56bdb90522,2026-09-03T16:58:24Z,2026-09-03T22:00:00Z,Rutgers Scarlet Knights,UMass Minutemen,164,113.0,draftkings,h2h,Rutgers Scarlet Knights,-6500.0,
e564afb0a5ab84ab43befa56bdb90522,2026-09-03T16:58:24Z,2026-09-03T22:00:00Z,Rutgers Scarlet Knights,UMass Minutemen,164,113.0,draftkings,h2h,UMass Minutemen,2000.0,
e564afb0a5ab84ab43befa56bdb90522,2026-09-03T16:58:24Z,2026-09-03T22:00:00Z,Rutgers Scarlet Knights,UMass Minutemen,164,113.0,draftkings,spreads,Rutgers Scarlet Knights,-112.0,-28.5
e564afb0a5ab84ab43befa56bdb90522,2026-09-03T16:58:24Z,2026-09-03T22:00:00Z,Rutgers Scarlet Knights,UMass Minutemen,164,113.0,draftkings,spreads,UMass Minutemen,-108.0,28.5
e564afb0a5ab84ab43befa56bdb90522,2026-09-03T16:58:24Z,2026-09-03T22:00:00Z,Rutgers Scarlet Knights,UMass Minutemen,164,113.0,draftkings,totals,Over,-108.0,53.5
e564afb0a5ab84ab43befa56bdb90522,2026-09-03T16:58:24Z,2026-09-03T22:00:00Z,Rutgers Scarlet Knights,UMass Minutemen,164,113.0,draftkings,totals,Under,-112.0,53.5
e564afb0a5ab84ab43befa56bdb90522,2026-09-03T16:58:24Z,2026-09-03T22:00:00Z,Rutgers Scarlet Knights,UMass Minutemen,164,113.0,betonlineag,spreads,Rutgers Scarlet Knights,-112.0,-29.0
e564afb0a5ab84ab43befa56bdb90522,2026-09-03T16:58:24Z,2026-09-03T22:00:00Z,Rutgers Scarlet Knights,UMass Minutemen,164,113.0,betonlineag,spreads,UMass Minutemen,-108.0,29.0
e564afb0a5ab84ab43befa56bdb90522,2026-09-03T16:58:24Z,2026-09-03T22:00:00Z,Rutgers Scarlet Knights,UMass Minutemen,164,113.0,betonlineag,totals,Over,-110.0,53.5
e564afb0a5ab84ab43befa56bdb90522,2026-09-03T16:58:24Z,2026-09-03T22:00:00Z,Rutgers Scarlet Knights,UMass Minutemen,164,113.0,betonlineag,totals,Under,-110.0,53.5
e564afb0a5ab84ab43befa56bdb90522,2026-09-03T16:58:24Z,2026-09-03T22:00:00Z,Rutgers Scarlet Knights,UMass Minutemen,164,113.0,lowvig,spreads,Rutgers Scarlet Knights,-108.0,-29.0
e564afb0a5ab84ab43befa56bdb90522,2026-09-03T16:58:24Z,2026-09-03T22:00:00Z,Rutgers Scarlet Knights,UMass Minutemen,164,113.0,lowvig,spreads,UMass Minutemen,-104.0,29.0
e564afb0a5ab84ab43befa56bdb90522,2026-09-03T16:58:24Z,2026-09-03T22:00:00Z,Rutgers Scarlet Knights,UMass Minutemen,164,113.0,lowvig,totals,Over,-108.0,53.5
e564afb0a5ab84ab43befa56bdb90522,2026-09-03T16:58:24Z,2026-09-03T22:00:00Z,Rutgers Scarlet Knights,UMass Minutemen,164,113.0,lowvig,totals,Under,-108.0,53.5
e564afb0a5ab84ab43befa56bdb90522,2026-09-03T16:58:24Z,2026-09-03T22:00:00Z,Rutgers Scarlet Knights,UMass Minutemen,164,113.0,betus,spreads,Rutgers Scarlet Knights,-110.0,-29.0
e564afb0a5ab84ab43befa56bdb90522,2026-09-03T16:58:24Z,2026-09-03T22:00:00Z,Rutgers Scarlet Knights,UMass Minutemen,164,113.0,betus,spreads,UMass Minutemen,-110.0,29.0
e564afb0a5ab84ab43befa56bdb90522,2026-09-03T16:58:24Z,2026-09-03T22:00:00Z,Rutgers Scarlet Knights,UMass Minutemen,164,113.0,betus,totals,Over,-110.0,53.5
e564afb0a5ab84ab43befa56bdb90522,2026-09-03T16:58:24Z,2026-09-03T22:00:00Z,Rutgers Scarlet Knights,UMass Minutemen,164,113.0,betus,totals,Under,-110.0,53.5
e564afb0a5ab84ab43befa56bdb90522,2026-09-03T16:58:24Z,2026-09-03T22:00:00Z,Rutgers Scarlet Knights,UMass Minutemen,164,113.0,betmgm,h2h,Rutgers Scarlet Knights,-10000.0,
e564afb0a5ab84ab43befa56bdb90522,2026-09-03T16:58:24Z,2026-09-03T22:00:00Z,Rutgers Scarlet Knights,UMass Minutemen,164,113.0,betmgm,h2h,UMass Minutemen,2500.0,
e564afb0a5ab84ab43befa56bdb90522,2026-09-03T16:58:24Z,2026-09-03T22:00:00Z,Rutgers Scarlet Knights,UMass Minutemen,164,113.0,betmgm,spreads,Rutgers Scarlet Knights,-110.0,-28.5
e564afb0a5ab84ab43befa56bdb90522,2026-09-03T16:58:24Z,2026-09-03T22:00:00Z,Rutgers Scarlet Knights,UMass Minutemen,164,113.0,betmgm,spreads,UMass Minutemen,-108.0,28.5
e564afb0a5ab84ab43befa56bdb90522,2026-09-03T16:58:24Z,2026-09-03T22:00:00Z,Rutgers Scarlet Knights,UMass Minutemen,164,113.0,betmgm,totals,Over,-110.0,53.5
e564afb0a5ab84ab43befa56bdb90522,2026-09-03T16:58:24Z,2026-09-03T22:00:00Z,Rutgers Scarlet Knights,UMass Minutemen,164,113.0,betmgm,totals,Under,-108.0,53.5
e564afb0a5ab84ab43befa56bdb90522,2026-09-03T16:58:24Z,2026-09-03T22:00:00Z,Rutgers Scarlet Knights,UMass Minutemen,164,113.0,betrivers,spreads,Rutgers Scarlet Knights,-114.0,-29.5
e564afb0a5ab84ab43befa56bdb90522,2026-09-03T16:58:24Z,2026-09-03T22:00:00Z,Rutgers Scarlet Knights,UMass Minutemen,164,113.0,betrivers,spreads,UMass Minutemen,-109.0,29.5
e564afb0a5ab84ab43befa56bdb90522,2026-09-03T16:58:24Z,2026-09-03T22:00:00Z,Rutgers Scarlet Knights,UMass Minutemen,164,113.0,betrivers,totals,Over,-113.0,53.0
e564afb0a5ab84ab43befa56bdb90522,2026-09-03T16:58:24Z,2026-09-03T22:00:00Z,Rutgers Scarlet Knights,UMass Minutemen,164,113.0,betrivers,totals,Under,-110.0,53.0
e564afb0a5ab84ab43befa56bdb90522,2026-09-03T16:58:24Z,2026-09-03T22:00:00Z,Rutgers Scarlet Knights,UMass Minutemen,164,113.0,mybookieag,totals,Over,-110.0,53.5
e564afb0a5ab84ab43befa56bdb90522,2026-09-03T16:58:24Z,2026-09-03T22:00:00Z,Rutgers Scarlet Knights,UMass Minutemen,164,113.0,mybookieag,totals,Under,-110.0,53.5
e564afb0a5ab84ab43befa56bdb90522,2026-09-03T16:58:24Z,2026-09-03T22:00:00Z,Rutgers Scarlet Knights,UMass Minutemen,164,113.0,bovada,spreads,Rutgers Scarlet Knights,-115.0,-29.0
e564afb0a5ab84ab43befa56bdb90522,2026-09-03T16:58:24Z,2026-09-03T22:00:00Z,Rutgers Scarlet Knights,UMass Minutemen,164,113.0,bovada,spreads,UMass Minutemen,-105.0,29.0
e564afb0a5ab84ab43befa56bdb90522,2026-09-03T16:58:24Z,2026-09-03T22:00:00Z,Rutgers Scarlet Knights,UMass Minutemen,164,113.0,bovada,totals,Over,-120.0,53.0
e564afb0a5ab84ab43befa56bdb90522,2026-09-03T16:58:24Z,2026-09-03T22:00:00Z,Rutgers Scarlet Knights,UMass Minutemen,164,113.0,bovada,totals,Under,100.0,53.0
e564afb0a5ab84ab43befa56bdb90522,2026-09-03T16:58:24Z,2026-09-03T22:00:00Z,Rutgers Scarlet Knights,UMass Minutemen,164,113.0,fanduel,h2h,Rutgers Scarlet Knights,-10000.0,
e564afb0a5ab84ab43befa56bdb90522,2026-09-03T16:58:24Z,2026-09-03T22:00:00Z,Rutgers Scarlet Knights,UMass Minutemen,164,113.0,fanduel,h2h,UMass Minutemen,2400.0,
e564afb0a5ab84ab43befa56bdb90522,2026-09-03T16:58:24Z,2026-09-03T22:00:00Z,Rutgers Scarlet Knights,UMass Minutemen,164,113.0,fanduel,spreads,Rutgers Scarlet Knights,-115.0,-28.5
e564afb0a5ab84ab43befa56bdb90522,2026-09-03T16:58:24Z,2026-09-03T22:00:00Z,Rutgers Scarlet Knights,UMass Minutemen,164,113.0,fanduel,spreads,UMass Minutemen,-105.0,28.5
e564afb0a5ab84ab43befa56bdb90522,2026-09-03T16:58:24Z,2026-09-03T22:00:00Z,Rutgers Scarlet Knights,UMass Minutemen,164,113.0,fanduel,totals,Over,-120.0,52.5
e564afb0a5ab84ab43befa56bdb90522,2026-09-03T16:58:24Z,2026-09-03T22:00:00Z,Rutgers Scarlet Knights,UMass Minutemen,164,113.0,fanduel,totals,Under,-102.0,52.5
f089e3d943a34a9c4fe1808568b96529,2026-09-03T16:58:24Z,2026-09-03T23:00:00Z,Wake Forest Demon Deacons,Akron Zips,154,2006.0,draftkings,h2h,Akron Zips,1300.0,
f089e3d943a34a9c4fe1808568b96529,2026-09-03T16:58:24Z,2026-09-03T23:00:00Z,Wake Forest Demon Deacons,Akron Zips,154,2006.0,draftkings,h2h,Wake Forest Demon Deacons,-2800.0,
f089e3d943a34a9c4fe1808568b96529,2026-09-03T16:58:24Z,2026-09-03T23:00:00Z,Wake Forest Demon Deacons,Akron Zips,154,2006.0,draftkings,spreads,Akron Zips,-112.0,27.5
f089e3d943a34a9c4fe1808568b96529,2026-09-03T16:58:24Z,2026-09-03T23:00:00Z,Wake Forest Demon Deacons,Akron Zips,154,2006.0,draftkings,spreads,Wake Forest Demon Deacons,-108.0,-27.5
f089e3d943a34a9c4fe1808568b96529,2026-09-03T16:58:24Z,2026-09-03T23:00:00Z,Wake Forest Demon Deacons,Akron Zips,154,2006.0,draftkings,totals,Over,-118.0,50.5
f089e3d943a34a9c4fe1808568b96529,2026-09-03T16:58:24Z,2026-09-03T23:00:00Z,Wake Forest Demon Deacons,Akron Zips,154,2006.0,draftkings,totals,Under,-102.0,50.5
f089e3d943a34a9c4fe1808568b96529,2026-09-03T16:58:24Z,2026-09-03T23:00:00Z,Wake Forest Demon Deacons,Akron Zips,154,2006.0,betonlineag,h2h,Akron Zips,1450.0,
f089e3d943a34a9c4fe1808568b96529,2026-09-03T16:58:24Z,2026-09-03T23:00:00Z,Wake Forest Demon Deacons,Akron Zips,154,2006.0,betonlineag,h2h,Wake Forest Demon Deacons,-4000.0,
f089e3d943a34a9c4fe1808568b96529,2026-09-03T16:58:24Z,2026-09-03T23:00:00Z,Wake Forest Demon Deacons,Akron Zips,154,2006.0,betonlineag,spreads,Akron Zips,-105.0,27.0
f089e3d943a34a9c4fe1808568b96529,2026-09-03T16:58:24Z,2026-09-03T23:00:00Z,Wake Forest Demon Deacons,Akron Zips,154,2006.0,betonlineag,spreads,Wake Forest Demon Deacons,-115.0,-27.0
f089e3d943a34a9c4fe1808568b96529,2026-09-03T16:58:24Z,2026-09-03T23:00:00Z,Wake Forest Demon Deacons,Akron Zips,154,2006.0,betonlineag,totals,Over,-105.0,51.0
f089e3d943a34a9c4fe1808568b96529,2026-09-03T16:58:24Z,2026-09-03T23:00:00Z,Wake Forest Demon Deacons,Akron Zips,154,2006.0,betonlineag,totals,Under,-115.0,51.0
f089e3d943a34a9c4fe1808568b96529,2026-09-03T16:58:24Z,2026-09-03T23:00:00Z,Wake Forest Demon Deacons,Akron Zips,154,2006.0,lowvig,h2h,Akron Zips,1450.0,
f089e3d943a34a9c4fe1808568b96529,2026-09-03T16:58:24Z,2026-09-03T23:00:00Z,Wake Forest Demon Deacons,Akron Zips,154,2006.0,lowvig,h2h,Wake Forest Demon Deacons,-4000.0,
f089e3d943a34a9c4fe1808568b96529,2026-09-03T16:58:24Z,2026-09-03T23:00:00Z,Wake Forest Demon Deacons,Akron Zips,154,2006.0,lowvig,spreads,Akron Zips,-106.0,27.0
f089e3d943a34a9c4fe1808568b96529,2026-09-03T16:58:24Z,2026-09-03T23:00:00Z,Wake Forest Demon Deacons,Akron Zips,154,2006.0,lowvig,spreads,Wake Forest Demon Deacons,-106.0,-27.0
f089e3d943a34a9c4fe1808568b96529,2026-09-03T16:58:24Z,2026-09-03T23:00:00Z,Wake Forest Demon Deacons,Akron Zips,154,2006.0,lowvig,totals,Over,-108.0,50.5
f089e3d943a34a9c4fe1808568b96529,2026-09-03T16:58:24Z,2026-09-03T23:00:00Z,Wake Forest Demon Deacons,Akron Zips,154,2006.0,lowvig,totals,Under,-108.0,50.5
f089e3d943a34a9c4fe1808568b96529,2026-09-03T16:58:24Z,2026-09-03T23:00:00Z,Wake Forest Demon Deacons,Akron Zips,154,2006.0,betus,h2h,Akron Zips,1400.0,
f089e3d943a34a9c4fe1808568b96529,2026-09-03T16:58:24Z,2026-09-03T23:00:00Z,Wake Forest Demon Deacons,Akron Zips,154,2006.0,betus,h2h,Wake Forest Demon Deacons,-3400.0,
f089e3d943a34a9c4fe1808568b96529,2026-09-03T16:58:24Z,2026-09-03T23:00:00Z,Wake Forest Demon Deacons,Akron Zips,154,2006.0,betus,spreads,Akron Zips,-110.0,27.0
f089e3d943a34a9c4fe1808568b96529,2026-09-03T16:58:24Z,2026-09-03T23:00:00Z,Wake Forest Demon Deacons,Akron Zips,154,2006.0,betus,spreads,Wake Forest Demon Deacons,-110.0,-27.0
f089e3d943a34a9c4fe1808568b96529,2026-09-03T16:58:24Z,2026-09-03T23:00:00Z,Wake Forest Demon Deacons,Akron Zips,154,2006.0,betus,totals,Over,-110.0,51.0
f089e3d943a34a9c4fe1808568b96529,2026-09-03T16:58:24Z,2026-09-03T23:00:00Z,Wake Forest Demon Deacons,Akron Zips,154,2006.0,betus,totals,Under,-110.0,51.0
f089e3d943a34a9c4fe1808568b96529,2026-09-03T16:58:24Z,2026-09-03T23:00:00Z,Wake Forest Demon Deacons,Akron Zips,154,2006.0,bovada,h2h,Akron Zips,1100.0,
f089e3d943a34a9c4fe1808568b96529,2026-09-03T16:58:24Z,2026-09-03T23:00:00Z,Wake Forest Demon Deacons,Akron Zips,154,2006.0,bovada,h2h,Wake Forest Demon Deacons,-3500.0,
f089e3d943a34a9c4fe1808568b96529,2026-09-03T16:58:24Z,2026-09-03T23:00:00Z,Wake Forest Demon Deacons,Akron Zips,154,2006.0,bovada,spreads,Akron Zips,-110.0,27.5
f089e3d943a34a9c4fe1808568b96529,2026-09-03T16:58:24Z,2026-09-03T23:00:00Z,Wake Forest Demon Deacons,Akron Zips,154,2006.0,bovada,spreads,Wake Forest Demon Deacons,-110.0,-27.5
f089e3d943a34a9c4fe1808568b96529,2026-09-03T16:58:24Z,2026-09-03T23:00:00Z,Wake Forest Demon Deacons,Akron Zips,154,2006.0,bovada,totals,Over,-110.0,51.0
f089e3d943a34a9c4fe1808568b96529,2026-09-03T16:58:24Z,2026-09-03T23:00:00Z,Wake Forest Demon Deacons,Akron Zips,154,2006.0,bovada,totals,Under,-110.0,51.0
f089e3d943a34a9c4fe1808568b96529,2026-09-03T16:58:24Z,2026-09-03T23:00:00Z,Wake Forest Demon Deacons,Akron Zips,154,2006.0,fanduel,h2h,Akron Zips,2000.0,
f089e3d943a34a9c4fe1808568b96529,2026-09-03T16:58:24Z,2026-09-03T23:00:00Z,Wake Forest Demon Deacons,Akron Zips,154,2006.0,fanduel,h2h,Wake Forest Demon Deacons,-7000.0,
f089e3d943a34a9c4fe1808568b96529,2026-09-03T16:58:24Z,2026-09-03T23:00:00Z,Wake Forest Demon Deacons,Akron Zips,154,2006.0,fanduel,spreads,Akron Zips,-104.0,27.5
f089e3d943a34a9c4fe1808568b96529,2026-09-03T16:58:24Z,2026-09-03T23:00:00Z,Wake Forest Demon Deacons,Akron Zips,154,2006.0,fanduel,spreads,Wake Forest Demon Deacons,-118.0,-27.5
f089e3d943a34a9c4fe1808568b96529,2026-09-03T16:58:24Z,2026-09-03T23:00:00Z,Wake Forest Demon Deacons,Akron Zips,154,2006.0,fanduel,totals,Over,-118.0,50.5
f089e3d943a34a9c4fe1808568b96529,2026-09-03T16:58:24Z,2026-09-03T23:00:00Z,Wake Forest Demon Deacons,Akron Zips,154,2006.0,fanduel,totals,Under,-104.0,50.5
f089e3d943a34a9c4fe1808568b96529,2026-09-03T16:58:24Z,2026-09-03T23:00:00Z,Wake Forest Demon Deacons,Akron Zips,154,2006.0,betmgm,h2h,Akron Zips,1700.0,
f089e3d943a34a9c4fe1808568b96529,2026-09-03T16:58:24Z,2026-09-03T23:00:00Z,Wake Forest Demon Deacons,Akron Zips,154,2006.0,betmgm,h2h,Wake Forest Demon Deacons,-3000.0,
f089e3d943a34a9c4fe1808568b96529,2026-09-03T16:58:24Z,2026-09-03T23:00:00Z,Wake Forest Demon Deacons,Akron Zips,154,2006.0,betmgm,spreads,Akron Zips,-108.0,27.5
f089e3d943a34a9c4fe1808568b96529,2026-09-03T16:58:24Z,2026-09-03T23:00:00Z,Wake Forest Demon Deacons,Akron Zips,154,2006.0,betmgm,spreads,Wake Forest Demon Deacons,-110.0,-27.5
f089e3d943a34a9c4fe1808568b96529,2026-09-03T16:58:24Z,2026-09-03T23:00:00Z,Wake Forest Demon Deacons,Akron Zips,154,2006.0,betmgm,totals,Over,-112.0,50.5
f089e3d943a34a9c4fe1808568b96529,2026-09-03T16:58:24Z,2026-09-03T23:00:00Z,Wake Forest Demon Deacons,Akron Zips,154,2006.0,betmgm,totals,Under,-105.0,50.5
f089e3d943a34a9c4fe1808568b96529,2026-09-03T16:58:24Z,2026-09-03T23:00:00Z,Wake Forest Demon Deacons,Akron Zips,154,2006.0,betrivers,h2h,Akron Zips,1400.0,
f089e3d943a34a9c4fe1808568b96529,2026-09-03T16:58:24Z,2026-09-03T23:00:00Z,Wake Forest Demon Deacons,Akron Zips,154,2006.0,betrivers,h2h,Wake Forest Demon Deacons,-10000.0,
f089e3d943a34a9c4fe1808568b96529,2026-09-03T16:58:24Z,2026-09-03T23:00:00Z,Wake Forest Demon Deacons,Akron Zips,154,2006.0,betrivers,spreads,Akron Zips,-113.0,27.0
f089e3d943a34a9c4fe1808568b96529,2026-09-03T16:58:24Z,2026-09-03T23:00:00Z,Wake Forest Demon Deacons,Akron Zips,154,2006.0,betrivers,spreads,Wake Forest Demon Deacons,-109.0,-27.0
f089e3d943a34a9c4fe1808568b96529,2026-09-03T16:58:24Z,2026-09-03T23:00:00Z,Wake Forest Demon Deacons,Akron Zips,154,2006.0,betrivers,totals,Over,-115.0,50.5
f089e3d943a34a9c4fe1808568b96529,2026-09-03T16:58:24Z,2026-09-03T23:00:00Z,Wake Forest Demon Deacons,Akron Zips,154,2006.0,betrivers,totals,Under,-108.0,50.5
f089e3d943a34a9c4fe1808568b96529,2026-09-03T16:58:24Z,2026-09-03T23:00:00Z,Wake Forest Demon Deacons,Akron Zips,154,2006.0,mybookieag,h2h,Akron Zips,1200.0,
f089e3d943a34a9c4fe1808568b96529,2026-09-03T16:58:24Z,2026-09-03T23:00:00Z,Wake Forest Demon Deacons,Akron Zips,154,2006.0,mybookieag,h2h,Wake Forest Demon Deacons,-4000.0,
f089e3d943a34a9c4fe1808568b96529,2026-09-03T16:58:24Z,2026-09-03T23:00:00Z,Wake Forest Demon Deacons,Akron Zips,154,2006.0,mybookieag,spreads,Akron Zips,-110.0,27.0
f089e3d943a34a9c4fe1808568b96529,2026-09-03T16:58:24Z,2026-09-03T23:00:00Z,Wake Forest Demon Deacons,Akron Zips,154,2006.0,mybookieag,spreads,Wake Forest Demon Deacons,-110.0,-27.0
f089e3d943a34a9c4fe1808568b96529,2026-09-03T16:58:24Z,2026-09-03T23:00:00Z,Wake Forest Demon Deacons,Akron Zips,154,2006.0,mybookieag,totals,Over,-110.0,51.0
f089e3d943a34a9c4fe1808568b96529,2026-09-03T16:58:24Z,2026-09-03T23:00:00Z,Wake Forest Demon Deacons,Akron Zips,154,2006.0,mybookieag,totals,Under,-110.0,51.0
2f02052c3228ed6d9dc2e8ff8cdf5cdd,2026-09-03T16:58:24Z,2026-09-03T23:00:00Z,Buffalo Bulls,Albany,2084,,fanduel,h2h,Albany,800.0,
2f02052c3228ed6d9dc2e8ff8cdf5cdd,2026-09-03T16:58:24Z,2026-09-03T23:00:00Z,Buffalo Bulls,Albany,2084,,fanduel,h2h,Buffalo Bulls,-1400.0,
2f02052c3228ed6d9dc2e8ff8cdf5cdd,2026-09-03T16:58:24Z,2026-09-03T23:00:00Z,Buffalo Bulls,Albany,2084,,fanduel,spreads,Albany,-110.0,18.5
2f02052c3228ed6d9dc2e8ff8cdf5cdd,2026-09-03T16:58:24Z,2026-09-03T23:00:00Z,Buffalo Bulls,Albany,2084,,fanduel,spreads,Buffalo Bulls,-110.0,-18.5
2f02052c3228ed6d9dc2e8ff8cdf5cdd,2026-09-03T16:58:24Z,2026-09-03T23:00:00Z,Buffalo Bulls,Albany,2084,,fanduel,totals,Over,-115.0,47.5
2f02052c3228ed6d9dc2e8ff8cdf5cdd,2026-09-03T16:58:24Z,2026-09-03T23:00:00Z,Buffalo Bulls,Albany,2084,,fanduel,totals,Under,-105.0,47.5
2f02052c3228ed6d9dc2e8ff8cdf5cdd,2026-09-03T16:58:24Z,2026-09-03T23:00:00Z,Buffalo Bulls,Albany,2084,,mybookieag,h2h,Albany,620.0,
2f02052c3228ed6d9dc2e8ff8cdf5cdd,2026-09-03T16:58:24Z,2026-09-03T23:00:00Z,Buffalo Bulls,Albany,2084,,mybookieag,h2h,Buffalo Bulls,-1205.0,
2f02052c3228ed6d9dc2e8ff8cdf5cdd,2026-09-03T16:58:24Z,2026-09-03T23:00:00Z,Buffalo Bulls,Albany,2084,,draftkings,h2h,Albany,650.0,
2f02052c3228ed6d9dc2e8ff8cdf5cdd,2026-09-03T16:58:24Z,2026-09-03T23:00:00Z,Buffalo Bulls,Albany,2084,,draftkings,h2h,Buffalo Bulls,-1000.0,
2f02052c3228ed6d9dc2e8ff8cdf5cdd,2026-09-03T16:58:24Z,2026-09-03T23:00:00Z,Buffalo Bulls,Albany,2084,,draftkings,spreads,Albany,-110.0,18.5
2f02052c3228ed6d9dc2e8ff8cdf5cdd,2026-09-03T16:58:24Z,2026-09-03T23:00:00Z,Buffalo Bulls,Albany,2084,,draftkings,spreads,Buffalo Bulls,-110.0,-18.5
2f02052c3228ed6d9dc2e8ff8cdf5cdd,2026-09-03T16:58:24Z,2026-09-03T23:00:00Z,Buffalo Bulls,Albany,2084,,draftkings,totals,Over,-110.0,47.5
2f02052c3228ed6d9dc2e8ff8cdf5cdd,2026-09-03T16:58:24Z,2026-09-03T23:00:00Z,Buffalo Bulls,Albany,2084,,draftkings,totals,Under,-110.0,47.5
2f02052c3228ed6d9dc2e8ff8cdf5cdd,2026-09-03T16:58:24Z,2026-09-03T23:00:00Z,Buffalo Bulls,Albany,2084,,betrivers,h2h,Albany,800.0,
2f02052c3228ed6d9dc2e8ff8cdf5cdd,2026-09-03T16:58:24Z,2026-09-03T23:00:00Z,Buffalo Bulls,Albany,2084,,betrivers,h2h,Buffalo Bulls,-1430.0,
2f02052c3228ed6d9dc2e8ff8cdf5cdd,2026-09-03T16:58:24Z,2026-09-03T23:00:00Z,Buffalo Bulls,Albany,2084,,betrivers,spreads,Albany,-113.0,17.5
2f02052c3228ed6d9dc2e8ff8cdf5cdd,2026-09-03T16:58:24Z,2026-09-03T23:00:00Z,Buffalo Bulls,Albany,2084,,betrivers,spreads,Buffalo Bulls,-110.0,-17.5
2f02052c3228ed6d9dc2e8ff8cdf5cdd,2026-09-03T16:58:24Z,2026-09-03T23:00:00Z,Buffalo Bulls,Albany,2084,,betrivers,totals,Over,-112.0,47.5
2f02052c3228ed6d9dc2e8ff8cdf5cdd,2026-09-03T16:58:24Z,2026-09-03T23:00:00Z,Buffalo Bulls,Albany,2084,,betrivers,totals,Under,-112.0,47.5
2f02052c3228ed6d9dc2e8ff8cdf5cdd,2026-09-03T16:58:24Z,2026-09-03T23:00:00Z,Buffalo Bulls,Albany,2084,,lowvig,spreads,Albany,-105.0,17.5
2f02052c3228ed6d9dc2e8ff8cdf5cdd,2026-09-03T16:58:24Z,2026-09-03T23:00:00Z,Buffalo Bulls,Albany,2084,,lowvig,spreads,Buffalo Bulls,-125.0,-17.5
2f02052c3228ed6d9dc2e8ff8cdf5cdd,2026-09-03T16:58:24Z,2026-09-03T23:00:00Z,Buffalo Bulls,Albany,2084,,lowvig,totals,Over,-110.0,47.5
2f02052c3228ed6d9dc2e8ff8cdf5cdd,2026-09-03T16:58:24Z,2026-09-03T23:00:00Z,Buffalo Bulls,Albany,2084,,lowvig,totals,Under,-120.0,47.5
2f02052c3228ed6d9dc2e8ff8cdf5cdd,2026-09-03T16:58:24Z,2026-09-03T23:00:00Z,Buffalo Bulls,Albany,2084,,betonlineag,spreads,Albany,-105.0,17.5
2f02052c3228ed6d9dc2e8ff8cdf5cdd,2026-09-03T16:58:24Z,2026-09-03T23:00:00Z,Buffalo Bulls,Albany,2084,,betonlineag,spreads,Buffalo Bulls,-125.0,-17.5
2f02052c3228ed6d9dc2e8ff8cdf5cdd,2026-09-03T16:58:24Z,2026-09-03T23:00:00Z,Buffalo Bulls,Albany,2084,,betonlineag,totals,Over,-110.0,47.5
2f02052c3228ed6d9dc2e8ff8cdf5cdd,2026-09-03T16:58:24Z,2026-09-03T23:00:00Z,Buffalo Bulls,Albany,2084,,betonlineag,totals,Under,-120.0,47.5
2f02052c3228ed6d9dc2e8ff8cdf5cdd,2026-09-03T16:58:24Z,2026-09-03T23:00:00Z,Buffalo Bulls,Albany,2084,,betmgm,h2h,Albany,700.0,
2f02052c3228ed6d9dc2e8ff8cdf5cdd,2026-09-03T16:58:24Z,2026-09-03T23:00:00Z,Buffalo Bulls,Albany,2084,,betmgm,h2h,Buffalo Bulls,-1000.0,
2f02052c3228ed6d9dc2e8ff8cdf5cdd,2026-09-03T16:58:24Z,2026-09-03T23:00:00Z,Buffalo Bulls,Albany,2084,,betmgm,spreads,Albany,-110.0,18.0
2f02052c3228ed6d9dc2e8ff8cdf5cdd,2026-09-03T16:58:24Z,2026-09-03T23:00:00Z,Buffalo Bulls,Albany,2084,,betmgm,spreads,Buffalo Bulls,-110.0,-18.0
2f02052c3228ed6d9dc2e8ff8cdf5cdd,2026-09-03T16:58:24Z,2026-09-03T23:00:00Z,Buffalo Bulls,Albany,2084,,betmgm,totals,Over,-110.0,47.5
2f02052c3228ed6d9dc2e8ff8cdf5cdd,2026-09-03T16:58:24Z,2026-09-03T23:00:00Z,Buffalo Bulls,Albany,2084,,betmgm,totals,Under,-108.0,47.5
d9f49d1967af91e2aade42979e8c65c8,2026-09-03T16:58:24Z,2026-09-03T23:00:00Z,UCF Knights,Bethune-Cookman Wildcats,2116,,fanduel,spreads,Bethune-Cookman Wildcats,-110.0,43.5
d9f49d1967af91e2aade42979e8c65c8,2026-09-03T16:58:24Z,2026-09-03T23:00:00Z,UCF Knights,Bethune-Cookman Wildcats,2116,,fanduel,spreads,UCF Knights,-110.0,-43.5
d9f49d1967af91e2aade42979e8c65c8,2026-09-03T16:58:24Z,2026-09-03T23:00:00Z,UCF Knights,Bethune-Cookman Wildcats,2116,,fanduel,totals,Over,-112.0,57.5
d9f49d1967af91e2aade42979e8c65c8,2026-09-03T16:58:24Z,2026-09-03T23:00:00Z,UCF Knights,Bethune-Cookman Wildcats,2116,,fanduel,totals,Under,-108.0,57.5
d9f49d1967af91e2aade42979e8c65c8,2026-09-03T16:58:24Z,2026-09-03T23:00:00Z,UCF Knights,Bethune-Cookman Wildcats,2116,,mybookieag,h2h,Bethune-Cookman Wildcats,1575.0,
d9f49d1967af91e2aade42979e8c65c8,2026-09-03T16:58:24Z,2026-09-03T23:00:00Z,UCF Knights,Bethune-Cookman Wildcats,2116,,mybookieag,h2h,UCF Knights,-100000.0,
d9f49d1967af91e2aade42979e8c65c8,2026-09-03T16:58:24Z,2026-09-03T23:00:00Z,UCF Knights,Bethune-Cookman Wildcats,2116,,mybookieag,spreads,Bethune-Cookman Wildcats,-110.0,42.5
d9f49d1967af91e2aade42979e8c65c8,2026-09-03T16:58:24Z,2026-09-03T23:00:00Z,UCF Knights,Bethune-Cookman Wildcats,2116,,mybookieag,spreads,UCF Knights,-110.0,-42.5
d9f49d1967af91e2aade42979e8c65c8,2026-09-03T16:58:24Z,2026-09-03T23:00:00Z,UCF Knights,Bethune-Cookman Wildcats,2116,,mybookieag,totals,Over,-110.0,58.5
d9f49d1967af91e2aade42979e8c65c8,2026-09-03T16:58:24Z,2026-09-03T23:00:00Z,UCF Knights,Bethune-Cookman Wildcats,2116,,mybookieag,totals,Under,-110.0,58.5
d9f49d1967af91e2aade42979e8c65c8,2026-09-03T16:58:24Z,2026-09-03T23:00:00Z,UCF Knights,Bethune-Cookman Wildcats,2116,,draftkings,spreads,Bethune-Cookman Wildcats,-115.0,43.5
d9f49d1967af91e2aade42979e8c65c8,2026-09-03T16:58:24Z,2026-09-03T23:00:00Z,UCF Knights,Bethune-Cookman Wildcats,2116,,draftkings,spreads,UCF Knights,-105.0,-43.5
d9f49d1967af91e2aade42979e8c65c8,2026-09-03T16:58:24Z,2026-09-03T23:00:00Z,UCF Knights,Bethune-Cookman Wildcats,2116,,draftkings,totals,Over,-108.0,57.5
d9f49d1967af91e2aade42979e8c65c8,2026-09-03T16:58:24Z,2026-09-03T23:00:00Z,UCF Knights,Bethune-Cookman Wildcats,2116,,draftkings,totals,Under,-112.0,57.5
d9f49d1967af91e2aade42979e8c65c8,2026-09-03T16:58:24Z,2026-09-03T23:00:00Z,UCF Knights,Bethune-Cookman Wildcats,2116,,betrivers,spreads,Bethune-Cookman Wildcats,-114.0,43.0
d9f49d1967af91e2aade42979e8c65c8,2026-09-03T16:58:24Z,2026-09-03T23:00:00Z,UCF Knights,Bethune-Cookman Wildcats,2116,,betrivers,spreads,UCF Knights,-109.0,-43.0
d9f49d1967af91e2aade42979e8c65c8,2026-09-03T16:58:24Z,2026-09-03T23:00:00Z,UCF Knights,Bethune-Cookman Wildcats,2116,,betrivers,totals,Over,-113.0,58.0
d9f49d1967af91e2aade42979e8c65c8,2026-09-03T16:58:24Z,2026-09-03T23:00:00Z,UCF Knights,Bethune-Cookman Wildcats,2116,,betrivers,totals,Under,-110.0,58.0
d9f49d1967af91e2aade42979e8c65c8,2026-09-03T16:58:24Z,2026-09-03T23:00:00Z,UCF Knights,Bethune-Cookman Wildcats,2116,,lowvig,spreads,Bethune-Cookman Wildcats,-115.0,42.5
d9f49d1967af91e2aade42979e8c65c8,2026-09-03T16:58:24Z,2026-09-03T23:00:00Z,UCF Knights,Bethune-Cookman Wildcats,2116,,lowvig,spreads,UCF Knights,-115.0,-42.5
d9f49d1967af91e2aade42979e8c65c8,2026-09-03T16:58:24Z,2026-09-03T23:00:00Z,UCF Knights,Bethune-Cookman Wildcats,2116,,lowvig,totals,Over,-130.0,57.5
d9f49d1967af91e2aade42979e8c65c8,2026-09-03T16:58:24Z,2026-09-03T23:00:00Z,UCF Knights,Bethune-Cookman Wildcats,2116,,lowvig,totals,Under,-101.0,57.5
d9f49d1967af91e2aade42979e8c65c8,2026-09-03T16:58:24Z,2026-09-03T23:00:00Z,UCF Knights,Bethune-Cookman Wildcats,2116,,betonlineag,spreads,Bethune-Cookman Wildcats,-115.0,42.5
d9f49d1967af91e2aade42979e8c65c8,2026-09-03T16:58:24Z,2026-09-03T23:00:00Z,UCF Knights,Bethune-Cookman Wildcats,2116,,betonlineag,spreads,UCF Knights,-115.0,-42.5
d9f49d1967af91e2aade42979e8c65c8,2026-09-03T16:58:24Z,2026-09-03T23:00:00Z,UCF Knights,Bethune-Cookman Wildcats,2116,,betonlineag,totals,Over,-130.0,57.5
d9f49d1967af91e2aade42979e8c65c8,2026-09-03T16:58:24Z,2026-09-03T23:00:00Z,UCF Knights,Bethune-Cookman Wildcats,2116,,betonlineag,totals,Under,-101.0,57.5
d9f49d1967af91e2aade42979e8c65c8,2026-09-03T16:58:24Z,2026-09-03T23:00:00Z,UCF Knights,Bethune-Cookman Wildcats,2116,,betmgm,spreads,Bethune-Cookman Wildcats,-112.0,42.5
d9f49d1967af91e2aade42979e8c65c8,2026-09-03T16:58:24Z,2026-09-03T23:00:00Z,UCF Knights,Bethune-Cookman Wildcats,2116,,betmgm,spreads,UCF Knights,-105.0,-42.5
d9f49d1967af91e2aade42979e8c65c8,2026-09-03T16:58:24Z,2026-09-03T23:00:00Z,UCF Knights,Bethune-Cookman Wildcats,2116,,betmgm,totals,Over,-110.0,58.5
d9f49d1967af91e2aade42979e8c65c8,2026-09-03T16:58:24Z,2026-09-03T23:00:00Z,UCF Knights,Bethune-Cookman Wildcats,2116,,betmgm,totals,Under,-108.0,58.5
99279326548a5f5399cc9a2efe27a057,2026-09-03T16:58:24Z,2026-09-03T23:00:00Z,Delaware Blue Hens,Merrimack Warriors,48,,fanduel,h2h,Delaware Blue Hens,-10000.0,
99279326548a5f5399cc9a2efe27a057,2026-09-03T16:58:24Z,2026-09-03T23:00:00Z,Delaware Blue Hens,Merrimack Warriors,48,,fanduel,h2h,Merrimack Warriors,3000.0,
99279326548a5f5399cc9a2efe27a057,2026-09-03T16:58:24Z,2026-09-03T23:00:00Z,Delaware Blue Hens,Merrimack Warriors,48,,fanduel,spreads,Delaware Blue Hens,-120.0,-31.5
99279326548a5f5399cc9a2efe27a057,2026-09-03T16:58:24Z,2026-09-03T23:00:00Z,Delaware Blue Hens,Merrimack Warriors,48,,fanduel,spreads,Merrimack Warriors,-102.0,31.5
99279326548a5f5399cc9a2efe27a057,2026-09-03T16:58:24Z,2026-09-03T23:00:00Z,Delaware Blue Hens,Merrimack Warriors,48,,fanduel,totals,Over,-110.0,55.5
99279326548a5f5399cc9a2efe27a057,2026-09-03T16:58:24Z,2026-09-03T23:00:00Z,Delaware Blue Hens,Merrimack Warriors,48,,fanduel,totals,Under,-110.0,55.5
99279326548a5f5399cc9a2efe27a057,2026-09-03T16:58:24Z,2026-09-03T23:00:00Z,Delaware Blue Hens,Merrimack Warriors,48,,mybookieag,h2h,Delaware Blue Hens,-12500.0,
99279326548a5f5399cc9a2efe27a057,2026-09-03T16:58:24Z,2026-09-03T23:00:00Z,Delaware Blue Hens,Merrimack Warriors,48,,mybookieag,h2h,Merrimack Warriors,1350.0,
99279326548a5f5399cc9a2efe27a057,2026-09-03T16:58:24Z,2026-09-03T23:00:00Z,Delaware Blue Hens,Merrimack Warriors,48,,mybookieag,spreads,Delaware Blue Hens,-110.0,-31.5
99279326548a5f5399cc9a2efe27a057,2026-09-03T16:58:24Z,2026-09-03T23:00:00Z,Delaware Blue Hens,Merrimack Warriors,48,,mybookieag,spreads,Merrimack Warriors,-110.0,31.5
99279326548a5f5399cc9a2efe27a057,2026-09-03T16:58:24Z,2026-09-03T23:00:00Z,Delaware Blue Hens,Merrimack Warriors,48,,mybookieag,totals,Over,-110.0,56.5
99279326548a5f5399cc9a2efe27a057,2026-09-03T16:58:24Z,2026-09-03T23:00:00Z,Delaware Blue Hens,Merrimack Warriors,48,,mybookieag,totals,Under,-110.0,56.5
99279326548a5f5399cc9a2efe27a057,2026-09-03T16:58:24Z,2026-09-03T23:00:00Z,Delaware Blue Hens,Merrimack Warriors,48,,draftkings,h2h,Delaware Blue Hens,-50000.0,
99279326548a5f5399cc9a2efe27a057,2026-09-03T16:58:24Z,2026-09-03T23:00:00Z,Delaware Blue Hens,Merrimack Warriors,48,,draftkings,h2h,Merrimack Warriors,4000.0,
99279326548a5f5399cc9a2efe27a057,2026-09-03T16:58:24Z,2026-09-03T23:00:00Z,Delaware Blue Hens,Merrimack Warriors,48,,draftkings,spreads,Delaware Blue Hens,-108.0,-31.5
99279326548a5f5399cc9a2efe27a057,2026-09-03T16:58:24Z,2026-09-03T23:00:00Z,Delaware Blue Hens,Merrimack Warriors,48,,draftkings,spreads,Merrimack Warriors,-112.0,31.5
99279326548a5f5399cc9a2efe27a057,2026-09-03T16:58:24Z,2026-09-03T23:00:00Z,Delaware Blue Hens,Merrimack Warriors,48,,draftkings,totals,Over,-108.0,56.5
99279326548a5f5399cc9a2efe27a057,2026-09-03T16:58:24Z,2026-09-03T23:00:00Z,Delaware Blue Hens,Merrimack Warriors,48,,draftkings,totals,Under,-112.0,56.5
99279326548a5f5399cc9a2efe27a057,2026-09-03T16:58:24Z,2026-09-03T23:00:00Z,Delaware Blue Hens,Merrimack Warriors,48,,betrivers,spreads,Delaware Blue Hens,-108.0,-31.5
99279326548a5f5399cc9a2efe27a057,2026-09-03T16:58:24Z,2026-09-03T23:00:00Z,Delaware Blue Hens,Merrimack Warriors,48,,betrivers,spreads,Merrimack Warriors,-115.0,31.5
99279326548a5f5399cc9a2efe27a057,2026-09-03T16:58:24Z,2026-09-03T23:00:00Z,Delaware Blue Hens,Merrimack Warriors,48,,betrivers,totals,Over,-109.0,57.0
99279326548a5f5399cc9a2efe27a057,2026-09-03T16:58:24Z,2026-09-03T23:00:00Z,Delaware Blue Hens,Merrimack Warriors,48,,betrivers,totals,Under,-114.0,57.0
99279326548a5f5399cc9a2efe27a057,2026-09-03T16:58:24Z,2026-09-03T23:00:00Z,Delaware Blue Hens,Merrimack Warriors,48,,lowvig,spreads,Delaware Blue Hens,-125.0,-31.0
99279326548a5f5399cc9a2efe27a057,2026-09-03T16:58:24Z,2026-09-03T23:00:00Z,Delaware Blue Hens,Merrimack Warriors,48,,lowvig,spreads,Merrimack Warriors,-105.0,31.0
99279326548a5f5399cc9a2efe27a057,2026-09-03T16:58:24Z,2026-09-03T23:00:00Z,Delaware Blue Hens,Merrimack Warriors,48,,lowvig,totals,Over,-120.0,55.5
99279326548a5f5399cc9a2efe27a057,2026-09-03T16:58:24Z,2026-09-03T23:00:00Z,Delaware Blue Hens,Merrimack Warriors,48,,lowvig,totals,Under,-110.0,55.5
99279326548a5f5399cc9a2efe27a057,2026-09-03T16:58:24Z,2026-09-03T23:00:00Z,Delaware Blue Hens,Merrimack Warriors,48,,betonlineag,spreads,Delaware Blue Hens,-125.0,-31.0
99279326548a5f5399cc9a2efe27a057,2026-09-03T16:58:24Z,2026-09-03T23:00:00Z,Delaware Blue Hens,Merrimack Warriors,48,,betonlineag,spreads,Merrimack Warriors,-105.0,31.0
99279326548a5f5399cc9a2efe27a057,2026-09-03T16:58:24Z,2026-09-03T23:00:00Z,Delaware Blue Hens,Merrimack Warriors,48,,betonlineag,totals,Over,-120.0,55.5
99279326548a5f5399cc9a2efe27a057,2026-09-03T16:58:24Z,2026-09-03T23:00:00Z,Delaware Blue Hens,Merrimack Warriors,48,,betonlineag,totals,Under,-110.0,55.5
99279326548a5f5399cc9a2efe27a057,2026-09-03T16:58:24Z,2026-09-03T23:00:00Z,Delaware Blue Hens,Merrimack Warriors,48,,betmgm,h2h,Delaware Blue Hens,-12500.0,
99279326548a5f5399cc9a2efe27a057,2026-09-03T16:58:24Z,2026-09-03T23:00:00Z,Delaware Blue Hens,Merrimack Warriors,48,,betmgm,h2h,Merrimack Warriors,3500.0,
99279326548a5f5399cc9a2efe27a057,2026-09-03T16:58:24Z,2026-09-03T23:00:00Z,Delaware Blue Hens,Merrimack Warriors,48,,betmgm,spreads,Delaware Blue Hens,-110.0,-31.5
99279326548a5f5399cc9a2efe27a057,2026-09-03T16:58:24Z,2026-09-03T23:00:00Z,Delaware Blue Hens,Merrimack Warriors,48,,betmgm,spreads,Merrimack Warriors,-108.0,31.5
99279326548a5f5399cc9a2efe27a057,2026-09-03T16:58:24Z,2026-09-03T23:00:00Z,Delaware Blue Hens,Merrimack Warriors,48,,betmgm,totals,Over,-105.0,56.5
99279326548a5f5399cc9a2efe27a057,2026-09-03T16:58:24Z,2026-09-03T23:00:00Z,Delaware Blue Hens,Merrimack Warriors,48,,betmgm,totals,Under,-112.0,56.5
018e668269a3b5dc4055758ca86b1062,2026-09-03T16:58:24Z,2026-09-03T23:00:00Z,Kennesaw State Owls,West Georgia Wolves,338,,fanduel,h2h,Kennesaw State Owls,-2500.0,
018e668269a3b5dc4055758ca86b1062,2026-09-03T16:58:24Z,2026-09-03T23:00:00Z,Kennesaw State Owls,West Georgia Wolves,338,,fanduel,h2h,West Georgia Wolves,1100.0,
018e668269a3b5dc4055758ca86b1062,2026-09-03T16:58:24Z,2026-09-03T23:00:00Z,Kennesaw State Owls,West Georgia Wolves,338,,fanduel,spreads,Kennesaw State Owls,-110.0,-21.5
018e668269a3b5dc4055758ca86b1062,2026-09-03T16:58:24Z,2026-09-03T23:00:00Z,Kennesaw State Owls,West Georgia Wolves,338,,fanduel,spreads,West Georgia Wolves,-110.0,21.5
018e668269a3b5dc4055758ca86b1062,2026-09-03T16:58:24Z,2026-09-03T23:00:00Z,Kennesaw State Owls,West Georgia Wolves,338,,fanduel,totals,Over,-110.0,50.5
018e668269a3b5dc4055758ca86b1062,2026-09-03T16:58:24Z,2026-09-03T23:00:00Z,Kennesaw State Owls,West Georgia Wolves,338,,fanduel,totals,Under,-110.0,50.5
018e668269a3b5dc4055758ca86b1062,2026-09-03T16:58:24Z,2026-09-03T23:00:00Z,Kennesaw State Owls,West Georgia Wolves,338,,mybookieag,h2h,Kennesaw State Owls,-5000.0,
018e668269a3b5dc4055758ca86b1062,2026-09-03T16:58:24Z,2026-09-03T23:00:00Z,Kennesaw State Owls,West Georgia Wolves,338,,mybookieag,h2h,West Georgia Wolves,1125.0,
018e668269a3b5dc4055758ca86b1062,2026-09-03T16:58:24Z,2026-09-03T23:00:00Z,Kennesaw State Owls,West Georgia Wolves,338,,mybookieag,spreads,Kennesaw State Owls,-110.0,-21.5
018e668269a3b5dc4055758ca86b1062,2026-09-03T16:58:24Z,2026-09-03T23:00:00Z,Kennesaw State Owls,West Georgia Wolves,338,,mybookieag,spreads,West Georgia Wolves,-110.0,21.5
018e668269a3b5dc4055758ca86b1062,2026-09-03T16:58:24Z,2026-09-03T23:00:00Z,Kennesaw State Owls,West Georgia Wolves,338,,mybookieag,totals,Over,-110.0,50.5
018e668269a3b5dc4055758ca86b1062,2026-09-03T16:58:24Z,2026-09-03T23:00:00Z,Kennesaw State Owls,West Georgia Wolves,338,,mybookieag,totals,Under,-110.0,50.5
018e668269a3b5dc4055758ca86b1062,2026-09-03T16:58:24Z,2026-09-03T23:00:00Z,Kennesaw State Owls,West Georgia Wolves,338,,draftkings,h2h,Kennesaw State Owls,-3600.0,
018e668269a3b5dc4055758ca86b1062,2026-09-03T16:58:24Z,2026-09-03T23:00:00Z,Kennesaw State Owls,West Georgia Wolves,338,,draftkings,h2h,West Georgia Wolves,1500.0,
018e668269a3b5dc4055758ca86b1062,2026-09-03T16:58:24Z,2026-09-03T23:00:00Z,Kennesaw State Owls,West Georgia Wolves,338,,draftkings,spreads,Kennesaw State Owls,-112.0,-22.5
018e668269a3b5dc4055758ca86b1062,2026-09-03T16:58:24Z,2026-09-03T23:00:00Z,Kennesaw State Owls,West Georgia Wolves,338,,draftkings,spreads,West Georgia Wolves,-108.0,22.5
018e668269a3b5dc4055758ca86b1062,2026-09-03T16:58:24Z,2026-09-03T23:00:00Z,Kennesaw State Owls,West Georgia Wolves,338,,draftkings,totals,Over,-110.0,50.5
018e668269a3b5dc4055758ca86b1062,2026-09-03T16:58:24Z,2026-09-03T23:00:00Z,Kennesaw State Owls,West Georgia Wolves,338,,draftkings,totals,Under,-110.0,50.5
018e668269a3b5dc4055758ca86b1062,2026-09-03T16:58:24Z,2026-09-03T23:00:00Z,Kennesaw State Owls,West Georgia Wolves,338,,betrivers,h2h,Kennesaw State Owls,-10000.0,
018e668269a3b5dc4055758ca86b1062,2026-09-03T16:58:24Z,2026-09-03T23:00:00Z,Kennesaw State Owls,West Georgia Wolves,338,,betrivers,h2h,West Georgia Wolves,1400.0,
018e668269a3b5dc4055758ca86b1062,2026-09-03T16:58:24Z,2026-09-03T23:00:00Z,Kennesaw State Owls,West Georgia Wolves,338,,betrivers,spreads,Kennesaw State Owls,-110.0,-22.0
018e668269a3b5dc4055758ca86b1062,2026-09-03T16:58:24Z,2026-09-03T23:00:00Z,Kennesaw State Owls,West Georgia Wolves,338,,betrivers,spreads,West Georgia Wolves,-113.0,22.0
018e668269a3b5dc4055758ca86b1062,2026-09-03T16:58:24Z,2026-09-03T23:00:00Z,Kennesaw State Owls,West Georgia Wolves,338,,betrivers,totals,Over,-113.0,50.5
018e668269a3b5dc4055758ca86b1062,2026-09-03T16:58:24Z,2026-09-03T23:00:00Z,Kennesaw State Owls,West Georgia Wolves,338,,betrivers,totals,Under,-110.0,50.5
018e668269a3b5dc4055758ca86b1062,2026-09-03T16:58:24Z,2026-09-03T23:00:00Z,Kennesaw State Owls,West Georgia Wolves,338,,lowvig,spreads,Kennesaw State Owls,-115.0,-21.5
018e668269a3b5dc4055758ca86b1062,2026-09-03T16:58:24Z,2026-09-03T23:00:00Z,Kennesaw State Owls,West Georgia Wolves,338,,lowvig,spreads,West Georgia Wolves,-115.0,21.5
018e668269a3b5dc4055758ca86b1062,2026-09-03T16:58:24Z,2026-09-03T23:00:00Z,Kennesaw State Owls,West Georgia Wolves,338,,lowvig,totals,Over,-115.0,50.5
018e668269a3b5dc4055758ca86b1062,2026-09-03T16:58:24Z,2026-09-03T23:00:00Z,Kennesaw State Owls,West Georgia Wolves,338,,lowvig,totals,Under,-115.0,50.5
018e668269a3b5dc4055758ca86b1062,2026-09-03T16:58:24Z,2026-09-03T23:00:00Z,Kennesaw State Owls,West Georgia Wolves,338,,betonlineag,spreads,Kennesaw State Owls,-115.0,-21.5
018e668269a3b5dc4055758ca86b1062,2026-09-03T16:58:24Z,2026-09-03T23:00:00Z,Kennesaw State Owls,West Georgia Wolves,338,,betonlineag,spreads,West Georgia Wolves,-115.0,21.5
018e668269a3b5dc4055758ca86b1062,2026-09-03T16:58:24Z,2026-09-03T23:00:00Z,Kennesaw State Owls,West Georgia Wolves,338,,betonlineag,totals,Over,-115.0,50.5
018e668269a3b5dc4055758ca86b1062,2026-09-03T16:58:24Z,2026-09-03T23:00:00Z,Kennesaw State Owls,West Georgia Wolves,338,,betonlineag,totals,Under,-115.0,50.5
018e668269a3b5dc4055758ca86b1062,2026-09-03T16:58:24Z,2026-09-03T23:00:00Z,Kennesaw State Owls,West Georgia Wolves,338,,betmgm,h2h,Kennesaw State Owls,-2500.0,
018e668269a3b5dc4055758ca86b1062,2026-09-03T16:58:24Z,2026-09-03T23:00:00Z,Kennesaw State Owls,West Georgia Wolves,338,,betmgm,h2h,West Georgia Wolves,1300.0,
018e668269a3b5dc4055758ca86b1062,2026-09-03T16:58:24Z,2026-09-03T23:00:00Z,Kennesaw State Owls,West Georgia Wolves,338,,betmgm,spreads,Kennesaw State Owls,-110.0,-21.5
018e668269a3b5dc4055758ca86b1062,2026-09-03T16:58:24Z,2026-09-03T23:00:00Z,Kennesaw State Owls,West Georgia Wolves,338,,betmgm,spreads,West Georgia Wolves,-108.0,21.5
018e668269a3b5dc4055758ca86b1062,2026-09-03T16:58:24Z,2026-09-03T23:00:00Z,Kennesaw State Owls,West Georgia Wolves,338,,betmgm,totals,Over,-110.0,50.5
018e668269a3b5dc4055758ca86b1062,2026-09-03T16:58:24Z,2026-09-03T23:00:00Z,Kennesaw State Owls,West Georgia Wolves,338,,betmgm,totals,Under,-108.0,50.5
64cf9eedef7f4c7a764860a59f3c4329,2026-09-03T16:58:24Z,2026-09-04T00:00:00Z,Missouri Tigers,Arkansas Pine Bluff Golden Lions,142,,fanduel,spreads,Arkansas Pine Bluff Golden Lions,-108.0,55.5
64cf9eedef7f4c7a764860a59f3c4329,2026-09-03T16:58:24Z,2026-09-04T00:00:00Z,Missouri Tigers,Arkansas Pine Bluff Golden Lions,142,,fanduel,spreads,Missouri Tigers,-112.0,-55.5
64cf9eedef7f4c7a764860a59f3c4329,2026-09-03T16:58:24Z,2026-09-04T00:00:00Z,Missouri Tigers,Arkansas Pine Bluff Golden Lions,142,,fanduel,totals,Over,-115.0,61.5
64cf9eedef7f4c7a764860a59f3c4329,2026-09-03T16:58:24Z,2026-09-04T00:00:00Z,Missouri Tigers,Arkansas Pine Bluff Golden Lions,142,,fanduel,totals,Under,-105.0,61.5
64cf9eedef7f4c7a764860a59f3c4329,2026-09-03T16:58:24Z,2026-09-04T00:00:00Z,Missouri Tigers,Arkansas Pine Bluff Golden Lions,142,,draftkings,spreads,Arkansas Pine Bluff Golden Lions,-102.0,55.5
64cf9eedef7f4c7a764860a59f3c4329,2026-09-03T16:58:24Z,2026-09-04T00:00:00Z,Missouri Tigers,Arkansas Pine Bluff Golden Lions,142,,draftkings,spreads,Missouri Tigers,-118.0,-55.5
64cf9eedef7f4c7a764860a59f3c4329,2026-09-03T16:58:24Z,2026-09-04T00:00:00Z,Missouri Tigers,Arkansas Pine Bluff Golden Lions,142,,draftkings,totals,Over,-118.0,61.5
64cf9eedef7f4c7a764860a59f3c4329,2026-09-03T16:58:24Z,2026-09-04T00:00:00Z,Missouri Tigers,Arkansas Pine Bluff Golden Lions,142,,draftkings,totals,Under,-102.0,61.5
64cf9eedef7f4c7a764860a59f3c4329,2026-09-03T16:58:24Z,2026-09-04T00:00:00Z,Missouri Tigers,Arkansas Pine Bluff Golden Lions,142,,betrivers,spreads,Arkansas Pine Bluff Golden Lions,-110.0,55.0
64cf9eedef7f4c7a764860a59f3c4329,2026-09-03T16:58:24Z,2026-09-04T00:00:00Z,Missouri Tigers,Arkansas Pine Bluff Golden Lions,142,,betrivers,spreads,Missouri Tigers,-112.0,-55.0
64cf9eedef7f4c7a764860a59f3c4329,2026-09-03T16:58:24Z,2026-09-04T00:00:00Z,Missouri Tigers,Arkansas Pine Bluff Golden Lions,142,,betrivers,totals,Over,-108.0,62.0
64cf9eedef7f4c7a764860a59f3c4329,2026-09-03T16:58:24Z,2026-09-04T00:00:00Z,Missouri Tigers,Arkansas Pine Bluff Golden Lions,142,,betrivers,totals,Under,-115.0,62.0
64cf9eedef7f4c7a764860a59f3c4329,2026-09-03T16:58:24Z,2026-09-04T00:00:00Z,Missouri Tigers,Arkansas Pine Bluff Golden Lions,142,,lowvig,spreads,Arkansas Pine Bluff Golden Lions,-115.0,56.0
64cf9eedef7f4c7a764860a59f3c4329,2026-09-03T16:58:24Z,2026-09-04T00:00:00Z,Missouri Tigers,Arkansas Pine Bluff Golden Lions,142,,lowvig,spreads,Missouri Tigers,-115.0,-56.0
64cf9eedef7f4c7a764860a59f3c4329,2026-09-03T16:58:24Z,2026-09-04T00:00:00Z,Missouri Tigers,Arkansas Pine Bluff Golden Lions,142,,lowvig,totals,Over,-101.0,62.0
64cf9eedef7f4c7a764860a59f3c4329,2026-09-03T16:58:24Z,2026-09-04T00:00:00Z,Missouri Tigers,Arkansas Pine Bluff Golden Lions,142,,lowvig,totals,Under,-130.0,62.0
64cf9eedef7f4c7a764860a59f3c4329,2026-09-03T16:58:24Z,2026-09-04T00:00:00Z,Missouri Tigers,Arkansas Pine Bluff Golden Lions,142,,betonlineag,spreads,Arkansas Pine Bluff Golden Lions,-115.0,56.0
64cf9eedef7f4c7a764860a59f3c4329,2026-09-03T16:58:24Z,2026-09-04T00:00:00Z,Missouri Tigers,Arkansas Pine Bluff Golden Lions,142,,betonlineag,spreads,Missouri Tigers,-115.0,-56.0
64cf9eedef7f4c7a764860a59f3c4329,2026-09-03T16:58:24Z,2026-09-04T00:00:00Z,Missouri Tigers,Arkansas Pine Bluff Golden Lions,142,,betonlineag,totals,Over,-101.0,62.0
64cf9eedef7f4c7a764860a59f3c4329,2026-09-03T16:58:24Z,2026-09-04T00:00:00Z,Missouri Tigers,Arkansas Pine Bluff Golden Lions,142,,betonlineag,totals,Under,-130.0,62.0
64cf9eedef7f4c7a764860a59f3c4329,2026-09-03T16:58:24Z,2026-09-04T00:00:00Z,Missouri Tigers,Arkansas Pine Bluff Golden Lions,142,,betmgm,spreads,Arkansas Pine Bluff Golden Lions,-108.0,55.5
64cf9eedef7f4c7a764860a59f3c4329,2026-09-03T16:58:24Z,2026-09-04T00:00:00Z,Missouri Tigers,Arkansas Pine Bluff Golden Lions,142,,betmgm,spreads,Missouri Tigers,-110.0,-55.5
64cf9eedef7f4c7a764860a59f3c4329,2026-09-03T16:58:24Z,2026-09-04T00:00:00Z,Missouri Tigers,Arkansas Pine Bluff Golden Lions,142,,betmgm,totals,Over,-108.0,61.5
64cf9eedef7f4c7a764860a59f3c4329,2026-09-03T16:58:24Z,2026-09-04T00:00:00Z,Missouri Tigers,Arkansas Pine Bluff Golden Lions,142,,betmgm,totals,Under,-110.0,61.5
64cf9eedef7f4c7a764860a59f3c4329,2026-09-03T16:58:24Z,2026-09-04T00:00:00Z,Missouri Tigers,Arkansas Pine Bluff Golden Lions,142,,mybookieag,h2h,Arkansas Pine Bluff Golden Lions,1575.0,
64cf9eedef7f4c7a764860a59f3c4329,2026-09-03T16:58:24Z,2026-09-04T00:00:00Z,Missouri Tigers,Arkansas Pine Bluff Golden Lions,142,,mybookieag,h2h,Missouri Tigers,-100000.0,
64cf9eedef7f4c7a764860a59f3c4329,2026-09-03T16:58:24Z,2026-09-04T00:00:00Z,Missouri Tigers,Arkansas Pine Bluff Golden Lions,142,,mybookieag,spreads,Arkansas Pine Bluff Golden Lions,-110.0,54.5
64cf9eedef7f4c7a764860a59f3c4329,2026-09-03T16:58:24Z,2026-09-04T00:00:00Z,Missouri Tigers,Arkansas Pine Bluff Golden Lions,142,,mybookieag,spreads,Missouri Tigers,-110.0,-54.5
64cf9eedef7f4c7a764860a59f3c4329,2026-09-03T16:58:24Z,2026-09-04T00:00:00Z,Missouri Tigers,Arkansas Pine Bluff Golden Lions,142,,mybookieag,totals,Over,-110.0,61.5
64cf9eedef7f4c7a764860a59f3c4329,2026-09-03T16:58:24Z,2026-09-04T00:00:00Z,Missouri Tigers,Arkansas Pine Bluff Golden Lions,142,,mybookieag,totals,Under,-110.0,61.5
1d6daad1c93bf7e5ae16be1db12e27d5,2026-09-03T16:58:24Z,2026-09-04T00:00:00Z,Georgia Tech Yellow Jackets,Colorado Buffaloes,59,38.0,draftkings,h2h,Colorado Buffaloes,195.0,
1d6daad1c93bf7e5ae16be1db12e27d5,2026-09-03T16:58:24Z,2026-09-04T00:00:00Z,Georgia Tech Yellow Jackets,Colorado Buffaloes,59,38.0,draftkings,h2h,Georgia Tech Yellow Jackets,-238.0,
1d6daad1c93bf7e5ae16be1db12e27d5,2026-09-03T16:58:24Z,2026-09-04T00:00:00Z,Georgia Tech Yellow Jackets,Colorado Buffaloes,59,38.0,draftkings,spreads,Colorado Buffaloes,-108.0,6.5
1d6daad1c93bf7e5ae16be1db12e27d5,2026-09-03T16:58:24Z,2026-09-04T00:00:00Z,Georgia Tech Yellow Jackets,Colorado Buffaloes,59,38.0,draftkings,spreads,Georgia Tech Yellow Jackets,-112.0,-6.5
1d6daad1c93bf7e5ae16be1db12e27d5,2026-09-03T16:58:24Z,2026-09-04T00:00:00Z,Georgia Tech Yellow Jackets,Colorado Buffaloes,59,38.0,draftkings,totals,Over,-108.0,51.5
1d6daad1c93bf7e5ae16be1db12e27d5,2026-09-03T16:58:24Z,2026-09-04T00:00:00Z,Georgia Tech Yellow Jackets,Colorado Buffaloes,59,38.0,draftkings,totals,Under,-112.0,51.5
1d6daad1c93bf7e5ae16be1db12e27d5,2026-09-03T16:58:24Z,2026-09-04T00:00:00Z,Georgia Tech Yellow Jackets,Colorado Buffaloes,59,38.0,betonlineag,h2h,Colorado Buffaloes,195.0,
1d6daad1c93bf7e5ae16be1db12e27d5,2026-09-03T16:58:24Z,2026-09-04T00:00:00Z,Georgia Tech Yellow Jackets,Colorado Buffaloes,59,38.0,betonlineag,h2h,Georgia Tech Yellow Jackets,-235.0,
1d6daad1c93bf7e5ae16be1db12e27d5,2026-09-03T16:58:24Z,2026-09-04T00:00:00Z,Georgia Tech Yellow Jackets,Colorado Buffaloes,59,38.0,betonlineag,spreads,Colorado Buffaloes,-110.0,6.5
1d6daad1c93bf7e5ae16be1db12e27d5,2026-09-03T16:58:24Z,2026-09-04T00:00:00Z,Georgia Tech Yellow Jackets,Colorado Buffaloes,59,38.0,betonlineag,spreads,Georgia Tech Yellow Jackets,-110.0,-6.5
1d6daad1c93bf7e5ae16be1db12e27d5,2026-09-03T16:58:24Z,2026-09-04T00:00:00Z,Georgia Tech Yellow Jackets,Colorado Buffaloes,59,38.0,betonlineag,totals,Over,-105.0,51.5
1d6daad1c93bf7e5ae16be1db12e27d5,2026-09-03T16:58:24Z,2026-09-04T00:00:00Z,Georgia Tech Yellow Jackets,Colorado Buffaloes,59,38.0,betonlineag,totals,Under,-115.0,51.5
1d6daad1c93bf7e5ae16be1db12e27d5,2026-09-03T16:58:24Z,2026-09-04T00:00:00Z,Georgia Tech Yellow Jackets,Colorado Buffaloes,59,38.0,lowvig,h2h,Colorado Buffaloes,195.0,
1d6daad1c93bf7e5ae16be1db12e27d5,2026-09-03T16:58:24Z,2026-09-04T00:00:00Z,Georgia Tech Yellow Jackets,Colorado Buffaloes,59,38.0,lowvig,h2h,Georgia Tech Yellow Jackets,-235.0,
1d6daad1c93bf7e5ae16be1db12e27d5,2026-09-03T16:58:24Z,2026-09-04T00:00:00Z,Georgia Tech Yellow Jackets,Colorado Buffaloes,59,38.0,lowvig,spreads,Colorado Buffaloes,-106.0,6.5
1d6daad1c93bf7e5ae16be1db12e27d5,2026-09-03T16:58:24Z,2026-09-04T00:00:00Z,Georgia Tech Yellow Jackets,Colorado Buffaloes,59,38.0,lowvig,spreads,Georgia Tech Yellow Jackets,-106.0,-6.5
1d6daad1c93bf7e5ae16be1db12e27d5,2026-09-03T16:58:24Z,2026-09-04T00:00:00Z,Georgia Tech Yellow Jackets,Colorado Buffaloes,59,38.0,lowvig,totals,Over,-108.0,51.5
1d6daad1c93bf7e5ae16be1db12e27d5,2026-09-03T16:58:24Z,2026-09-04T00:00:00Z,Georgia Tech Yellow Jackets,Colorado Buffaloes,59,38.0,lowvig,totals,Under,-108.0,51.5
1d6daad1c93bf7e5ae16be1db12e27d5,2026-09-03T16:58:24Z,2026-09-04T00:00:00Z,Georgia Tech Yellow Jackets,Colorado Buffaloes,59,38.0,betus,h2h,Colorado Buffaloes,200.0,
1d6daad1c93bf7e5ae16be1db12e27d5,2026-09-03T16:58:24Z,2026-09-04T00:00:00Z,Georgia Tech Yellow Jackets,Colorado Buffaloes,59,38.0,betus,h2h,Georgia Tech Yellow Jackets,-235.0,
1d6daad1c93bf7e5ae16be1db12e27d5,2026-09-03T16:58:24Z,2026-09-04T00:00:00Z,Georgia Tech Yellow Jackets,Colorado Buffaloes,59,38.0,betus,spreads,Colorado Buffaloes,-110.0,6.5
1d6daad1c93bf7e5ae16be1db12e27d5,2026-09-03T16:58:24Z,2026-09-04T00:00:00Z,Georgia Tech Yellow Jackets,Colorado Buffaloes,59,38.0,betus,spreads,Georgia Tech Yellow Jackets,-110.0,-6.5
1d6daad1c93bf7e5ae16be1db12e27d5,2026-09-03T16:58:24Z,2026-09-04T00:00:00Z,Georgia Tech Yellow Jackets,Colorado Buffaloes,59,38.0,betus,totals,Over,-110.0,51.5
1d6daad1c93bf7e5ae16be1db12e27d5,2026-09-03T16:58:24Z,2026-09-04T00:00:00Z,Georgia Tech Yellow Jackets,Colorado Buffaloes,59,38.0,betus,totals,Under,-110.0,51.5
1d6daad1c93bf7e5ae16be1db12e27d5,2026-09-03T16:58:24Z,2026-09-04T00:00:00Z,Georgia Tech Yellow Jackets,Colorado Buffaloes,59,38.0,bovada,h2h,Colorado Buffaloes,210.0,
1d6daad1c93bf7e5ae16be1db12e27d5,2026-09-03T16:58:24Z,2026-09-04T00:00:00Z,Georgia Tech Yellow Jackets,Colorado Buffaloes,59,38.0,bovada,h2h,Georgia Tech Yellow Jackets,-250.0,
1d6daad1c93bf7e5ae16be1db12e27d5,2026-09-03T16:58:24Z,2026-09-04T00:00:00Z,Georgia Tech Yellow Jackets,Colorado Buffaloes,59,38.0,bovada,spreads,Colorado Buffaloes,-110.0,6.5
1d6daad1c93bf7e5ae16be1db12e27d5,2026-09-03T16:58:24Z,2026-09-04T00:00:00Z,Georgia Tech Yellow Jackets,Colorado Buffaloes,59,38.0,bovada,spreads,Georgia Tech Yellow Jackets,-110.0,-6.5
1d6daad1c93bf7e5ae16be1db12e27d5,2026-09-03T16:58:24Z,2026-09-04T00:00:00Z,Georgia Tech Yellow Jackets,Colorado Buffaloes,59,38.0,bovada,totals,Over,-105.0,51.5
1d6daad1c93bf7e5ae16be1db12e27d5,2026-09-03T16:58:24Z,2026-09-04T00:00:00Z,Georgia Tech Yellow Jackets,Colorado Buffaloes,59,38.0,bovada,totals,Under,-115.0,51.5
1d6daad1c93bf7e5ae16be1db12e27d5,2026-09-03T16:58:24Z,2026-09-04T00:00:00Z,Georgia Tech Yellow Jackets,Colorado Buffaloes,59,38.0,fanduel,h2h,Colorado Buffaloes,202.0,
1d6daad1c93bf7e5ae16be1db12e27d5,2026-09-03T16:58:24Z,2026-09-04T00:00:00Z,Georgia Tech Yellow Jackets,Colorado Buffaloes,59,38.0,fanduel,h2h,Georgia Tech Yellow Jackets,-250.0,
1d6daad1c93bf7e5ae16be1db12e27d5,2026-09-03T16:58:24Z,2026-09-04T00:00:00Z,Georgia Tech Yellow Jackets,Colorado Buffaloes,59,38.0,fanduel,spreads,Colorado Buffaloes,-106.0,6.5
1d6daad1c93bf7e5ae16be1db12e27d5,2026-09-03T16:58:24Z,2026-09-04T00:00:00Z,Georgia Tech Yellow Jackets,Colorado Buffaloes,59,38.0,fanduel,spreads,Georgia Tech Yellow Jackets,-114.0,-6.5
1d6daad1c93bf7e5ae16be1db12e27d5,2026-09-03T16:58:24Z,2026-09-04T00:00:00Z,Georgia Tech Yellow Jackets,Colorado Buffaloes,59,38.0,fanduel,totals,Over,-112.0,51.5
1d6daad1c93bf7e5ae16be1db12e27d5,2026-09-03T16:58:24Z,2026-09-04T00:00:00Z,Georgia Tech Yellow Jackets,Colorado Buffaloes,59,38.0,fanduel,totals,Under,-108.0,51.5
1d6daad1c93bf7e5ae16be1db12e27d5,2026-09-03T16:58:24Z,2026-09-04T00:00:00Z,Georgia Tech Yellow Jackets,Colorado Buffaloes,59,38.0,betmgm,h2h,Colorado Buffaloes,200.0,
1d6daad1c93bf7e5ae16be1db12e27d5,2026-09-03T16:58:24Z,2026-09-04T00:00:00Z,Georgia Tech Yellow Jackets,Colorado Buffaloes,59,38.0,betmgm,h2h,Georgia Tech Yellow Jackets,-235.0,
1d6daad1c93bf7e5ae16be1db12e27d5,2026-09-03T16:58:24Z,2026-09-04T00:00:00Z,Georgia Tech Yellow Jackets,Colorado Buffaloes,59,38.0,betmgm,spreads,Colorado Buffaloes,-108.0,6.5
1d6daad1c93bf7e5ae16be1db12e27d5,2026-09-03T16:58:24Z,2026-09-04T00:00:00Z,Georgia Tech Yellow Jackets,Colorado Buffaloes,59,38.0,betmgm,spreads,Georgia Tech Yellow Jackets,-110.0,-6.5
1d6daad1c93bf7e5ae16be1db12e27d5,2026-09-03T16:58:24Z,2026-09-04T00:00:00Z,Georgia Tech Yellow Jackets,Colorado Buffaloes,59,38.0,betmgm,totals,Over,-108.0,51.5
1d6daad1c93bf7e5ae16be1db12e27d5,2026-09-03T16:58:24Z,2026-09-04T00:00:00Z,Georgia Tech Yellow Jackets,Colorado Buffaloes,59,38.0,betmgm,totals,Under,-110.0,51.5
1d6daad1c93bf7e5ae16be1db12e27d5,2026-09-03T16:58:24Z,2026-09-04T00:00:00Z,Georgia Tech Yellow Jackets,Colorado Buffaloes,59,38.0,betrivers,h2h,Colorado Buffaloes,200.0,
1d6daad1c93bf7e5ae16be1db12e27d5,2026-09-03T16:58:24Z,2026-09-04T00:00:00Z,Georgia Tech Yellow Jackets,Colorado Buffaloes,59,38.0,betrivers,h2h,Georgia Tech Yellow Jackets,-265.0,
1d6daad1c93bf7e5ae16be1db12e27d5,2026-09-03T16:58:24Z,2026-09-04T00:00:00Z,Georgia Tech Yellow Jackets,Colorado Buffaloes,59,38.0,betrivers,spreads,Colorado Buffaloes,-113.0,6.5
1d6daad1c93bf7e5ae16be1db12e27d5,2026-09-03T16:58:24Z,2026-09-04T00:00:00Z,Georgia Tech Yellow Jackets,Colorado Buffaloes,59,38.0,betrivers,spreads,Georgia Tech Yellow Jackets,-110.0,-6.5
1d6daad1c93bf7e5ae16be1db12e27d5,2026-09-03T16:58:24Z,2026-09-04T00:00:00Z,Georgia Tech Yellow Jackets,Colorado Buffaloes,59,38.0,betrivers,totals,Over,-110.0,51.0
1d6daad1c93bf7e5ae16be1db12e27d5,2026-09-03T16:58:24Z,2026-09-04T00:00:00Z,Georgia Tech Yellow Jackets,Colorado Buffaloes,59,38.0,betrivers,totals,Under,-113.0,51.0
1d6daad1c93bf7e5ae16be1db12e27d5,2026-09-03T16:58:24Z,2026-09-04T00:00:00Z,Georgia Tech Yellow Jackets,Colorado Buffaloes,59,38.0,mybookieag,h2h,Colorado Buffaloes,200.0,
1d6daad1c93bf7e5ae16be1db12e27d5,2026-09-03T16:58:24Z,2026-09-04T00:00:00Z,Georgia Tech Yellow Jackets,Colorado Buffaloes,59,38.0,mybookieag,h2h,Georgia Tech Yellow Jackets,-255.0,
1d6daad1c93bf7e5ae16be1db12e27d5,2026-09-03T16:58:24Z,2026-09-04T00:00:00Z,Georgia Tech Yellow Jackets,Colorado Buffaloes,59,38.0,mybookieag,spreads,Colorado Buffaloes,-110.0,6.5
1d6daad1c93bf7e5ae16be1db12e27d5,2026-09-03T16:58:24Z,2026-09-04T00:00:00Z,Georgia Tech Yellow Jackets,Colorado Buffaloes,59,38.0,mybookieag,spreads,Georgia Tech Yellow Jackets,-110.0,-6.5
1d6daad1c93bf7e5ae16be1db12e27d5,2026-09-03T16:58:24Z,2026-09-04T00:00:00Z,Georgia Tech Yellow Jackets,Colorado Buffaloes,59,38.0,mybookieag,totals,Over,-110.0,51.5
1d6daad1c93bf7e5ae16be1db12e27d5,2026-09-03T16:58:24Z,2026-09-04T00:00:00Z,Georgia Tech Yellow Jackets,Colorado Buffaloes,59,38.0,mybookieag,totals,Under,-110.0,51.5
e746bf44bc7bb95a7686770723882d70,2026-09-03T16:58:24Z,2026-09-04T00:00:00Z,Minnesota Golden Gophers,Eastern Illinois Panthers,135,,fanduel,spreads,Eastern Illinois Panthers,-112.0,42.5
e746bf44bc7bb95a7686770723882d70,2026-09-03T16:58:24Z,2026-09-04T00:00:00Z,Minnesota Golden Gophers,Eastern Illinois Panthers,135,,fanduel,spreads,Minnesota Golden Gophers,-108.0,-42.5
e746bf44bc7bb95a7686770723882d70,2026-09-03T16:58:24Z,2026-09-04T00:00:00Z,Minnesota Golden Gophers,Eastern Illinois Panthers,135,,fanduel,totals,Over,-110.0,52.5
e746bf44bc7bb95a7686770723882d70,2026-09-03T16:58:24Z,2026-09-04T00:00:00Z,Minnesota Golden Gophers,Eastern Illinois Panthers,135,,fanduel,totals,Under,-110.0,52.5
e746bf44bc7bb95a7686770723882d70,2026-09-03T16:58:24Z,2026-09-04T00:00:00Z,Minnesota Golden Gophers,Eastern Illinois Panthers,135,,draftkings,spreads,Eastern Illinois Panthers,-115.0,42.5
e746bf44bc7bb95a7686770723882d70,2026-09-03T16:58:24Z,2026-09-04T00:00:00Z,Minnesota Golden Gophers,Eastern Illinois Panthers,135,,draftkings,spreads,Minnesota Golden Gophers,-105.0,-42.5
e746bf44bc7bb95a7686770723882d70,2026-09-03T16:58:24Z,2026-09-04T00:00:00Z,Minnesota Golden Gophers,Eastern Illinois Panthers,135,,draftkings,totals,Over,102.0,52.5
e746bf44bc7bb95a7686770723882d70,2026-09-03T16:58:24Z,2026-09-04T00:00:00Z,Minnesota Golden Gophers,Eastern Illinois Panthers,135,,draftkings,totals,Under,-122.0,52.5
e746bf44bc7bb95a7686770723882d70,2026-09-03T16:58:24Z,2026-09-04T00:00:00Z,Minnesota Golden Gophers,Eastern Illinois Panthers,135,,betrivers,spreads,Eastern Illinois Panthers,-110.0,42.5
e746bf44bc7bb95a7686770723882d70,2026-09-03T16:58:24Z,2026-09-04T00:00:00Z,Minnesota Golden Gophers,Eastern Illinois Panthers,135,,betrivers,spreads,Minnesota Golden Gophers,-113.0,-42.5
e746bf44bc7bb95a7686770723882d70,2026-09-03T16:58:24Z,2026-09-04T00:00:00Z,Minnesota Golden Gophers,Eastern Illinois Panthers,135,,betrivers,totals,Over,-109.0,52.0
e746bf44bc7bb95a7686770723882d70,2026-09-03T16:58:24Z,2026-09-04T00:00:00Z,Minnesota Golden Gophers,Eastern Illinois Panthers,135,,betrivers,totals,Under,-114.0,52.0
e746bf44bc7bb95a7686770723882d70,2026-09-03T16:58:24Z,2026-09-04T00:00:00Z,Minnesota Golden Gophers,Eastern Illinois Panthers,135,,betonlineag,spreads,Eastern Illinois Panthers,-115.0,42.5
e746bf44bc7bb95a7686770723882d70,2026-09-03T16:58:24Z,2026-09-04T00:00:00Z,Minnesota Golden Gophers,Eastern Illinois Panthers,135,,betonlineag,spreads,Minnesota Golden Gophers,-115.0,-42.5
e746bf44bc7bb95a7686770723882d70,2026-09-03T16:58:24Z,2026-09-04T00:00:00Z,Minnesota Golden Gophers,Eastern Illinois Panthers,135,,betonlineag,totals,Over,-120.0,51.5
e746bf44bc7bb95a7686770723882d70,2026-09-03T16:58:24Z,2026-09-04T00:00:00Z,Minnesota Golden Gophers,Eastern Illinois Panthers,135,,betonlineag,totals,Under,-110.0,51.5
e746bf44bc7bb95a7686770723882d70,2026-09-03T16:58:24Z,2026-09-04T00:00:00Z,Minnesota Golden Gophers,Eastern Illinois Panthers,135,,betmgm,spreads,Eastern Illinois Panthers,-108.0,42.5
e746bf44bc7bb95a7686770723882d70,2026-09-03T16:58:24Z,2026-09-04T00:00:00Z,Minnesota Golden Gophers,Eastern Illinois Panthers,135,,betmgm,spreads,Minnesota Golden Gophers,-110.0,-42.5
e746bf44bc7bb95a7686770723882d70,2026-09-03T16:58:24Z,2026-09-04T00:00:00Z,Minnesota Golden Gophers,Eastern Illinois Panthers,135,,betmgm,totals,Over,-112.0,51.5
e746bf44bc7bb95a7686770723882d70,2026-09-03T16:58:24Z,2026-09-04T00:00:00Z,Minnesota Golden Gophers,Eastern Illinois Panthers,135,,betmgm,totals,Under,-105.0,51.5
e746bf44bc7bb95a7686770723882d70,2026-09-03T16:58:24Z,2026-09-04T00:00:00Z,Minnesota Golden Gophers,Eastern Illinois Panthers,135,,mybookieag,h2h,Eastern Illinois Panthers,1575.0,
e746bf44bc7bb95a7686770723882d70,2026-09-03T16:58:24Z,2026-09-04T00:00:00Z,Minnesota Golden Gophers,Eastern Illinois Panthers,135,,mybookieag,h2h,Minnesota Golden Gophers,-100000.0,
e746bf44bc7bb95a7686770723882d70,2026-09-03T16:58:24Z,2026-09-04T00:00:00Z,Minnesota Golden Gophers,Eastern Illinois Panthers,135,,mybookieag,spreads,Eastern Illinois Panthers,-110.0,42.0
e746bf44bc7bb95a7686770723882d70,2026-09-03T16:58:24Z,2026-09-04T00:00:00Z,Minnesota Golden Gophers,Eastern Illinois Panthers,135,,mybookieag,spreads,Minnesota Golden Gophers,-110.0,-42.0
e746bf44bc7bb95a7686770723882d70,2026-09-03T16:58:24Z,2026-09-04T00:00:00Z,Minnesota Golden Gophers,Eastern Illinois Panthers,135,,mybookieag,totals,Over,-110.0,51.5
e746bf44bc7bb95a7686770723882d70,2026-09-03T16:58:24Z,2026-09-04T00:00:00Z,Minnesota Golden Gophers,Eastern Illinois Panthers,135,,mybookieag,totals,Under,-110.0,51.5
86e3c86de584357bb263fa4ae819ed30,2026-09-03T16:58:24Z,2026-09-04T01:00:00Z,Utah Utes,Idaho Vandals,254,,fanduel,spreads,Idaho Vandals,-105.0,36.5
86e3c86de584357bb263fa4ae819ed30,2026-09-03T16:58:24Z,2026-09-04T01:00:00Z,Utah Utes,Idaho Vandals,254,,fanduel,spreads,Utah Utes,-115.0,-36.5
86e3c86de584357bb263fa4ae819ed30,2026-09-03T16:58:24Z,2026-09-04T01:00:00Z,Utah Utes,Idaho Vandals,254,,fanduel,totals,Over,-115.0,58.5
86e3c86de584357bb263fa4ae819ed30,2026-09-03T16:58:24Z,2026-09-04T01:00:00Z,Utah Utes,Idaho Vandals,254,,fanduel,totals,Under,-105.0,58.5
86e3c86de584357bb263fa4ae819ed30,2026-09-03T16:58:24Z,2026-09-04T01:00:00Z,Utah Utes,Idaho Vandals,254,,mybookieag,h2h,Idaho Vandals,1500.0,
86e3c86de584357bb263fa4ae819ed30,2026-09-03T16:58:24Z,2026-09-04T01:00:00Z,Utah Utes,Idaho Vandals,254,,mybookieag,h2h,Utah Utes,-50000.0,
86e3c86de584357bb263fa4ae819ed30,2026-09-03T16:58:24Z,2026-09-04T01:00:00Z,Utah Utes,Idaho Vandals,254,,mybookieag,totals,Over,-110.0,59.0
86e3c86de584357bb263fa4ae819ed30,2026-09-03T16:58:24Z,2026-09-04T01:00:00Z,Utah Utes,Idaho Vandals,254,,mybookieag,totals,Under,-110.0,59.0
86e3c86de584357bb263fa4ae819ed30,2026-09-03T16:58:24Z,2026-09-04T01:00:00Z,Utah Utes,Idaho Vandals,254,,draftkings,h2h,Idaho Vandals,5000.0,
86e3c86de584357bb263fa4ae819ed30,2026-09-03T16:58:24Z,2026-09-04T01:00:00Z,Utah Utes,Idaho Vandals,254,,draftkings,h2h,Utah Utes,-100000.0,
86e3c86de584357bb263fa4ae819ed30,2026-09-03T16:58:24Z,2026-09-04T01:00:00Z,Utah Utes,Idaho Vandals,254,,draftkings,spreads,Idaho Vandals,-108.0,36.5
86e3c86de584357bb263fa4ae819ed30,2026-09-03T16:58:24Z,2026-09-04T01:00:00Z,Utah Utes,Idaho Vandals,254,,draftkings,spreads,Utah Utes,-112.0,-36.5
86e3c86de584357bb263fa4ae819ed30,2026-09-03T16:58:24Z,2026-09-04T01:00:00Z,Utah Utes,Idaho Vandals,254,,draftkings,totals,Over,-108.0,59.5
86e3c86de584357bb263fa4ae819ed30,2026-09-03T16:58:24Z,2026-09-04T01:00:00Z,Utah Utes,Idaho Vandals,254,,draftkings,totals,Under,-112.0,59.5
86e3c86de584357bb263fa4ae819ed30,2026-09-03T16:58:24Z,2026-09-04T01:00:00Z,Utah Utes,Idaho Vandals,254,,betrivers,spreads,Idaho Vandals,-110.0,36.5
86e3c86de584357bb263fa4ae819ed30,2026-09-03T16:58:24Z,2026-09-04T01:00:00Z,Utah Utes,Idaho Vandals,254,,betrivers,spreads,Utah Utes,-113.0,-36.5
86e3c86de584357bb263fa4ae819ed30,2026-09-03T16:58:24Z,2026-09-04T01:00:00Z,Utah Utes,Idaho Vandals,254,,betrivers,totals,Over,-109.0,59.0
86e3c86de584357bb263fa4ae819ed30,2026-09-03T16:58:24Z,2026-09-04T01:00:00Z,Utah Utes,Idaho Vandals,254,,betrivers,totals,Under,-114.0,59.0
86e3c86de584357bb263fa4ae819ed30,2026-09-03T16:58:24Z,2026-09-04T01:00:00Z,Utah Utes,Idaho Vandals,254,,betonlineag,spreads,Idaho Vandals,-105.0,37.0
86e3c86de584357bb263fa4ae819ed30,2026-09-03T16:58:24Z,2026-09-04T01:00:00Z,Utah Utes,Idaho Vandals,254,,betonlineag,spreads,Utah Utes,-125.0,-37.0
86e3c86de584357bb263fa4ae819ed30,2026-09-03T16:58:24Z,2026-09-04T01:00:00Z,Utah Utes,Idaho Vandals,254,,betonlineag,totals,Over,-125.0,59.0
86e3c86de584357bb263fa4ae819ed30,2026-09-03T16:58:24Z,2026-09-04T01:00:00Z,Utah Utes,Idaho Vandals,254,,betonlineag,totals,Under,-105.0,59.0
86e3c86de584357bb263fa4ae819ed30,2026-09-03T16:58:24Z,2026-09-04T01:00:00Z,Utah Utes,Idaho Vandals,254,,betmgm,h2h,Idaho Vandals,5000.0,
86e3c86de584357bb263fa4ae819ed30,2026-09-03T16:58:24Z,2026-09-04T01:00:00Z,Utah Utes,Idaho Vandals,254,,betmgm,h2h,Utah Utes,-50000.0,
86e3c86de584357bb263fa4ae819ed30,2026-09-03T16:58:24Z,2026-09-04T01:00:00Z,Utah Utes,Idaho Vandals,254,,betmgm,spreads,Idaho Vandals,-108.0,37.0
86e3c86de584357bb263fa4ae819ed30,2026-09-03T16:58:24Z,2026-09-04T01:00:00Z,Utah Utes,Idaho Vandals,254,,betmgm,spreads,Utah Utes,-110.0,-37.0
86e3c86de584357bb263fa4ae819ed30,2026-09-03T16:58:24Z,2026-09-04T01:00:00Z,Utah Utes,Idaho Vandals,254,,betmgm,totals,Over,-102.0,59.5
86e3c86de584357bb263fa4ae819ed30,2026-09-03T16:58:24Z,2026-09-04T01:00:00Z,Utah Utes,Idaho Vandals,254,,betmgm,totals,Under,-118.0,59.5
1697069330d0343bdf7930ac0b0c3863,2026-09-03T16:58:24Z,2026-09-04T01:00:00Z,Illinois Fighting Illini,UAB Blazers,356,5.0,draftkings,h2h,Illinois Fighting Illini,-4500.0,
1697069330d0343bdf7930ac0b0c3863,2026-09-03T16:58:24Z,2026-09-04T01:00:00Z,Illinois Fighting Illini,UAB Blazers,356,5.0,draftkings,h2h,UAB Blazers,1700.0,
1697069330d0343bdf7930ac0b0c3863,2026-09-03T16:58:24Z,2026-09-04T01:00:00Z,Illinois Fighting Illini,UAB Blazers,356,5.0,draftkings,spreads,Illinois Fighting Illini,-112.0,-27.5
1697069330d0343bdf7930ac0b0c3863,2026-09-03T16:58:24Z,2026-09-04T01:00:00Z,Illinois Fighting Illini,UAB Blazers,356,5.0,draftkings,spreads,UAB Blazers,-108.0,27.5
1697069330d0343bdf7930ac0b0c3863,2026-09-03T16:58:24Z,2026-09-04T01:00:00Z,Illinois Fighting Illini,UAB Blazers,356,5.0,draftkings,totals,Over,-112.0,54.5
1697069330d0343bdf7930ac0b0c3863,2026-09-03T16:58:24Z,2026-09-04T01:00:00Z,Illinois Fighting Illini,UAB Blazers,356,5.0,draftkings,totals,Under,-108.0,54.5
1697069330d0343bdf7930ac0b0c3863,2026-09-03T16:58:24Z,2026-09-04T01:00:00Z,Illinois Fighting Illini,UAB Blazers,356,5.0,betus,spreads,Illinois Fighting Illini,-110.0,-27.5
1697069330d0343bdf7930ac0b0c3863,2026-09-03T16:58:24Z,2026-09-04T01:00:00Z,Illinois Fighting Illini,UAB Blazers,356,5.0,betus,spreads,UAB Blazers,-110.0,27.5
1697069330d0343bdf7930ac0b0c3863,2026-09-03T16:58:24Z,2026-09-04T01:00:00Z,Illinois Fighting Illini,UAB Blazers,356,5.0,betus,totals,Over,-110.0,54.0
1697069330d0343bdf7930ac0b0c3863,2026-09-03T16:58:24Z,2026-09-04T01:00:00Z,Illinois Fighting Illini,UAB Blazers,356,5.0,betus,totals,Under,-110.0,54.0
1697069330d0343bdf7930ac0b0c3863,2026-09-03T16:58:24Z,2026-09-04T01:00:00Z,Illinois Fighting Illini,UAB Blazers,356,5.0,betonlineag,h2h,Illinois Fighting Illini,-5000.0,
1697069330d0343bdf7930ac0b0c3863,2026-09-03T16:58:24Z,2026-09-04T01:00:00Z,Illinois Fighting Illini,UAB Blazers,356,5.0,betonlineag,h2h,UAB Blazers,1550.0,
1697069330d0343bdf7930ac0b0c3863,2026-09-03T16:58:24Z,2026-09-04T01:00:00Z,Illinois Fighting Illini,UAB Blazers,356,5.0,betonlineag,spreads,Illinois Fighting Illini,-105.0,-27.5
1697069330d0343bdf7930ac0b0c3863,2026-09-03T16:58:24Z,2026-09-04T01:00:00Z,Illinois Fighting Illini,UAB Blazers,356,5.0,betonlineag,spreads,UAB Blazers,-115.0,27.5
1697069330d0343bdf7930ac0b0c3863,2026-09-03T16:58:24Z,2026-09-04T01:00:00Z,Illinois Fighting Illini,UAB Blazers,356,5.0,betonlineag,totals,Over,-110.0,54.0
1697069330d0343bdf7930ac0b0c3863,2026-09-03T16:58:24Z,2026-09-04T01:00:00Z,Illinois Fighting Illini,UAB Blazers,356,5.0,betonlineag,totals,Under,-110.0,54.0
1697069330d0343bdf7930ac0b0c3863,2026-09-03T16:58:24Z,2026-09-04T01:00:00Z,Illinois Fighting Illini,UAB Blazers,356,5.0,lowvig,h2h,Illinois Fighting Illini,-5000.0,
1697069330d0343bdf7930ac0b0c3863,2026-09-03T16:58:24Z,2026-09-04T01:00:00Z,Illinois Fighting Illini,UAB Blazers,356,5.0,lowvig,h2h,UAB Blazers,1550.0,
1697069330d0343bdf7930ac0b0c3863,2026-09-03T16:58:24Z,2026-09-04T01:00:00Z,Illinois Fighting Illini,UAB Blazers,356,5.0,lowvig,spreads,Illinois Fighting Illini,-106.0,-27.5
1697069330d0343bdf7930ac0b0c3863,2026-09-03T16:58:24Z,2026-09-04T01:00:00Z,Illinois Fighting Illini,UAB Blazers,356,5.0,lowvig,spreads,UAB Blazers,-106.0,27.5
1697069330d0343bdf7930ac0b0c3863,2026-09-03T16:58:24Z,2026-09-04T01:00:00Z,Illinois Fighting Illini,UAB Blazers,356,5.0,lowvig,totals,Over,-108.0,54.0
1697069330d0343bdf7930ac0b0c3863,2026-09-03T16:58:24Z,2026-09-04T01:00:00Z,Illinois Fighting Illini,UAB Blazers,356,5.0,lowvig,totals,Under,-108.0,54.0
1697069330d0343bdf7930ac0b0c3863,2026-09-03T16:58:24Z,2026-09-04T01:00:00Z,Illinois Fighting Illini,UAB Blazers,356,5.0,fanduel,h2h,Illinois Fighting Illini,-4500.0,
1697069330d0343bdf7930ac0b0c3863,2026-09-03T16:58:24Z,2026-09-04T01:00:00Z,Illinois Fighting Illini,UAB Blazers,356,5.0,fanduel,h2h,UAB Blazers,1600.0,
1697069330d0343bdf7930ac0b0c3863,2026-09-03T16:58:24Z,2026-09-04T01:00:00Z,Illinois Fighting Illini,UAB Blazers,356,5.0,fanduel,spreads,Illinois Fighting Illini,-108.0,-27.5
1697069330d0343bdf7930ac0b0c3863,2026-09-03T16:58:24Z,2026-09-04T01:00:00Z,Illinois Fighting Illini,UAB Blazers,356,5.0,fanduel,spreads,UAB Blazers,-112.0,27.5
1697069330d0343bdf7930ac0b0c3863,2026-09-03T16:58:24Z,2026-09-04T01:00:00Z,Illinois Fighting Illini,UAB Blazers,356,5.0,fanduel,totals,Over,-110.0,54.5
1697069330d0343bdf7930ac0b0c3863,2026-09-03T16:58:24Z,2026-09-04T01:00:00Z,Illinois Fighting Illini,UAB Blazers,356,5.0,fanduel,totals,Under,-110.0,54.5
1697069330d0343bdf7930ac0b0c3863,2026-09-03T16:58:24Z,2026-09-04T01:00:00Z,Illinois Fighting Illini,UAB Blazers,356,5.0,betmgm,h2h,Illinois Fighting Illini,-5000.0,
1697069330d0343bdf7930ac0b0c3863,2026-09-03T16:58:24Z,2026-09-04T01:00:00Z,Illinois Fighting Illini,UAB Blazers,356,5.0,betmgm,h2h,UAB Blazers,1900.0,
1697069330d0343bdf7930ac0b0c3863,2026-09-03T16:58:24Z,2026-09-04T01:00:00Z,Illinois Fighting Illini,UAB Blazers,356,5.0,betmgm,spreads,Illinois Fighting Illini,-108.0,-27.5
1697069330d0343bdf7930ac0b0c3863,2026-09-03T16:58:24Z,2026-09-04T01:00:00Z,Illinois Fighting Illini,UAB Blazers,356,5.0,betmgm,spreads,UAB Blazers,-110.0,27.5
1697069330d0343bdf7930ac0b0c3863,2026-09-03T16:58:24Z,2026-09-04T01:00:00Z,Illinois Fighting Illini,UAB Blazers,356,5.0,betmgm,totals,Over,-118.0,54.5
1697069330d0343bdf7930ac0b0c3863,2026-09-03T16:58:24Z,2026-09-04T01:00:00Z,Illinois Fighting Illini,UAB Blazers,356,5.0,betmgm,totals,Under,-102.0,54.5
1697069330d0343bdf7930ac0b0c3863,2026-09-03T16:58:24Z,2026-09-04T01:00:00Z,Illinois Fighting Illini,UAB Blazers,356,5.0,mybookieag,h2h,Illinois Fighting Illini,-10099.0,
1697069330d0343bdf7930ac0b0c3863,2026-09-03T16:58:24Z,2026-09-04T01:00:00Z,Illinois Fighting Illini,UAB Blazers,356,5.0,mybookieag,h2h,UAB Blazers,1455.0,
1697069330d0343bdf7930ac0b0c3863,2026-09-03T16:58:24Z,2026-09-04T01:00:00Z,Illinois Fighting Illini,UAB Blazers,356,5.0,mybookieag,spreads,Illinois Fighting Illini,-110.0,-27.5
1697069330d0343bdf7930ac0b0c3863,2026-09-03T16:58:24Z,2026-09-04T01:00:00Z,Illinois Fighting Illini,UAB Blazers,356,5.0,mybookieag,spreads,UAB Blazers,-110.0,27.5
1697069330d0343bdf7930ac0b0c3863,2026-09-03T16:58:24Z,2026-09-04T01:00:00Z,Illinois Fighting Illini,UAB Blazers,356,5.0,mybookieag,totals,Over,-110.0,54.5
1697069330d0343bdf7930ac0b0c3863,2026-09-03T16:58:24Z,2026-09-04T01:00:00Z,Illinois Fighting Illini,UAB Blazers,356,5.0,mybookieag,totals,Under,-110.0,54.5
1697069330d0343bdf7930ac0b0c3863,2026-09-03T16:58:24Z,2026-09-04T01:00:00Z,Illinois Fighting Illini,UAB Blazers,356,5.0,betrivers,spreads,Illinois Fighting Illini,-112.0,-27.5
1697069330d0343bdf7930ac0b0c3863,2026-09-03T16:58:24Z,2026-09-04T01:00:00Z,Illinois Fighting Illini,UAB Blazers,356,5.0,betrivers,spreads,UAB Blazers,-112.0,27.5
1697069330d0343bdf7930ac0b0c3863,2026-09-03T16:58:24Z,2026-09-04T01:00:00Z,Illinois Fighting Illini,UAB Blazers,356,5.0,betrivers,totals,Over,-113.0,54.5
1697069330d0343bdf7930ac0b0c3863,2026-09-03T16:58:24Z,2026-09-04T01:00:00Z,Illinois Fighting Illini,UAB Blazers,356,5.0,betrivers,totals,Under,-110.0,54.5
1697069330d0343bdf7930ac0b0c3863,2026-09-03T16:58:24Z,2026-09-04T01:00:00Z,Illinois Fighting Illini,UAB Blazers,356,5.0,bovada,totals,Over,-110.0,54.5
1697069330d0343bdf7930ac0b0c3863,2026-09-03T16:58:24Z,2026-09-04T01:00:00Z,Illinois Fighting Illini,UAB Blazers,356,5.0,bovada,totals,Under,-110.0,54.5
